[19:56:30] [main/INFO]: Loading Minecraft 1.21.1 with Fabric Loader 0.18.1
[19:56:30] [ForkJoinPool-1-worker-2/WARN]: Mod com_github_rtyley_animated-gif-lib-for-java uses the version animated-gif-lib-1.7 which isn't compatible with Loader's extended semantic version format (Could not parse version number component 'animated'!), SemVer is recommended for reliably evaluating dependencies and prioritizing newer version
[19:56:34] [main/INFO]: Loading 290 mods:
	- advancementdisable 1.0.0
	- antixray 1.4.6
	   \-- com_moandjiezana_toml_toml4j 0.7.2
	- architectury 13.0.8
	- athena 4.0.2
	- badgebox 1.1.1
	- balm 21.0.53
	   \-- kuma_api 21.0.7
	- beautify 1.3.0+1.21.1
	- biome_replacer 2.1-hippo
	   \-- mixinsquared 0.3.3
	- c2me 0.3.0+alpha.0.362+1.21.1
	   |-- c2me-base 0.3.0+alpha.0.362+1.21.1
	   |-- c2me-client-uncapvd 0.3.0+alpha.0.362+1.21.1
	   |-- c2me-fixes-chunkio-threading-issues 0.3.0+alpha.0.362+1.21.1
	   |-- c2me-fixes-general-threading-issues 0.3.0+alpha.0.362+1.21.1
	   |-- c2me-fixes-worldgen-threading-issues 0.3.0+alpha.0.362+1.21.1
	   |-- c2me-fixes-worldgen-vanilla-bugs 0.3.0+alpha.0.362+1.21.1
	   |-- c2me-notickvd 0.3.0+alpha.0.362+1.21.1
	   |-- c2me-opts-allocs 0.3.0+alpha.0.362+1.21.1
	   |-- c2me-opts-chunkio 0.3.0+alpha.0.362+1.21.1
	   |-- c2me-opts-dfc 0.3.0+alpha.0.362+1.21.1
	   |-- c2me-opts-math 0.3.0+alpha.0.362+1.21.1
	   |-- c2me-opts-scheduling 0.3.0+alpha.0.362+1.21.1
	   |-- c2me-opts-worldgen-general 0.3.0+alpha.0.362+1.21.1
	   |-- c2me-opts-worldgen-vanilla 0.3.0+alpha.0.362+1.21.1
	   |-- c2me-rewrites-chunk-serializer 0.3.0+alpha.0.362+1.21.1
	   |-- c2me-rewrites-chunk-system 0.3.0+alpha.0.362+1.21.1
	   |-- c2me-rewrites-chunkio 0.3.0+alpha.0.362+1.21.1
	   |-- c2me-server-utils 0.3.0+alpha.0.362+1.21.1
	   |-- c2me-threading-lighting 0.3.0+alpha.0.362+1.21.1
	   |-- com_ibm_async_asyncutil 0.1.0
	   |-- io_reactivex_rxjava3_rxjava 3.1.12
	   |-- net_objecthunter_exp4j 0.4.8
	   |-- org_jctools_jctools-core 4.0.5
	   \-- org_reactivestreams_reactive-streams 1.0.4
	- capture_xp 1.6.1-fabric-1.2.0
	- carved_wood 1.7.6
	   \-- cardinal-components-block 6.1.0
	- chunky 1.4.23
	- cloth-config 15.0.140
	   \-- cloth-basic-math 0.6.1
	- cobblecuisine 1.2
	- cobbledollars 2.0.0+Beta-5.1+1.21.1
	- cobblefurnies 0.6.3
	- cobblemon 1.6.1+1.21.1
	- cobblemon-additions 3.9.4
	- cobblemonboxlink 1.0.4
	- cobblenav 2.2.4
	- cobbleride 0.3.3+1.21.1
	- cobbleversebadges 1.2
	- cobbreeding 1.9.1
	- comforts 9.0.4+1.21.1
	   |-- cardinal-components-base 6.1.2
	   |-- cardinal-components-entity 6.1.2
	   \-- spectrelib 0.17.2+1.21
	        |-- com_electronwill_night-config_core 3.8.0
	        \-- com_electronwill_night-config_toml 3.8.0
	- cozyhome 1.1.15
	- debugify 1.21.1+1.0
	- defaultoptions 21.1.2
	- discord-mc-chat 2.7.0
	   |-- com_fasterxml_jackson_core_jackson-annotations 2.18.3
	   |-- com_fasterxml_jackson_core_jackson-core 2.18.3
	   |-- com_fasterxml_jackson_core_jackson-databind 2.18.3
	   |-- com_neovisionaries_nv-websocket-client 2.14
	   |-- com_squareup_okhttp3_okhttp 4.12.0
	   |-- com_squareup_okio_okio-jvm 3.6.0
	   |-- discord-mc-chat-1_21_1 2.7.0
	   |-- net_dv8tion_jda 5.6.1
	   |-- net_fellbaum_jemoji 1.7.4
	   |-- net_sf_trove4j_core 3.1.0
	   \-- org_apache_commons_commons-collections4 4.4
	- entityculling 1.9.0
	   \-- trender 1.0.7
	- essential_commands 0.35.2-mc1.21
	   |-- ec-core 1.3.0-mc1.21
	   |    |-- fabric-permissions-api-v0 0.3.1
	   |    |-- org_yaml_snakeyaml 2.0
	   |    \-- playerabilitylib 1.10.0
	   |-- fabric-permissions-api-v0 0.3.1
	   |-- org_yaml_snakeyaml 2.0
	   \-- playerabilitylib 1.10.0
	- fabric-api 0.116.7+1.21.1
	   |-- fabric-api-base 0.4.42+6573ed8c19
	   |-- fabric-api-lookup-api-v1 1.6.71+b559734419
	   |-- fabric-biome-api-v1 13.0.31+d527f9fd19
	   |-- fabric-block-api-v1 1.1.0+0bc3503219
	   |-- fabric-block-view-api-v2 1.0.11+ebb2264e19
	   |-- fabric-blockrenderlayer-v1 1.1.52+0af3f5a719
	   |-- fabric-client-tags-api-v1 1.1.15+6573ed8c19
	   |-- fabric-command-api-v1 1.2.49+f71b366f19
	   |-- fabric-command-api-v2 2.2.28+6ced4dd919
	   |-- fabric-commands-v0 0.2.66+df3654b319
	   |-- fabric-content-registries-v0 8.0.19+b559734419
	   |-- fabric-convention-tags-v1 2.1.5+7f945d5b19
	   |-- fabric-convention-tags-v2 2.11.1+a406e79519
	   |-- fabric-crash-report-info-v1 0.2.29+0af3f5a719
	   |-- fabric-data-attachment-api-v1 1.4.5+6116a37819
	   |-- fabric-data-generation-api-v1 20.2.34+37516cd619
	   |-- fabric-dimensions-v1 4.0.1+65213ef819
	   |-- fabric-entity-events-v1 1.8.0+2b27e0a419
	   |-- fabric-events-interaction-v0 0.7.13+ba9dae0619
	   |-- fabric-game-rule-api-v1 1.0.53+6ced4dd919
	   |-- fabric-item-api-v1 11.2.0+3b3cb2e819
	   |-- fabric-item-group-api-v1 4.1.7+def88e3a19
	   |-- fabric-key-binding-api-v1 1.0.47+0af3f5a719
	   |-- fabric-keybindings-v0 0.2.45+df3654b319
	   |-- fabric-lifecycle-events-v1 2.6.0+0865547519
	   |-- fabric-loot-api-v2 3.0.15+3f89f5a519
	   |-- fabric-loot-api-v3 1.0.3+3f89f5a519
	   |-- fabric-message-api-v1 6.0.14+8aaf3aca19
	   |-- fabric-model-loading-api-v1 2.1.0+b4d813fc19
	   |-- fabric-networking-api-v1 4.3.0+c7469b2119
	   |-- fabric-object-builder-api-v1 15.2.1+40875a9319
	   |-- fabric-particles-v1 4.0.2+6573ed8c19
	   |-- fabric-recipe-api-v1 5.0.15+2475392c19
	   |-- fabric-registry-sync-v0 5.3.1+e3eddc2119
	   |-- fabric-renderer-api-v1 3.4.1+b4d813fc19
	   |-- fabric-renderer-indigo 1.7.1+c705a49c19
	   |-- fabric-renderer-registries-v1 3.2.69+df3654b319
	   |-- fabric-rendering-data-attachment-v1 0.3.49+73761d2e19
	   |-- fabric-rendering-fluids-v1 3.1.6+1daea21519
	   |-- fabric-rendering-v0 1.1.72+df3654b319
	   |-- fabric-rendering-v1 5.1.0+ab4c25a019
	   |-- fabric-resource-conditions-api-v1 4.3.0+8dc279b119
	   |-- fabric-resource-loader-v0 1.3.1+5b5275af19
	   |-- fabric-screen-api-v1 2.0.25+8b68f1c719
	   |-- fabric-screen-handler-api-v1 1.3.90+b559734419
	   |-- fabric-sound-api-v1 1.0.23+6573ed8c19
	   |-- fabric-transfer-api-v1 5.4.3+c24bd99419
	   \-- fabric-transitive-access-wideners-v1 6.2.0+45b9699719
	- fabric-language-kotlin 1.13.6+kotlin.2.2.20
	   |-- org_jetbrains_kotlin_kotlin-reflect 2.2.20
	   |-- org_jetbrains_kotlin_kotlin-stdlib 2.2.20
	   |-- org_jetbrains_kotlin_kotlin-stdlib-jdk7 2.2.20
	   |-- org_jetbrains_kotlin_kotlin-stdlib-jdk8 2.2.20
	   |-- org_jetbrains_kotlinx_atomicfu-jvm 0.29.0
	   |-- org_jetbrains_kotlinx_kotlinx-coroutines-core-jvm 1.10.2
	   |-- org_jetbrains_kotlinx_kotlinx-coroutines-jdk8 1.10.2
	   |-- org_jetbrains_kotlinx_kotlinx-datetime-jvm 0.7.1
	   |-- org_jetbrains_kotlinx_kotlinx-io-bytestring-jvm 0.8.0
	   |-- org_jetbrains_kotlinx_kotlinx-io-core-jvm 0.8.0
	   |-- org_jetbrains_kotlinx_kotlinx-serialization-cbor-jvm 1.9.0
	   |-- org_jetbrains_kotlinx_kotlinx-serialization-core-jvm 1.9.0
	   \-- org_jetbrains_kotlinx_kotlinx-serialization-json-jvm 1.9.0
	- fabricloader 0.18.1
	   \-- mixinextras 0.5.0
	- fancymenu 3.7.0
	   |-- com_github_keksuccino_japng 0.5.3
	   \-- com_github_rtyley_animated-gif-lib-for-java animated-gif-lib-1.7
	- ferritecore 7.0.2-hotfix
	- fightorflight 0.8.4
	- forgeconfigapiport 21.1.4
	   |-- com_electronwill_night-config_core 3.8.0
	   \-- com_electronwill_night-config_toml 3.8.0
	- forgivingvoid 21.1.5
	- geckolib 4.8.2
	- globalpacks 21.0.6
	   |-- com_electronwill_night-config_core 3.8.0
	   \-- com_electronwill_night-config_toml 3.8.0
	- handcrafted 4.0.3
	- highlight 3.5.0
	- hugestructureblocks 1.1.6
	- iceberg 1.3.2
	- interactic 0.2.3+1.21
	- java 21
	- konkrete 1.9.9
	- krypton 0.2.8
	   \-- com_velocitypowered_velocity-native 3.3.0-SNAPSHOT
	- lenientdeath 1.2.5+1.21.1
	   |-- jackfredlib-base 1.4.0+1.21
	   |-- jackfredlib-colour 1.1.0+1.21
	   |-- jackfredlib-config 0.2.3+1.21
	   |    |-- blue_endless_jankson 1.2.3
	   |    |-- commons-io_commons-io 2.15.1
	   |    \-- jackfredlib-base 1.4.0+1.21
	   |-- jackfredlib-lying 0.5.5+1.21
	   \-- server_translations_api 2.3.1+1.21-pre2
	        \-- packet_tweaker 0.5.1+24w03b
	- libjf 3.17.3
	   |-- libjf-base 3.17.3
	   |-- libjf-config-commands 3.17.3
	   |-- libjf-config-core-v2 3.17.3
	   |-- libjf-config-network-v0 3.17.3
	   |-- libjf-config-ui-tiny 3.17.3
	   |-- libjf-data-manipulation-v0 3.17.3
	   |-- libjf-data-v0 3.17.3
	   |-- libjf-mainhttp-v0 3.17.3
	   |-- libjf-resource-pack-entry-widgets-v0 3.17.3
	   |-- libjf-translate-v1 3.17.3
	   |-- libjf-unsafe-v0 3.17.3
	   \-- libjf-web-v1 3.17.3
	- lithium 0.15.1+mc1.21.1
	- loadsupport 1.1.0-fabric-1.21.1
	- lumymon 0.4.7-2
	- mega_showdown 10.0.8-release-fabric
	- melody 1.0.10
	- midnightlib 1.7.5
	- minecraft 1.21.1
	- moarconcrete 1.3.1
	- mobsbegone 0.0.7
	- modernfix 5.24.3+mc1.21.1
	- more_cobblemon_tweaks 1.1.3
	- nethermap 4.0.0-1.21.1
	- netherportalfix 21.1.3
	- noisium 2.3.0+mc1.21-1.21.1
	- notenoughanimations 1.10.4.1
	   \-- transition 1.0.6
	- notenoughcrashes 4.4.9+1.21.1
	- obc 1.2.0
	- owo 0.12.15.4+1.21
	   |-- io_wispforest_endec 0.1.5.1
	   |-- io_wispforest_endec_gson 0.1.3.1
	   |-- io_wispforest_endec_jankson 0.1.3.1
	   \-- io_wispforest_endec_netty 0.1.2
	- packetfixer 3.3.0
	- pasture-loot 1.0.2+1.21.1
	- ping-wheel 1.11.1
	- player_roles 1.6.13
	   |-- more_codecs 0.3.3+1.20.2
	   \-- player_roles_api 1.6.13
	- playerxp 1.0.2+1.21.1
	- pokeblocks 1.4.0-1.21.1
	- rctapi 0.13.9-beta
	- rctmod 0.16.9-beta
	- repurposed_structures 7.5.17+1.21.1-fabric
	- resourcefullib 3.0.12
	   |-- com_teamresourceful_bytecodecs 1.1.2
	   \-- com_teamresourceful_yabn 1.0.3
	- respackopts 4.11.3
	   |-- io_gitlab_jfronny_muscript-all 2.0.0-SNAPSHOT
	   \-- io_gitlab_jfronny_muscript-json 2.0.0-SNAPSHOT
	- roughlyenoughitems 16.0.799
	   \-- error_notifier 1.0.11
	- safepastures 1.1.0+1.21.1
	- sophisticatedbackpacks 1.21.1-3.23.4.3.106
	- sophisticatedcore 1.21.1-1.2.9.19.161
	   |-- porting_lib_conditions 3.1.0-beta.47+1.21.1
	   |-- porting_lib_core 3.1.0-beta.47+1.21.1
	   |-- porting_lib_fluids 3.1.0-beta.47+1.21.1
	   |-- porting_lib_item_abilities 3.1.0-beta.47+1.21.1
	   |-- porting_lib_lazy_registration 3.1.0-beta.47+1.21.1
	   |-- porting_lib_level_events 3.1.0-beta.47+1.21.1
	   |-- porting_lib_loot 3.1.0-beta.47+1.21.1
	   |-- porting_lib_model_loader 3.1.0-beta.47+1.21.1
	   |-- porting_lib_render_types 3.1.0-beta.47+1.21.1
	   |-- porting_lib_transfer 3.1.0-beta.47+1.21.1
	   \-- team_reborn_energy 4.1.0
	- sophisticatedstorage 1.21.1-1.3.7.7.133
	- sound_physics_remastered 1.21.1-1.4.10
	- soundsbegone 1.3.5
	   \-- com_posthog_java_posthog 1.1.0
	- spark 1.10.109
	   \-- fabric-permissions-api-v0 0.3.1
	- squaremap 1.3.2
	   |-- adventure-platform-fabric 5.14.1
	   |    |-- net_kyori_adventure-api 4.17.0
	   |    |-- net_kyori_adventure-key 4.17.0
	   |    |-- net_kyori_adventure-platform-api 4.3.3
	   |    |-- net_kyori_adventure-text-logger-slf4j 4.17.0
	   |    |-- net_kyori_adventure-text-minimessage 4.17.0
	   |    |-- net_kyori_adventure-text-serializer-ansi 4.17.0
	   |    |-- net_kyori_adventure-text-serializer-gson 4.17.0
	   |    |-- net_kyori_adventure-text-serializer-json 4.17.0
	   |    |-- net_kyori_adventure-text-serializer-plain 4.17.0
	   |    |-- net_kyori_ansi 1.1.0
	   |    |-- net_kyori_examination-api 1.3.0
	   |    |-- net_kyori_examination-string 1.3.0
	   |    \-- net_kyori_option 1.0.0
	   |-- cloud 2.0.0-beta.9
	   |    |-- fabric-permissions-api-v0 0.3.1
	   |    |-- io_leangen_geantyref_geantyref 1.3.15
	   |    |-- org_incendo_cloud-brigadier 2.0.0-beta.9
	   |    |-- org_incendo_cloud-core 2.0.0
	   |    |-- org_incendo_cloud-minecraft-modded-common-fabric-repack_ 2.0.0-beta.9
	   |    \-- org_incendo_cloud-services 2.0.0
	   |-- org_incendo_cloud-minecraft-extras 2.0.0-beta.10
	   |-- org_incendo_cloud-processors-common 1.0.0-beta.3
	   \-- org_incendo_cloud-processors-confirmation 1.0.0-beta.3
	- stackdeobfuscator 1.4.3+08e71cc
	   |-- net_fabricmc_mapping-io 0.6.1
	   \-- stackdeobfuscator-common 1.4.3+08e71cc
	- styledchat 2.6.1+1.21
	   |-- fabric-permissions-api-v0 0.3.1
	   |-- placeholder-api 2.4.2+1.21
	   |-- player-data-api 0.6.0+1.21
	   \-- predicate-api 0.5.1+1.21
	- styledplayerlist 3.5.1+1.21
	   |-- fabric-permissions-api-v0 0.3.1
	   \-- player-data-api 0.6.0+1.21
	- supermartijn642configlib 1.1.8
	- tabtps-fabric 1.3.25
	   |-- adventure-platform-fabric 5.14.1
	   |    |-- net_kyori_adventure-api 4.17.0
	   |    |-- net_kyori_adventure-key 4.17.0
	   |    |-- net_kyori_adventure-platform-api 4.3.3
	   |    |-- net_kyori_adventure-text-logger-slf4j 4.17.0
	   |    |-- net_kyori_adventure-text-minimessage 4.17.0
	   |    |-- net_kyori_adventure-text-serializer-ansi 4.17.0
	   |    |-- net_kyori_adventure-text-serializer-gson 4.17.0
	   |    |-- net_kyori_adventure-text-serializer-json 4.17.0
	   |    |-- net_kyori_adventure-text-serializer-plain 4.17.0
	   |    |-- net_kyori_ansi 1.1.0
	   |    |-- net_kyori_examination-api 1.3.0
	   |    |-- net_kyori_examination-string 1.3.0
	   |    \-- net_kyori_option 1.0.0
	   |-- cloud 2.0.0-beta.9
	   |    |-- fabric-permissions-api-v0 0.3.1
	   |    |-- io_leangen_geantyref_geantyref 1.3.15
	   |    |-- org_incendo_cloud-brigadier 2.0.0-beta.9
	   |    |-- org_incendo_cloud-core 2.0.0
	   |    |-- org_incendo_cloud-minecraft-modded-common-fabric-repack_ 2.0.0-beta.9
	   |    \-- org_incendo_cloud-services 2.0.0
	   |-- com_typesafe_config 1.4.3
	   |-- net_kyori_adventure-serializer-configurate4 4.17.0
	   |-- net_kyori_adventure-text-feature-pagination 4.0.0-SNAPSHOT
	   |-- net_kyori_adventure-text-serializer-legacy 4.17.0
	   |-- org_spongepowered_configurate-core 4.1.2
	   \-- org_spongepowered_configurate-hocon 4.1.2
	- terralith 2.5.8
	- tim_core 1.6.1-fabric-1.15.1
	- tmcraft 1.4.14+1.6.1
	- trinkets 3.10.0
	- villagerconfig 4.4.11
	   \-- fiber 0.23.0-2
	- waystones 21.1.23
	- xaerominimap 25.2.10
	- xaeroworldmap 1.39.12
	- yet_another_config_lib_v3 3.7.1+1.21.1-fabric
	   |-- com_twelvemonkeys_common_common-image 3.12.0
	   |-- com_twelvemonkeys_common_common-io 3.12.0
	   |-- com_twelvemonkeys_common_common-lang 3.12.0
	   |-- com_twelvemonkeys_imageio_imageio-core 3.12.0
	   |-- com_twelvemonkeys_imageio_imageio-metadata 3.12.0
	   |-- com_twelvemonkeys_imageio_imageio-webp 3.12.0
	   |-- org_quiltmc_parsers_gson 0.2.1
	   \-- org_quiltmc_parsers_json 0.2.1
[19:56:35] [main/INFO]: SpongePowered MIXIN Subsystem Version=0.8.7 Source=file:/workspaces/ua287/libraries/net/fabricmc/sponge-mixin/0.16.5+mixin.0.8.7/sponge-mixin-0.16.5+mixin.0.8.7.jar Service=Knot/Fabric Env=SERVER
[19:56:35] [main/INFO]: Compatibility level set to JAVA_21
[19:56:35] [main/INFO]: Initializing com.ishland.c2me.base.mixin
[19:56:36] [main/INFO]: Global Executor Parallelism: 3 configured, 3 evaluated, 3 default evaluated
[19:56:36] [main/INFO]: Initializing com.ishland.c2me.fixes.chunkio.threading_issues.mixin
[19:56:36] [main/INFO]: Initializing com.ishland.c2me.fixes.general.threading_issues.mixin
[19:56:36] [main/INFO]: Initializing com.ishland.c2me.fixes.worldgen.threading_issues.mixin
[19:56:36] [main/INFO]: Initializing com.ishland.c2me.fixes.worldgen.vanilla_bugs.mixin
[19:56:36] [main/INFO]: Initializing com.ishland.c2me.notickvd.mixin
[19:56:36] [main/INFO]: Initializing com.ishland.c2me.opts.allocs.mixin
[19:56:36] [main/INFO]: Initializing com.ishland.c2me.opts.chunkio.mixin
[19:56:36] [main/INFO]: Initializing com.ishland.c2me.opts.dfc.mixin
[19:56:36] [main/INFO]: Disabling com.ishland.c2me.opts.dfc.mixin
[19:56:36] [main/INFO]: Initializing com.ishland.c2me.opts.math.mixin
[19:56:36] [main/INFO]: Initializing com.ishland.c2me.opts.scheduling.mixin
[19:56:36] [main/INFO]: Initializing com.ishland.c2me.opts.worldgen.general.mixin
[19:56:36] [main/INFO]: Initializing com.ishland.c2me.opts.worldgen.vanilla.mixin
[19:56:36] [main/INFO]: Initializing com.ishland.c2me.rewrites.chunk_serializer.mixin
[19:56:36] [main/INFO]: Disabling config ioSystem.gcFreeChunkSerializer: Incompatible with architectury@13.0.8 (*) (defined in c2me)
[19:56:36] [main/INFO]: Disabling com.ishland.c2me.rewrites.chunk_serializer.mixin
[19:56:36] [main/INFO]: Initializing com.ishland.c2me.rewrites.chunksystem.mixin
[19:56:36] [main/INFO]: Initializing com.ishland.c2me.rewrites.chunkio.mixin
[19:56:36] [main/INFO]: Initializing com.ishland.c2me.server.utils.mixin
[19:56:36] [main/INFO]: Initializing com.ishland.c2me.threading.lighting.mixin
[19:56:36] [main/WARN]: Reference map 'forgeconfigapiport.common.refmap.json' for forgeconfigapiport.common.mixins.json could not be read. If this is a development environment you can ignore this message
[19:56:36] [main/WARN]: Mod 'ferritecore' attempted to override option 'mixin.alloc.blockstate', which doesn't exist, ignoring
[19:56:36] [main/INFO]: Option 'mixin.entity.collisions.fluid' requires 'mixin.util.block_tracking=true' but found 'false'. Setting 'mixin.entity.collisions.fluid=false'.
[19:56:36] [main/INFO]: Option 'mixin.experimental.entity.block_caching.block_support' requires 'mixin.util.block_tracking=true' but found 'false'. Setting 'mixin.experimental.entity.block_caching.block_support=false'.
[19:56:36] [main/INFO]: Option 'mixin.experimental.entity.block_caching.fluid_pushing' requires 'mixin.util.block_tracking=true' but found 'false'. Setting 'mixin.experimental.entity.block_caching.fluid_pushing=false'.
[19:56:36] [main/INFO]: Option 'mixin.experimental.entity.block_caching.block_touching' requires 'mixin.util.block_tracking=true' but found 'false'. Setting 'mixin.experimental.entity.block_caching.block_touching=false'.
[19:56:36] [main/INFO]: Option 'mixin.experimental.entity.block_caching.suffocation' requires 'mixin.util.block_tracking=true' but found 'false'. Setting 'mixin.experimental.entity.block_caching.suffocation=false'.
[19:56:36] [main/INFO]: Option 'mixin.experimental.entity.block_caching' requires 'mixin.util.block_tracking=true' but found 'false'. Setting 'mixin.experimental.entity.block_caching=false'.
[19:56:36] [main/INFO]: Loaded configuration file for Lithium: 149 options available, 0 override(s) found
[19:56:36] [main/INFO]: Loaded configuration file for ModernFix 5.24.3+mc1.21.1: 64 options available, 3 override(s) found
[19:56:36] [main/WARN]: Option 'mixin.bugfix.paper_chunk_patches' overriden (by mods [c2me]) to 'false'
[19:56:36] [main/WARN]: Option 'mixin.perf.cache_strongholds' overriden (by mods [c2me]) to 'false'
[19:56:36] [main/WARN]: Option 'mixin.bugfix.chunk_deadlock' overriden (by mods [c2me]) to 'false'
[19:56:36] [main/INFO]: Applying Nashorn fix
[19:56:36] [main/INFO]: Packet Fixer forge 1.20.5-1.21.X has been applied successfully.
[19:56:36] [main/WARN]: Reference map 'supermartijn642configlib.mixins.refmap.json' for supermartijn642configlib.mixins.json could not be read. If this is a development environment you can ignore this message
[19:56:36] [main/WARN]: Reference map 'yet_another_config_lib_v3.refmap.json' for yacl.mixins.json could not be read. If this is a development environment you can ignore this message
[19:56:36] [main/WARN]: Reference map 'yet_another_config_lib_v3.refmap.json' for yacl-fabric.mixins.json could not be read. If this is a development environment you can ignore this message
[19:56:36] [main/WARN]: Error loading class: net/minecraft/class_906 (java.lang.ClassNotFoundException: net/minecraft/class_906)
[19:56:36] [main/WARN]: @Mixin target net.minecraft.class_906 was not found porting_lib_item_abilities.mixins.json:FishingHookRendererMixin from mod porting_lib_item_abilities
[19:56:37] [main/WARN]: Error loading class: ca/spottedleaf/starlight/common/thread/SchedulingUtil (java.lang.ClassNotFoundException: ca/spottedleaf/starlight/common/thread/SchedulingUtil)
[19:56:37] [main/WARN]: Error loading class: net/minecraft/class_350 (java.lang.ClassNotFoundException: net/minecraft/class_350)
[19:56:37] [main/WARN]: @Mixin target net.minecraft.class_350 was not found mixins.cobblemon-common.json:accessor.EntryListWidgetAccessor from mod cobblemon
[19:56:37] [main/WARN]: Error loading class: juuxel/adorn/block/variant/BlockVariantSets (java.lang.ClassNotFoundException: juuxel/adorn/block/variant/BlockVariantSets)
[19:56:37] [main/WARN]: @Mixin target juuxel.adorn.block.variant.BlockVariantSets was not found mixins.cobblemon-common.json:invoker.AdornRegisterInvoker from mod cobblemon
[19:56:37] [main/WARN]: Error loading class: com/natamus/dismountentity_common_fabric/events/DismountEvent (java.lang.ClassNotFoundException: com/natamus/dismountentity_common_fabric/events/DismountEvent)
[19:56:37] [main/WARN]: @Mixin target com.natamus.dismountentity_common_fabric.events.DismountEvent was not found cobbleride-fabric.mixins.json:DismountEventMixin from mod cobbleride
[19:56:38] [main/WARN]: Error loading class: com/electronwill/nightconfig/core/io/IoUtils (java.lang.ClassNotFoundException: com/electronwill/nightconfig/core/io/IoUtils)
[19:56:38] [main/WARN]: Error loading class: net/minecraft/class_287 (java.lang.ClassNotFoundException: net/minecraft/class_287)
[19:56:38] [main/WARN]: @Mixin target net.minecraft.class_287 was not found owo.mixins.json:BufferBuilderAccessor from mod owo
[19:56:38] [main/WARN]: Error loading class: net/minecraft/class_437 (java.lang.ClassNotFoundException: net/minecraft/class_437)
[19:56:38] [main/WARN]: @Mixin target net.minecraft.class_437 was not found owo.mixins.json:ScreenAccessor from mod owo
[19:56:38] [main/WARN]: Error loading class: net/minecraft/class_638 (java.lang.ClassNotFoundException: net/minecraft/class_638)
[19:56:38] [main/WARN]: @Mixin target net.minecraft.class_638 was not found porting_lib_level_events.mixins.json:client.ClientLevelMixin from mod porting_lib_level_events
[19:56:38] [main/WARN]: Error loading class: net/minecraft/class_918 (java.lang.ClassNotFoundException: net/minecraft/class_918)
[19:56:38] [main/WARN]: @Mixin target net.minecraft.class_918 was not found rctmod.mixins.json:client.ItemRendererMixin from mod rctmod
[19:56:38] [main/INFO]: Registering config for libjf-translate-v1
[19:56:38] [main/INFO]: Registering config for respackopts
[19:56:39] [main/INFO]: Initializing MixinExtras via com.llamalad7.mixinextras.service.MixinExtrasServiceImpl(version=0.5.0).
[19:56:43] [main/WARN]: Method overwrite conflict for method_21740 in modernfix-common.mixins.json:perf.remove_biome_temperature_cache.BiomeMixin from mod modernfix, previously written by net.caffeinemc.mods.lithium.mixin.world.temperature_cache.BiomeMixin. Skipping method.
[19:56:47] [main/INFO]: Vanilla bootstrap took 6848 milliseconds
[19:56:47] [main/INFO]: Successfully initialized antixray for fabric
[19:56:48] [main/INFO]: Registering Mod Items for carved_wood
[19:56:48] [main/INFO]: Registering Mod Blocks for carved_wood
[19:56:48] [main/INFO]: Registering Recipe Serializers for carved_wood
[19:56:48] [main/WARN]: Error loading class: net/minecraft/class_315 (java.lang.ClassNotFoundException: net/minecraft/class_315)
[19:56:48] [main/WARN]: Error loading class: net/minecraft/class_310 (java.lang.ClassNotFoundException: net/minecraft/class_310)
[19:56:48] [main/WARN]: Error loading class: net/minecraft/class_304 (java.lang.ClassNotFoundException: net/minecraft/class_304)
[19:56:48] [main/INFO]: [STDOUT]: Registering CobbleCuisine item groups
[19:56:48] [main/INFO]: [STDOUT]: Registering blocks for cobblecuisine
[19:56:48] [main/ERROR]: No data fixer registered for cobbledollars:cobble_merchant
[19:56:48] [main/INFO]: Registering C2S receiver with id cobblefurnies:craft_recipe
[19:56:48] [main/WARN]: Error loading class: net/minecraft/class_465 (java.lang.ClassNotFoundException: net/minecraft/class_465)
[19:56:48] [main/WARN]: Error loading class: net/minecraft/class_465 (java.lang.ClassNotFoundException: net/minecraft/class_465)
[19:56:48] [main/WARN]: Error loading class: net/minecraft/class_1132 (java.lang.ClassNotFoundException: net/minecraft/class_1132)
[19:56:48] [main/INFO]: Booting LaxPermissionValidator, permissions will be checked using Minecrafts permission level system, see https://minecraft.fandom.com/wiki/Permission_level
[19:56:48] [main/INFO]: Launching Cobblemon 1.6.1 
[19:56:48] [main/INFO]: Booting FabricPermissionValidator, permissions will be checked using fabric-permissions-api, see https://github.com/lucko/fabric-permissions-api
[19:56:49] [main/ERROR]: No data fixer registered for cobblemon:pokemon
[19:56:49] [main/ERROR]: No data fixer registered for cobblemon:empty_pokeball
[19:56:49] [main/ERROR]: No data fixer registered for cobblemon:boat
[19:56:49] [main/ERROR]: No data fixer registered for cobblemon:chest_boat
[19:56:49] [main/ERROR]: No data fixer registered for cobblemon:poke_bobber
[19:56:49] [main/ERROR]: No data fixer registered for cobblemon:generic_bedrock
[19:56:49] [main/ERROR]: No data fixer registered for cobblemon:npc
[19:56:49] [main/INFO]: Starting the Best Spawner...
[19:56:49] [main/INFO]: Loaded 7 spawning condition types.
[19:56:49] [main/INFO]: Loaded 6 spawning context types.
[19:56:49] [main/INFO]: Loaded 2 spawn detail types.
[19:56:49] [Cobblemon Showdown/INFO]: Starting showdown service...
[19:56:49] [Cobblemon Showdown/INFO]: Loaded fallback file: ./showdown/data/moves.js
[19:56:49] [Cobblemon Showdown/INFO]: Loaded fallback file: ./showdown/sim/battle-actions.js
[19:56:49] [Cobblemon Showdown/INFO]: Loaded fallback file: ./showdown/sim/pokemon.js
[19:56:49] [Cobblemon Showdown/INFO]: Loaded fallback file: ./showdown/data/abilities.js
[19:56:49] [Cobblemon Showdown/INFO]: Loaded fallback file: ./showdown/sim/side.js
[19:56:49] [Cobblemon Showdown/INFO]: Loaded fallback file: ./showdown/data/conditions.js
[19:56:49] [Cobblemon Showdown/INFO]: Loaded fallback file: ./showdown/index.js
[19:56:49] [Cobblemon Showdown/INFO]: All files are ready!
[19:56:52] [Cobblemon Showdown/INFO]: Showdown has been started!
[19:56:52] [main/INFO]: Note: Cobblemon data registries are only loaded once per server instance as Pokémon species are not safe to reload.
[19:56:52] [main/INFO]: Registered the mega_showdown:showdown/abilities registry
[19:56:52] [main/INFO]: Registered the mega_showdown:showdown/moves registry
[19:56:52] [main/INFO]: Registered the mega_showdown:showdown/conditions registry
[19:56:52] [main/INFO]: Registered the mega_showdown:showdown/held_items registry
[19:56:52] [main/INFO]: Registered the mega_showdown:showdown/typecharts registry
[19:56:52] [main/INFO]: Registered the mega_showdown:showdown/scripts registry
[19:56:52] [main/INFO]: Registered the cobblemon:molang registry
[19:56:52] [main/INFO]: Registered the cobblemon:species_features registry
[19:56:52] [main/INFO]: Registered the cobblemon:global_species_features registry
[19:56:52] [main/INFO]: Registered the cobblemon:species_feature_assignments registry
[19:56:52] [main/INFO]: Registered the cobblemon:action_effects registry
[19:56:52] [main/INFO]: Registered the cobblemon:moves registry
[19:56:52] [main/INFO]: Registered the cobblemon:abilities registry
[19:56:52] [main/INFO]: Registered the cobblemon:brain_presets registry
[19:56:52] [main/INFO]: Registered the cobblemon:species registry
[19:56:52] [main/INFO]: Registered the cobblemon:species_additions registry
[19:56:52] [main/INFO]: Registered the cobblemon:pokeballs registry
[19:56:52] [main/INFO]: Registered the cobblemon:properties_tab_completion registry
[19:56:52] [main/INFO]: Registered the cobblemon:spawn_detail_presets registry
[19:56:52] [main/INFO]: Registered the cobblemon:spawn_rules registry
[19:56:52] [main/INFO]: Registered the cobblemon:mechanics registry
[19:56:52] [main/INFO]: Registered the cobblemon:bag_items registry
[19:56:52] [main/INFO]: Registered the cobblemon:dialogues registry
[19:56:52] [main/INFO]: Registered the cobblemon:natural_materials registry
[19:56:52] [main/INFO]: Registered the cobblemon:fossils registry
[19:56:52] [main/INFO]: Registered the cobblemon:npc_preset registry
[19:56:52] [main/INFO]: Registered the cobblemon:npc registry
[19:56:52] [main/INFO]: Registered the cobblemon:dex_entries registry
[19:56:52] [main/INFO]: Registered the cobblemon:dex_entry_additions registry
[19:56:52] [main/INFO]: Registered the cobblemon:dexes registry
[19:56:52] [main/INFO]: Registered the cobblemon:dex_additions registry
[19:56:52] [main/INFO]: Registered the cobblemon:flows registry
[19:56:52] [main/INFO]: Registered the cobblemon:spawn_pool_world registry
[19:56:52] [main/INFO]: Registered the cobblemon:pokerods registry
[19:56:52] [main/INFO]: Registered the cobblemon:berries registry
[19:56:52] [main/INFO]: Registered the cobblemon:fishing_baits registry
[19:56:52] [main/INFO]: Mod compatibility check results: {cobbledollars=true, sophisticatedbackpacks=true, cobblenav=true, travelersbackpack=false, waystones=true}
[19:56:52] [main/INFO]: Detected compatible mod(s) — initializing loot table modifications.
[19:56:52] [main/INFO]: Cobblemon Additions mod initialized successfully.
[19:56:52] [main/INFO]: Registered the cobblenav:biome_platforms registry
[19:56:52] [main/INFO]: Registered the cobbleride:rideable_species registry
[19:56:52] [main/INFO]: Loading config file found at: /workspaces/ua287/config/cobbleride/config.json
[19:56:52] [main/INFO]: Checking for config merge.
[19:56:52] [main/INFO]: Checking for config merge.
[19:56:52] [main/INFO]: Checking for config merge.
[19:56:52] [main/INFO]: Checking for config merge.
[19:56:52] [main/INFO]: Checking for config merge.
[19:56:52] [main/INFO]: Checking for config merge.
[19:56:52] [main/INFO]: Checking for config merge.
[19:56:52] [main/INFO]: Saving config to: /workspaces/ua287/config/cobbleride/config.json
[19:56:52] [main/INFO]: Registering Item Groups for cobbleversebadges
[19:56:52] [main/INFO]: Registering Mod Items for cobbleversebadges
[19:56:52] [main/INFO]: Registering items
[19:56:52] [main/INFO]: Registering data components
[19:56:52] [main/INFO]: Registering Mod Items for cozyhome
[19:56:52] [main/WARN]: Error loading class: net/minecraft/class_310 (java.lang.ClassNotFoundException: net/minecraft/class_310)
[19:56:52] [main/WARN]: Error loading class: net/minecraft/class_310 (java.lang.ClassNotFoundException: net/minecraft/class_310)
[19:56:52] [main/INFO]: Registering ModBlocks for cozyhome
[19:56:52] [main/INFO]: Registering block entities for cozyhome
[19:56:52] [main/INFO]: Registering Item Groups for cozyhome
[19:56:52] [main/INFO]: Registering Sounds for cozyhome
[19:56:52] [main/INFO]: Registering Mod Data Components for cozyhome
[19:56:52] [main/INFO]: Enabled 28 bug fixes: [MC-2025, MC-7569, MC-8187, MC-30391, MC-69216, MC-88371, MC-89146, MC-93018, MC-100991, MC-119417, MC-119754, MC-121706, MC-121903, MC-129909, MC-132878, MC-135971, MC-155509, MC-160095, MC-179072, MC-183990, MC-199467, MC-200418, MC-206922, MC-215530, MC-223153, MC-224729, MC-231743, MC-232869]
[19:56:52] [main/INFO]: Successfully Debugify'd your game!
[19:56:52] [main/INFO]: Detected Java version 21. Enabling Java 16 features.
[19:56:52] [main/INFO]: [EssentialCommands]: Mod Load Initiated.
[19:56:53] [main/INFO]: [EssentialCommands]: Mod Load Complete.
[19:56:53] [main/INFO]: [FANCYMENU] Loading v3.7.0 in server-side mode on FABRIC!
[19:56:53] [main/WARN]: Error loading class: net/minecraft/class_437 (java.lang.ClassNotFoundException: net/minecraft/class_437)
[19:56:53] [main/WARN]: Error loading class: net/minecraft/class_437 (java.lang.ClassNotFoundException: net/minecraft/class_437)
[19:56:53] [main/INFO]: Hello Fabric world from Fight or Flight!
[19:56:53] [main/ERROR]: No data fixer registered for fightorflight:tracing_bullet
[19:56:53] [main/ERROR]: No data fixer registered for fightorflight:arrow_projectile
[19:56:53] [main/ERROR]: No data fixer registered for fightorflight:bullet_projectile
[19:56:53] [main/ERROR]: No data fixer registered for fightorflight:spike_projectile
[19:56:53] [main/ERROR]: No data fixer registered for fightorflight:floating_spike_projectile
[19:56:53] [main/ERROR]: No data fixer registered for fightorflight:sticky_web
[19:56:53] [main/INFO]: Registering C2S receiver with id fightorflight:send_command
[19:56:53] [main/INFO]: Registering C2S receiver with id fightorflight:send_move_slot
[19:56:53] [main/ERROR]: No data fixer registered for handcrafted
[19:56:53] [main/INFO]: Huge Structure Blocks is now making your structure blocks even bigger!
[19:56:53] [main/INFO]: New structure size = 512
[19:56:53] [main/INFO]: Setting up file watchers
[19:56:53] [main/INFO]: [KONKRETE] Loading v1.9.9 in server-side mode on FABRIC!
[19:56:53] [main/INFO]: ---------------------------
[19:56:53] [main/INFO]: KONKRETE SHIPS AND USES THE FOLLOWING LIBRARIES:
[19:56:53] [main/INFO]:  
[19:56:53] [main/INFO]: Open Imaging Copyright © 2014 Dhyan Blum.
[19:56:53] [main/INFO]: Open Imaging is licensed under Apache-2.0.
[19:56:53] [main/INFO]:  
[19:56:53] [main/INFO]: JsonPath Copyright © 2017 Jayway.
[19:56:53] [main/INFO]: JsonPath is licensed under Apache-2.0.
[19:56:53] [main/INFO]:  
[19:56:53] [main/INFO]: Json-smart Copyright © netplex.
[19:56:53] [main/INFO]: Json-smart is licensed under Apache-2.0.
[19:56:53] [main/INFO]:  
[19:56:53] [main/INFO]: Exp4j Copyright © Frank Asseg.
[19:56:53] [main/INFO]: Exp4j is licensed under Apache-2.0. https://github.com/fasseg/exp4j
[19:56:53] [main/INFO]: ---------------------------
[19:56:53] [main/INFO]: [KONKRETE] Server-side modules initialized and ready to use!
[19:56:53] [main/INFO]: Compression will use libdeflate (Linux x86_64), encryption will use OpenSSL 3.0.x (Linux x86_64)
[19:56:53] [main/INFO]: loadsupport is a client mod only!
[19:56:53] [main/INFO]: Registering Item Groups for lumymon
[19:56:53] [main/INFO]: Registering Mod Items for lumymon
[19:56:53] [main/INFO]: Registering Mod Blocks for lumymon
[19:56:53] [main/INFO]: Registering Villagers for lumymon
[19:56:53] [main/INFO]: Registering Block Entities for lumymon
[19:56:53] [main/INFO]: Registering Screen Handlers for lumymon
[19:56:53] [main/INFO]: Registering ModRecipes for lumymon
[19:56:53] [main/INFO]: Registering ModSounds for lumymon
[19:56:53] [main/INFO]: Registering SummonScheduler for lumymon
[19:56:53] [main/INFO]: LumyMon v0.4.7-2 - Made by LUMYVERSE
[19:56:53] [cobblemon Datafixer Bootstrap/INFO]: 2 Datafixer optimizations took 7 milliseconds
[19:56:54] [main/WARN]: [MELODY] Disabling Melody since it's loaded server-side.
[19:56:54] [main/INFO]: Registering ModBlocks for moarconcrete
[19:56:54] [main/INFO]: Loading Noisium.
[19:56:54] [main/INFO]: i ate moss and i died
[19:56:54] [ForkJoinPool.commonPool-worker-2/INFO]: A new version of Essential Commands is available. Current: '0.35.2-mc1.21' Latest: '0.38.5-mc1.21.8
'. Get the new version at https://modrinth.com/mod/essential-commands
[19:56:54] [main/INFO]: [Ping-Wheel] Init
[19:56:54] [main/INFO]: [Ping-Wheel] Loaded ServerConfig(defaultChannelMode=auto, playerTrackingEnabled=true, msToRegenerate=1000, rateLimit=5)
[19:56:54] [main/INFO]: Registering ItemGroups for pokeblocks
[19:56:54] [main/INFO]: Registering ModItems for pokeblocks
[19:56:54] [main/INFO]: Registering ModBlocks for pokeblocks
[19:56:54] [main/INFO]: Registering mod entities for pokeblocks
[19:56:54] [main/ERROR]: No data fixer registered for trainer
[19:56:54] [main/ERROR]: No data fixer registered for trainer_association
[19:56:54] [main/INFO]: Registering C2S receiver with id roughlyenoughitems:request_tags_c2s
[19:56:54] [main/INFO]: [REI] Registered plugin provider DefaultPlugin [roughlyenoughitems] for REIPlugin
[19:56:54] [main/INFO]: [REI] Registered plugin provider DefaultRuntimePlugin [roughlyenoughitems] for REIPlugin
[19:56:54] [main/INFO]: [REI] Registered plugin provider REIServerCompat [sophisticatedbackpacks] for REIPlugin
[19:56:54] [main/INFO]: [REI] Registered plugin provider REIServerCompat [sophisticatedcore] for REIPlugin
[19:56:54] [main/INFO]: [REI] Registered plugin provider REIServerCompat [sophisticatedstorage] for REIPlugin
[19:56:54] [main/INFO]: [REI] Registered plugin provider DefaultPlugin [roughlyenoughitems] for REIServerPlugin
[19:56:54] [main/INFO]: [REI] Registered plugin provider DefaultRuntimePlugin [roughlyenoughitems] for REIServerPlugin
[19:56:54] [main/INFO]: [REI] Registered plugin provider REIServerCompat [sophisticatedbackpacks] for REIServerPlugin
[19:56:54] [main/INFO]: [REI] Registered plugin provider REIServerCompat [sophisticatedcore] for REIServerPlugin
[19:56:54] [main/INFO]: [REI] Registered plugin provider REIServerCompat [sophisticatedstorage] for REIServerPlugin
[19:56:54] [main/INFO]: [REI] Registered plugin provider FabricFluidAPISupportPlugin for REIServerPlugin
[19:56:54] [main/INFO]: [REI] Registered plugin provider FabricFluidAPISupportPlugin for REIPlugin
[19:56:54] [main/INFO]: Registering C2S receiver with id roughlyenoughitems:delete_item
[19:56:54] [main/INFO]: Registering C2S receiver with id roughlyenoughitems:create_item
[19:56:54] [main/INFO]: Registering C2S receiver with id roughlyenoughitems:create_item_grab
[19:56:54] [main/INFO]: Registering C2S receiver with id roughlyenoughitems:create_item_hotbar
[19:56:54] [main/INFO]: Registering C2S receiver with id roughlyenoughitems:move_items
[19:56:54] [main/INFO]: Registering C2S receiver with id roughlyenoughitems:move_items_new
[19:56:54] [ToggleableConfigWatchService/INFO]: Registering config for libjf-config-core-v2
[19:56:54] [ToggleableConfigWatchService/INFO]: Created config watch service
[19:56:55] [main/ERROR]: No data fixer registered for 
[19:56:56] [main/INFO]: starting server: Undertow - 2.3.17.Final
[19:56:56] [main/INFO]: XNIO version 3.8.16.Final
[19:56:56] [main/INFO]: XNIO NIO Implementation Version 3.8.16.Final
[19:56:56] [main/INFO]: JBoss Threads version 3.5.0.Final
[19:56:56] [main/INFO]: Internal webserver running on 0.0.0.0:8080
[19:56:56] [main/INFO]: Creating asynchronous mapping cache executor...
[19:56:56] [Mappings Cache Thread #1/INFO]: Verifying cache of yarn mappings...
[19:56:56] [Mappings Cache Thread #1/INFO]: Latest build for yarn is already cached (31 hour(s) ago, refresh in 17 hour(s))
[19:56:56] [Mappings Cache Thread #1/INFO]: Mappings for yarn build 1.21.1+build.3 are already downloaded
[19:56:56] [Mappings Cache Thread #1/INFO]: Verified cache of yarn mappings (took 2ms)
[19:56:56] [Mappings Cache Thread #1/INFO]: Parsing yarn mappings...
[19:56:56] [Mappings Cache Thread #1/INFO]: Parsed yarn mappings (took 253ms)
[19:56:56] [Mappings Cache Thread #1/INFO]: Caching yarn mappings...
[19:56:56] [Mappings Cache Thread #1/INFO]: Cached yarn mappings (took 46ms)
[19:56:56] [Mappings Cache Thread #1/INFO]: Cached mappings have been built (took 309ms)
[19:56:56] [Mappings Cache Thread #1/INFO]:   Classes: 7535
[19:56:56] [Mappings Cache Thread #1/INFO]:   Methods: 27638
[19:56:56] [Mappings Cache Thread #1/INFO]:   Fields: 32194
[19:56:56] [ForkJoinPool.commonPool-worker-2/INFO]: Shutting down asynchronous mapping cache executor...
[19:56:56] [ForkJoinPool.commonPool-worker-2/INFO]: Injecting into root logger...
[19:56:56] [main/INFO]: Done initializing TabTPS.
[19:56:57] [main/INFO]: -----------------------------------------
[19:56:57] [main/INFO]: Discord-MC-Chat (DMCC) 2.7.0
[19:56:57] [main/INFO]: By Xujiayao
[19:56:57] [main/INFO]: 
[19:56:57] [main/INFO]: More information + Docs:
[19:56:57] [main/INFO]: https://blog.xujiayao.com/posts/4ba0a17a/
[19:56:57] [main/INFO]: -----------------------------------------
[19:57:03] [main/INFO]: Login Successful!
[19:57:04] [JDA MainWS-ReadThread/INFO]: Connected to WebSocket
[19:57:05] [JDA MainWS-ReadThread/INFO]: Finished Loading!
[19:57:05] [Thread-12/INFO]: [ConsoleLog] Starting new ConsoleLogListener
[19:57:05] [Thread-12/INFO]: [ConsoleLog] Listening to new latest.log
[19:57:06] [main/INFO]: Krypton is now accelerating your Minecraft server's networking stack 🚀
[19:57:07] [main/WARN]: Error loading class: net/minecraft/class_437 (java.lang.ClassNotFoundException: net/minecraft/class_437)
[19:57:07] [main/WARN]: Error loading class: net/minecraft/class_437 (java.lang.ClassNotFoundException: net/minecraft/class_437)
[19:57:07] [main/INFO]: Loading Xaero's Minimap - Stage 1/2 (Server)
[19:57:08] [main/INFO]: Loading Xaero's World Map - Stage 1/2 (Server)
[19:57:08] [main/INFO]: Environment: Environment[sessionHost=https://sessionserver.mojang.com, servicesHost=https://api.minecraftservices.com, name=PROD]
[19:57:16] [Worker-Main-3/INFO]: Loading config file lenientdeath.json5
[19:57:17] [Worker-Main-2/INFO]: [FOF] Preparing to read move data
[19:57:17] [Worker-Main-2/INFO]: [FOF] Preparing to read behavior data
[19:57:20] [main/INFO]: Loaded 4812 recipes
[19:57:20] [main/INFO]: Loaded 4241 advancements
[19:57:20] [main/INFO]: Loaded 5 server scripts and 1 client scripts
[19:57:25] [main/INFO]: Loaded 936 moves
[19:57:25] [main/INFO]: Loaded 317 abilities
[19:57:26] [main/ERROR]: Unable to load entry from learnset: "legacy:attract"
[19:57:26] [main/ERROR]: Unable to load entry from learnset: "legacy:confide"
[19:57:26] [main/ERROR]: Unable to load entry from learnset: "legacy:frustration"
[19:57:26] [main/ERROR]: Unable to load entry from learnset: "legacy:hiddenpower"
[19:57:26] [main/ERROR]: Unable to load entry from learnset: "legacy:return"
[19:57:26] [main/ERROR]: Unable to load entry from learnset: "legacy:round"
[19:57:26] [main/ERROR]: Unable to load entry from learnset: "legacy:snore"
[19:57:26] [main/ERROR]: Unable to load entry from learnset: "legacy:swagger"
[19:57:26] [main/ERROR]: Unable to load entry from learnset: "legacy:toxic"
[19:57:26] [main/ERROR]: Unable to load entry from learnset: "legacy:attract"
[19:57:26] [main/ERROR]: Unable to load entry from learnset: "legacy:confide"
[19:57:26] [main/ERROR]: Unable to load entry from learnset: "legacy:frustration"
[19:57:26] [main/ERROR]: Unable to load entry from learnset: "legacy:hiddenpower"
[19:57:26] [main/ERROR]: Unable to load entry from learnset: "legacy:return"
[19:57:26] [main/ERROR]: Unable to load entry from learnset: "legacy:round"
[19:57:26] [main/ERROR]: Unable to load entry from learnset: "legacy:snore"
[19:57:26] [main/ERROR]: Unable to load entry from learnset: "legacy:swagger"
[19:57:26] [main/ERROR]: Unable to load entry from learnset: "legacy:toxic"
[19:57:26] [main/ERROR]: Unable to load entry from learnset: "legacy:uproar"
[19:57:26] [main/ERROR]: Unable to load entry from learnset: "legacy:attract"
[19:57:26] [main/ERROR]: Unable to load entry from learnset: "legacy:confide"
[19:57:26] [main/ERROR]: Unable to load entry from learnset: "legacy:frustration"
[19:57:26] [main/ERROR]: Unable to load entry from learnset: "legacy:hiddenpower"
[19:57:26] [main/ERROR]: Unable to load entry from learnset: "legacy:return"
[19:57:26] [main/ERROR]: Unable to load entry from learnset: "legacy:round"
[19:57:26] [main/ERROR]: Unable to load entry from learnset: "legacy:snore"
[19:57:26] [main/ERROR]: Unable to load entry from learnset: "legacy:swagger"
[19:57:26] [main/ERROR]: Unable to load entry from learnset: "legacy:toxic"
[19:57:26] [main/INFO]: Finished additions
[19:57:27] [main/INFO]: Imported 259 held item IDs from showdown
[19:57:27] [main/INFO]: Loaded 1038 Pokémon species
[19:57:28] [main/INFO]: Loaded 25 spawn detail presets.
[19:57:28] [main/INFO]: Starting dummy Showdown battle to force it to pre-load data.
[19:57:29] [main/INFO]: Loaded 18 fossils
[19:57:29] [main/ERROR]: Invalid path in mod resource-pack cobblemon: cobblemon:dex_entry_additions/README.md, ignoring
[19:57:29] [main/ERROR]: Invalid path in mod resource-pack cobblemon: cobblemon:dex_additions/README.md, ignoring
[19:57:29] [main/INFO]: Loaded 1 flows and 0 client flows
[19:57:30] [main/ERROR]: Unknown preset name: village.
[19:57:30] [main/ERROR]: Unknown preset name: village.
[19:57:30] [main/ERROR]: Unknown preset name: flowers.
[19:57:30] [main/ERROR]: Unknown preset name: flowers.
[19:57:30] [main/ERROR]: Unknown preset name: underwater.
[19:57:30] [main/ERROR]: Unknown preset name: underwater.
[19:57:30] [main/ERROR]: Unknown preset name: underground.
[19:57:30] [main/ERROR]: Unknown preset name: underground.
[19:57:30] [main/ERROR]: Unknown preset name: underground.
[19:57:30] [main/ERROR]: Unknown preset name: underground.
[19:57:30] [main/ERROR]: Unknown preset name: flowers.
[19:57:30] [main/ERROR]: Unknown preset name: underground.
[19:57:30] [main/ERROR]: Unknown preset name: ruins.
[19:57:30] [main/ERROR]: Unknown preset name: underwater.
[19:57:30] [main/ERROR]: Unknown preset name: underwater.
[19:57:30] [main/ERROR]: Unknown preset name: underwater.
[19:57:30] [main/ERROR]: Unknown preset name: underwater.
[19:57:30] [main/ERROR]: Unknown preset name: underwater.
[19:57:30] [main/ERROR]: Unknown preset name: underwater.
[19:57:30] [main/ERROR]: Unknown preset name: water_surface.
[19:57:30] [main/ERROR]: Unknown preset name: water_surface.
[19:57:30] [main/ERROR]: Unknown preset name: water_surface.
[19:57:30] [main/ERROR]: Unknown preset name: underwater.
[19:57:30] [main/ERROR]: Unknown preset name: underwater.
[19:57:30] [main/ERROR]: Unknown preset name: village.
[19:57:30] [main/ERROR]: Unknown preset name: underground.
[19:57:30] [main/ERROR]: Unknown preset name: ruins.
[19:57:31] [main/INFO]: Loaded 69 berries
[19:57:31] [main/INFO]: Loaded 17 biome platforms
[19:57:31] [main/INFO]: Loaded 237 Pokémon species with ride details
[19:57:31] [main/INFO]: Loading configuration
[19:57:31] [main/INFO]: [FOF] 72 move data files processed.
[19:57:31] [main/INFO]: [FOF] 0 behavior data files processed.
[19:57:31] [main/INFO]: [REI] %%%%%%%%%%%%%%%%%%%%%%%%%%%%%%%%%%%%%%%%
[19:57:31] [main/INFO]: [REI] REIPlugin starting main-reload for START.
[19:57:31] [main/INFO]: [REI] Plugins (6):
[19:57:31] [main/INFO]: [REI]  - (-100.00) DefaultPlugin of DefaultPlugin [roughlyenoughitems]
[19:57:31] [main/INFO]: [REI]  - (0.00) FabricFluidAPISupportPlugin
[19:57:31] [main/INFO]: [REI]  - (0.00) REIServerCompat of REIServerCompat [sophisticatedstorage]
[19:57:31] [main/INFO]: [REI]  - (0.00) REIServerCompat of REIServerCompat [sophisticatedcore]
[19:57:31] [main/INFO]: [REI]  - (0.00) REIServerCompat of REIServerCompat [sophisticatedbackpacks]
[19:57:31] [main/INFO]: [REI]  - (0.00) DefaultRuntimePlugin of DefaultRuntimePlugin [roughlyenoughitems]
[19:57:31] [main/INFO]: [REI] %%%%%%%%%%%%%%%%%%%%%%%%%%%%%%%%%%%%%%%%
[19:57:31] [main/INFO]: [REI] %%%%%%%%%%%%%%%%%%%%%%%%%%%%%%%%%%%%%%%%
[19:57:31] [main/INFO]: [REI] REIServerPlugin starting main-reload for START.
[19:57:31] [main/INFO]: [REI] Plugins (6):
[19:57:31] [main/INFO]: [REI]  - (-100.00) DefaultPlugin of DefaultPlugin [roughlyenoughitems]
[19:57:31] [main/INFO]: [REI]  - (0.00) FabricFluidAPISupportPlugin
[19:57:31] [main/INFO]: [REI]  - (0.00) REIServerCompat of REIServerCompat [sophisticatedstorage]
[19:57:31] [main/INFO]: [REI]  - (0.00) REIServerCompat of REIServerCompat [sophisticatedcore]
[19:57:31] [main/INFO]: [REI]  - (0.00) REIServerCompat of REIServerCompat [sophisticatedbackpacks]
[19:57:31] [main/INFO]: [REI]  - (0.00) DefaultRuntimePlugin of DefaultRuntimePlugin [roughlyenoughitems]
[19:57:31] [main/INFO]: [REI] %%%%%%%%%%%%%%%%%%%%%%%%%%%%%%%%%%%%%%%%
[19:57:31] [main/INFO]: [REI] REIPlugin finished post-reload for START in 1.970 ms, totaling 51.95 ms.
[19:57:31] [main/INFO]: [REI] REIServerPlugin finished post-reload for START in 993.7 μs, totaling 9.011 ms.
[19:57:31] [main/INFO]: [REI] ****************************************
[19:57:31] [main/INFO]: [REI] REIPlugin starting main-reload for END.
[19:57:31] [main/INFO]: [REI] Plugins (6):
[19:57:31] [main/INFO]: [REI]  - (-100.00) DefaultPlugin of DefaultPlugin [roughlyenoughitems]
[19:57:31] [main/INFO]: [REI]  - (0.00) FabricFluidAPISupportPlugin
[19:57:31] [main/INFO]: [REI]  - (0.00) REIServerCompat of REIServerCompat [sophisticatedstorage]
[19:57:31] [main/INFO]: [REI]  - (0.00) REIServerCompat of REIServerCompat [sophisticatedcore]
[19:57:31] [main/INFO]: [REI]  - (0.00) REIServerCompat of REIServerCompat [sophisticatedbackpacks]
[19:57:31] [main/INFO]: [REI]  - (0.00) DefaultRuntimePlugin of DefaultRuntimePlugin [roughlyenoughitems]
[19:57:31] [main/INFO]: [REI] ****************************************
[19:57:31] [main/INFO]: [REI] @@@@@@@@@@@@@@@@@@@@@@@@@@@@@@@@@@@@@@@@
[19:57:31] [main/INFO]: [REI] REIServerPlugin starting main-reload for END.
[19:57:31] [main/INFO]: [REI] Plugins (6):
[19:57:31] [main/INFO]: [REI]  - (-100.00) DefaultPlugin of DefaultPlugin [roughlyenoughitems]
[19:57:31] [main/INFO]: [REI]  - (0.00) FabricFluidAPISupportPlugin
[19:57:31] [main/INFO]: [REI]  - (0.00) REIServerCompat of REIServerCompat [sophisticatedstorage]
[19:57:31] [main/INFO]: [REI]  - (0.00) REIServerCompat of REIServerCompat [sophisticatedcore]
[19:57:31] [main/INFO]: [REI]  - (0.00) REIServerCompat of REIServerCompat [sophisticatedbackpacks]
[19:57:31] [main/INFO]: [REI]  - (0.00) DefaultRuntimePlugin of DefaultRuntimePlugin [roughlyenoughitems]
[19:57:31] [main/INFO]: [REI] @@@@@@@@@@@@@@@@@@@@@@@@@@@@@@@@@@@@@@@@
[19:57:31] [main/INFO]: [REI] REIPlugin finished post-reload for END in 1.994 ms, totaling 192.3 ms.
[19:57:31] [main/INFO]: [REI] REIServerPlugin finished post-reload for END in 1.215 ms, totaling 8.604 ms.
[19:57:31] [ForkJoinPool.commonPool-worker-2/INFO]: Loaded 48 translation keys
[19:57:31] [main/INFO]: Loaded 1 trades
[19:57:31] [main/INFO]: [BiomeReplacer] Loaded 35 rules (35 direct, 0 tag-based) and ignored 0
[19:57:31] [main/INFO]: [BiomeReplacer] Skipping minecraft:the_end
[19:57:31] [main/INFO]: [BiomeReplacer] Successfully replaced biomes in minecraft:overworld
[19:57:31] [main/INFO]: [BiomeReplacer] Successfully replaced biomes in minecraft:the_nether
[19:57:31] [main/WARN]: Initial datapack load took 23.05 s
[19:57:32] [main/INFO]: Applied 2184 biome modifications to 159 of 159 new biomes in 48.52 ms
[19:57:32] [Server thread/INFO]: Loading default shop config...
[19:57:32] [Server thread/INFO]: Default shop config loaded!
[19:57:32] [Server thread/INFO]: Loading bank config...
[19:57:32] [Server thread/INFO]: Bank config loaded!
[19:57:32] [Server thread/WARN]: Error loading class: com/github/d0ctorleon/mythsandlegends/cobblemon/spawning/condition/item/KeyItemCondition (java.lang.ClassNotFoundException: com/github/d0ctorleon/mythsandlegends/cobblemon/spawning/condition/item/KeyItemCondition)
[19:57:32] [Server thread/INFO]: Registered 8 collectors and 4 block collectors
[19:57:32] [Server thread/INFO]: MobsBeGone >> Total Entity Types: 151 | Bit Array Size: 3 longs / 192 bits | Blacklisted Entities: 80
[19:57:32] [Server thread/INFO]: MobsBeGone >> Up and running!
[19:57:33] [Server thread/INFO]: Starting background profiler...
[19:57:35] [Server thread/INFO]: Starting minecraft server version 1.21.1
[19:57:35] [Server thread/INFO]: Loading properties
[19:57:35] [Server thread/INFO]: Default game type: SURVIVAL
[19:57:35] [Server thread/INFO]: Generating keypair
[19:57:35] [Server thread/INFO]: Starting Minecraft server on *:25565
[19:57:35] [Server thread/INFO]: Using epoll channel type
[19:57:36] [Server thread/WARN]: **** SERVER IS RUNNING IN OFFLINE/INSECURE MODE!
[19:57:36] [Server thread/WARN]: The server will make no attempt to authenticate usernames. Beware.
[19:57:36] [Server thread/WARN]: While this makes the game possible to play without internet access, it also opens up the ability for hackers to connect with any username they choose.
[19:57:36] [Server thread/WARN]: To change this, set "online-mode" to "true" in the server.properties file.
[19:57:36] [Server thread/INFO]: Preparing level "world"
[19:57:36] [Server thread/INFO]: Enforcing safe world random access
[19:57:36] [Server thread/INFO]: Using TheSpeedyObjectFactory with Unsafe
[19:57:44] [Server thread/INFO]: Preparing start region for dimension minecraft:overworld
[19:57:46] [c2me-worker-2/INFO]: Preparing spawn area: 0%
[19:57:46] [c2me-worker-2/INFO]: Preparing spawn area: 0%
[19:57:46] [c2me-worker-2/INFO]: Preparing spawn area: 0%
[19:57:46] [c2me-worker-2/INFO]: Preparing spawn area: 0%
[19:57:46] [c2me-worker-2/INFO]: Preparing spawn area: 0%
[19:57:46] [c2me-worker-2/INFO]: Preparing spawn area: 26%
[19:57:47] [c2me-worker-2/INFO]: Preparing spawn area: 59%
[19:57:47] [Server thread/INFO]: Time elapsed: 3401 ms
[19:57:47] [Server thread/INFO]: Done (11.397s)! For help, type "help"
[19:57:47] [Server thread/WARN]: Dedicated server took 78.658 seconds to load
[19:57:47] [Server thread/INFO]: A new version of Essential Commands is available. Current: '0.35.2-mc1.21' Latest: '0.38.5-mc1.21.8
'. Get the new version at https://modrinth.com/mod/essential-commands
[19:57:47] [ForkJoinPool.commonPool-worker-2/INFO]: Fetching version information...
[19:57:48] [Server thread/INFO]: Possible world ids: minecraft:overworld,minecraft:the_end,minecraft:the_nether
[19:57:48] [Server thread/INFO]: Configured `rtp_enabled_worlds` world ids: minecraft:overworld
[19:57:48] [Server thread/INFO]: All configured `rtp_enabled_worlds` world ids are valid.
[19:57:48] [Server thread/INFO]: Loading Xaero's Minimap - Stage 2/2 (Server)
[19:57:48] [Server thread/INFO]: Loading Xaero's World Map - Stage 2/2 (Server)
[19:57:48] [Server thread/INFO]: Data pack initialized: rctmod
[19:57:48] [Server thread/INFO]: Data pack initialized: COBBLEVERSE-RCT-DP-v13.zip
[19:57:48] [ForkJoinPool.commonPool-worker-2/INFO]: squaremap is 8 version(s) out of date.
[19:57:48] [ForkJoinPool.commonPool-worker-2/INFO]: Download the latest release (v1.3.10) from https://github.com/jpenilla/squaremap/releases/tag/v1.3.10
[19:57:48] [ForkJoinPool.commonPool-worker-1/INFO]: There is an update available for TabTPS!
[19:57:48] [ForkJoinPool.commonPool-worker-1/INFO]: This server is running version v1.3.25, which is 4 versions outdated.
[19:57:48] [ForkJoinPool.commonPool-worker-1/INFO]: Download the latest version, v1.3.29 from GitHub at the link below:
[19:57:48] [ForkJoinPool.commonPool-worker-1/INFO]: https://github.com/jpenilla/TabTPS/releases/tag/v1.3.29
[19:57:56] [Server thread/INFO]: Registered 1664 trainers
[19:57:56] [Server thread/WARN]: Can't keep up! Is the server overloaded? Running 9108ms or 182 ticks behind
[19:57:58] [Server thread/INFO]: [STDOUT]: Lithium Cached BlockState Flags are disabled!
[19:57:58] [Server thread/INFO]: wufeng[/[0:0:0:0:0:0:0:1%0]:35440] logged in with entity id 10 at (-3800.350139790091, 78.40838910895556, 1055.7119426372062)
[19:57:58] [Server thread/INFO]: [Essential Commands] Loading PlayerData for player with uuid '91d907f0-1712-3f7a-99b3-e56388f97ec7'.
[19:57:59] [Server thread/INFO]: wufeng joined the game
[19:57:59] [Server thread/INFO]: [Essential Commands] Loading PlayerProfile for player with uuid '91d907f0-1712-3f7a-99b3-e56388f97ec7'.
[19:57:59] [Server thread/INFO]: Registered trainer player: wufeng
[19:58:01] [Server thread/INFO]: Channel update: wufeng -> default
[19:58:01] [Server thread/INFO]: [FANCYMENU] A client with FancyMenu installed joined the server: wufeng
[19:58:02] [Server thread/WARN]: wufeng moved too quickly! 0.0,-40.886789110481445,0.6095760716136738
[20:00:54] [Server thread/WARN]: Fearow (vehicle of wufeng) moved too quickly! 10.25787367830435,-1.6298718837583834,-1.773288912262359
[20:00:54] [Server thread/WARN]: Fearow (vehicle of wufeng) moved too quickly! 11.0318553438442,-1.89491087315929,-1.907467666542317
[20:00:54] [Server thread/WARN]: Fearow (vehicle of wufeng) moved too quickly! 11.809618412990403,-2.14945432353403,-2.0423328072361073
[20:00:54] [Server thread/WARN]: Fearow (vehicle of wufeng) moved too quickly! 12.590753737970317,-2.3939178580318554,-2.177810067351402
[20:00:54] [Server thread/WARN]: Fearow (vehicle of wufeng) moved too quickly! 13.374896440789144,-2.6287006411330793,-2.3138332155825196
[20:00:54] [Server thread/WARN]: Fearow (vehicle of wufeng) moved too quickly! 14.161721123241932,-2.854186030412066,-2.450343186849352
[20:00:54] [Server thread/WARN]: Fearow (vehicle of wufeng) moved too quickly! 14.950937595201594,-3.070742202490379,-2.5872873069119464
[20:00:54] [Server thread/WARN]: Fearow (vehicle of wufeng) moved too quickly! 15.742287065104392,-3.2787227542022634,-2.7246186008817688
[20:00:54] [Server thread/WARN]: Fearow (vehicle of wufeng) moved too quickly! 16.535538742628432,-3.4784672799539322,-2.86229517655201
[20:00:54] [Server thread/WARN]: Fearow (vehicle of wufeng) moved too quickly! 17.330505691276358,-3.670301926219466,-3.0001705742541844
[20:00:54] [Server thread/WARN]: Fearow (vehicle of wufeng) moved too quickly! -10.23950796545114,2.847512775492561,1.6813364473126455
[20:00:54] [Server thread/WARN]: Fearow (vehicle of wufeng) moved too quickly! -10.23950796545114,2.847512775492561,1.6813364473126455
[20:00:54] [Server thread/WARN]: Fearow (vehicle of wufeng) moved too quickly! -10.23950796545114,2.847512775492561,1.6813364473126455
[20:00:54] [Server thread/WARN]: Fearow (vehicle of wufeng) moved too quickly! -10.23950796545114,2.847512775492561,1.6813364473126455
[20:00:54] [Server thread/WARN]: Fearow (vehicle of wufeng) moved too quickly! -10.23950796545114,2.847512775492561,1.6813364473126455
[20:00:54] [Server thread/WARN]: Fearow (vehicle of wufeng) moved too quickly! -10.23950796545114,2.847512775492561,1.6813364473126455
[20:00:54] [Server thread/WARN]: Fearow (vehicle of wufeng) moved too quickly! -10.23950796545114,2.847512775492561,1.6813364473126455
[20:00:54] [Server thread/WARN]: Fearow (vehicle of wufeng) moved too quickly! -10.23950796545114,2.847512775492561,1.6813364473126455
[20:00:54] [Server thread/WARN]: Fearow (vehicle of wufeng) moved too quickly! -10.23950796545114,2.847512775492561,1.6813364473126455
[20:00:54] [Server thread/WARN]: Fearow (vehicle of wufeng) moved too quickly! -10.23950796545114,2.847512775492561,1.6813364473126455
[20:01:08] [c2me-worker-0/WARN]: Error loading class: net/minecraft/class_638 (java.lang.ClassNotFoundException: net/minecraft/class_638)
[20:01:08] [c2me-worker-0/WARN]: Error loading class: net/minecraft/class_638 (java.lang.ClassNotFoundException: net/minecraft/class_638)
[20:01:58] [Server thread/WARN]: wufeng moved wrongly!
[20:04:28] [Server thread/INFO]: Sherwin1605[/[0:0:0:0:0:0:0:1%0]:59534] logged in with entity id 107473 at (-944.5406690629474, 67.69463421871382, 7269.050139321763)
[20:04:28] [Server thread/INFO]: [Essential Commands] Loading PlayerData for player with uuid 'fe86a590-ac58-32ad-abfc-2189b9705865'.
[20:04:28] [Server thread/INFO]: Sherwin1605 joined the game
[20:04:28] [Server thread/INFO]: [Essential Commands] Loading PlayerProfile for player with uuid 'fe86a590-ac58-32ad-abfc-2189b9705865'.
[20:04:28] [Server thread/INFO]: Registered trainer player: Sherwin1605
[20:04:30] [Server thread/INFO]: Channel update: Sherwin1605 -> default
[20:04:30] [Server thread/INFO]: [FANCYMENU] A client with FancyMenu installed joined the server: Sherwin1605
[20:04:30] [Server thread/WARN]: Can't keep up! Is the server overloaded? Running 2033ms or 40 ticks behind
[20:04:31] [Server thread/WARN]: Sherwin1605 moved too quickly! 0.0,-12.001595821392769,0.0
[20:05:21] [Server thread/WARN]: Swellow (vehicle of Sherwin1605) moved too quickly! -5.633938540173176,-0.49617153667857394,8.788884039373443
[20:05:57] [Server thread/WARN]: Swellow (vehicle of Sherwin1605) moved too quickly! -8.749465016854174,0.23731523722457837,4.841917857590488
[20:05:57] [Server thread/WARN]: Swellow (vehicle of Sherwin1605) moved too quickly! -9.338559042357247,0.3259175557033842,5.167920061883706
[20:06:07] [Server thread/INFO]: Unknown or incomplete command, see below for error
[20:06:07] [Server thread/INFO]: tppst<--[HERE]
[20:06:08] [Server thread/INFO]: Unknown or incomplete command, see below for error
[20:06:08] [Server thread/INFO]: ts<--[HERE]
[20:06:12] [Server thread/INFO]: Unknown or incomplete command, see below for error
[20:06:12] [Server thread/INFO]: s<--[HERE]
[20:06:15] [Server thread/INFO]: 
[20:06:15] [Server thread/INFO]: [TabTPS] Server Tick Information
[20:06:15] [Server thread/INFO]: TPS: 20.08 (5s), 20.00 (1m), 19.87 (5m), 19.98 (15m)
[20:06:15] [Server thread/INFO]: MSPT - Average, Minimum, Maximum
[20:06:15] [Server thread/INFO]:  ├─ 5s - 11.85, 7.24, 33.11
[20:06:15] [Server thread/INFO]:  ├─ 10s - 22.20, 7.24, 493.04
[20:06:15] [Server thread/INFO]:  └─ 60s - 28.35, 7.24, 860.90
[20:06:15] [Server thread/INFO]: CPU: 71.37%, 62.72% (sys., proc.)
[20:06:15] [Server thread/INFO]: RAM: 2228M/12288M (max. 12288M)
[20:06:15] [Server thread/INFO]: [|||||||||||||||||||||||||||||||||||||||||||||||||||||||||||||||||||||||||||||||||||||||||||]
[20:06:21] [Server thread/WARN]: Swellow (vehicle of Sherwin1605) moved too quickly! -9.302736395597776,0.0,4.743822889913645
[20:06:21] [Server thread/WARN]: Swellow (vehicle of Sherwin1605) moved too quickly! -10.212377994605276,0.0,5.168742775303144
[20:06:21] [Server thread/WARN]: Swellow (vehicle of Sherwin1605) moved too quickly! -11.102871836108307,0.0,5.6345492475757055
[20:07:01] [c2me-worker-2/WARN]: Empty or non-existent pool: bca:centers
[20:07:15] [c2me-worker-2/WARN]: Unknown attachment type accessories:inventory_holder found when deserializing, skipping
[20:07:23] [Server thread/WARN]: Tried to load a block entity for block Block{cobblemon:pc}[on=false,waterlogged=false,facing=east,natural=false,part=top] but failed at location class_2338{x=-2076, y=72, z=8183}
[20:07:55] [Server thread/INFO]: [Chunky] Task continuing for minecraft:overworld.
[20:08:07] [Server thread/INFO]: Made Sherwin1605 a server operator
[20:08:32] [Server thread/INFO]: <Sherwin1605> /chunky radius 10000
[20:08:51] [Server thread/INFO]: <Sherwin1605> /chunky pause
[20:08:51] [Chunky-minecraft:overworld Thread/INFO]: [Chunky] Task stopped for minecraft:overworld.
[20:09:00] [c2me-worker-1/ERROR]: ThreadLocalRandom accessed from a different thread (owner: Server thread, current: c2me-worker-1)
This is usually NOT a bug in C2ME, but a bug in another mod or in vanilla code. 
Possible solutions: 
  - Find possible causes in the stack trace below and 
    - if caused by another mod, report this to the corresponding mod authors 
    - if no other mods are involved, report this to C2ME 

java.util.ConcurrentModificationException: ThreadLocalRandom accessed from a different thread (owner: Server thread, current: c2me-worker-1)
	at knot/com.ishland.c2me.fixes.worldgen.threading_issues.common.CheckedThreadLocalRandom.handleNotOwner(CheckedThreadLocalRandom.java:55) ~[c2me-fixes-worldgen-threading-is.362+1.21.1-b85f217383aa2449.jar:?]
	at knot/com.ishland.c2me.fixes.worldgen.threading_issues.common.CheckedThreadLocalRandom.isSafe(CheckedThreadLocalRandom.java:38) ~[c2me-fixes-worldgen-threading-is.362+1.21.1-b85f217383aa2449.jar:?]
	at knot/com.ishland.c2me.fixes.worldgen.threading_issues.common.CheckedThreadLocalRandom.next(CheckedThreadLocalRandom.java:86) ~[c2me-fixes-worldgen-threading-is.362+1.21.1-b85f217383aa2449.jar:?]
	at knot//MC/net.minecraft.util.math.random.BaseRandom.nextFloat(BaseRandom.java:56) ~[server-intermediary.jar:?]
	at knot/com.cobblemon.mod.common.entity.pokemon.PokemonEntity.initDataTracker(com/cobblemon/mod/common/entity/pokemon/PokemonEntity.java:323) ~[Cobblemon-fabric-1.6.1+1.21.1.jar:?]
	at knot//MC/net.minecraft.entity.Entity.<init>(net/minecraft/class_1297.java:309) ~[server-intermediary.jar:?]
	at knot//MC/net.minecraft.entity.LivingEntity.<init>(net/minecraft/class_1309.java:270) ~[server-intermediary.jar:?]
	at knot//MC/net.minecraft.entity.mob.MobEntity.<init>(net/minecraft/class_1308.java:148) ~[server-intermediary.jar:?]
	at knot//MC/net.minecraft.entity.mob.PathAwareEntity.<init>(PathAwareEntity.java:17) ~[server-intermediary.jar:?]
	at knot//MC/net.minecraft.entity.passive.PassiveEntity.<init>(net/minecraft/class_1296.java:29) ~[server-intermediary.jar:?]
	at knot//MC/net.minecraft.entity.passive.AnimalEntity.<init>(net/minecraft/class_1429.java:42) ~[server-intermediary.jar:?]
	at knot//MC/net.minecraft.entity.passive.TameableEntity.<init>(net/minecraft/class_1321.java:43) ~[server-intermediary.jar:?]
	at knot//MC/net.minecraft.entity.passive.TameableShoulderEntity.<init>(TameableShoulderEntity.java:16) ~[server-intermediary.jar:?]
	at knot/com.cobblemon.mod.common.entity.pokemon.PokemonEntity.<init>(com/cobblemon/mod/common/entity/pokemon/PokemonEntity.java:153) ~[Cobblemon-fabric-1.6.1+1.21.1.jar:?]
	at knot/com.cobblemon.mod.common.entity.pokemon.PokemonEntity.<init>(com/cobblemon/mod/common/entity/pokemon/PokemonEntity.java:149) ~[Cobblemon-fabric-1.6.1+1.21.1.jar:?]
	at knot/com.cobblemon.mod.common.CobblemonEntities.POKEMON$lambda$0(CobblemonEntities.java:41) ~[Cobblemon-fabric-1.6.1+1.21.1.jar:?]
	at knot//MC/net.minecraft.entity.EntityType.create(net/minecraft/class_1299.java:552) ~[server-intermediary.jar:?]
	at knot//MC/net.minecraft.entity.EntityType.method_17846(net/minecraft/class_1299.java:556) ~[server-intermediary.jar:?]
	at java.base/java.util.Optional.map(Optional.java:260) ~[?:?]
	at knot//MC/net.minecraft.entity.EntityType.getEntityFromNbt(net/minecraft/class_1299.java:556) ~[server-intermediary.jar:?]
	at knot//MC/net.minecraft.structure.StructureTemplate.getEntity(net/minecraft/class_3499.java:437) ~[server-intermediary.jar:?]
	at knot//MC/net.minecraft.structure.StructureTemplate.spawnEntities(net/minecraft/class_3499.java:422) ~[server-intermediary.jar:?]
	at knot//MC/net.minecraft.structure.StructureTemplate.place(net/minecraft/class_3499.java:347) ~[server-intermediary.jar:?]
	at knot//MC/net.minecraft.structure.pool.SinglePoolElement.generate(net/minecraft/class_3781.java:143) ~[server-intermediary.jar:?]
	at knot//MC/net.minecraft.structure.PoolStructurePiece.generate(net/minecraft/class_3790.java:98) ~[server-intermediary.jar:?]
	at knot//MC/net.minecraft.structure.PoolStructurePiece.generate(net/minecraft/class_3790.java:94) ~[server-intermediary.jar:?]
	at knot//MC/net.minecraft.structure.StructureStart.place(net/minecraft/class_3449.java:100) ~[server-intermediary.jar:?]
	at knot//MC/net.minecraft.world.gen.chunk.ChunkGenerator.method_38265(net/minecraft/class_2794.java:324) ~[server-intermediary.jar:?]
	at knot/com.google.common.collect.ImmutableList.forEach(ImmutableList.java:422) ~[guava-32.1.2-jre.jar:?]
	at knot//MC/net.minecraft.world.gen.chunk.ChunkGenerator.generateFeatures(net/minecraft/class_2794.java:323) ~[server-intermediary.jar:?]
	at knot//MC/net.minecraft.world.chunk.ChunkGenerating.generateFeatures(net/minecraft/class_9310.java:103) ~[server-intermediary.jar:?]
	at knot//MC/net.minecraft.world.chunk.ChunkGenerationStep.run(ChunkGenerationStep.java:33) ~[server-intermediary.jar:?]
	at knot/com.ishland.c2me.rewrites.chunksystem.common.statuses.VanillaWorldGenerationDelegate.lambda$upgradeToThis$8(VanillaWorldGenerationDelegate.java:138) ~[c2me-rewrites-chunk-system-0.3.0.362+1.21.1-5e6e9147fd0278d1.jar:?]
	at knot/com.ishland.c2me.base.common.scheduler.ScheduledTask.run(ScheduledTask.java:22) [c2me-base-0.3.0+alpha.0.362+1.21.1-d0617a6b57e4c61a.jar:?]
	at knot/com.ishland.flowsched.executor.WorkerThread.pollTasks(WorkerThread.java:46) [c2me-base-0.3.0+alpha.0.362+1.21.1-d0617a6b57e4c61a.jar:?]
	at knot/com.ishland.flowsched.executor.WorkerThread.run(WorkerThread.java:29) [c2me-base-0.3.0+alpha.0.362+1.21.1-d0617a6b57e4c61a.jar:?]
[20:09:01] [c2me-worker-2/WARN]: Empty or non-existent pool: bca:general_decor
[20:09:02] [Server thread/WARN]: Tried to load a block entity for block Block{cobblemon:pc}[on=false,waterlogged=false,facing=north,natural=false,part=top] but failed at location class_2338{x=-2486, y=87, z=8756}
[20:09:02] [Server thread/WARN]: Tried to load a block entity for block Block{cobblemon:pc}[on=false,waterlogged=false,facing=south,natural=false,part=top] but failed at location class_2338{x=-2485, y=75, z=8764}
[20:09:02] [c2me-worker-2/WARN]: Empty or non-existent pool: bca:centers
[20:09:15] [c2me-worker-1/WARN]: Unknown attachment type accessories:inventory_holder found when deserializing, skipping
[20:09:21] [Server thread/WARN]: Tried to load a block entity for block Block{cobblemon:pc}[on=false,waterlogged=false,facing=south,natural=false,part=top] but failed at location class_2338{x=-2299, y=79, z=8901}
[20:10:40] [Server thread/INFO]: Sherwin1605 has made the advancement [Crystal Clear Confusion!]
[20:11:40] [Server thread/WARN]: Tried to load a block entity for block Block{cobblefurnies:statue_ancient}[facing=west,half=upper] but failed at location class_2338{x=-2440, y=68, z=8992}
[20:11:40] [Server thread/WARN]: Tried to load a block entity for block Block{cobblefurnies:statue_ancient}[facing=west,half=upper] but failed at location class_2338{x=-2440, y=68, z=8996}
[20:11:46] [Server thread/WARN]: Tried to load a block entity for block Block{cobblemon:pc}[on=false,waterlogged=false,facing=south,natural=false,part=top] but failed at location class_2338{x=-2355, y=73, z=9097}
[20:12:27] [c2me-worker-1/WARN]: Empty or non-existent pool: bca:centers
[20:14:51] [JDA MainWS-ReadThread/INFO]: [Discord] Sherwin Luminyn ✨ executed /info command!
[20:15:15] [Server thread/INFO]: 
[20:15:15] [Server thread/INFO]: [TabTPS] Server Tick Information
[20:15:15] [Server thread/INFO]: TPS: 20.00 (5s), 20.00 (1m), 20.00 (5m), 19.96 (15m)
[20:15:15] [Server thread/INFO]: MSPT - Average, Minimum, Maximum
[20:15:15] [Server thread/INFO]:  ├─ 5s - 13.65, 4.18, 43.14
[20:15:15] [Server thread/INFO]:  ├─ 10s - 14.78, 4.18, 57.20
[20:15:15] [Server thread/INFO]:  └─ 60s - 17.63, 4.18, 111.16
[20:15:15] [Server thread/INFO]: CPU: 94.82%, 77.7% (sys., proc.)
[20:15:15] [Server thread/INFO]: RAM: 4156M/12288M (max. 12288M)
[20:15:15] [Server thread/INFO]: [|||||||||||||||||||||||||||||||||||||||||||||||||||||||||||||||||||||||||||||||||||||||||||]
[20:15:41] [Server thread/ERROR]: Block/Light update reentrance detected, use -Dc2me.debugBlockLightUpdateReentrance=true to debug
java.lang.Throwable: null
	at knot/com.ishland.c2me.rewrites.chunksystem.common.NewChunkHolderVanillaInterface.onBlockLightUpdateReentrance(NewChunkHolderVanillaInterface.java:285) ~[c2me-rewrites-chunk-system-0.3.0.362+1.21.1-5e6e9147fd0278d1.jar:?]
	at knot/com.ishland.c2me.rewrites.chunksystem.common.NewChunkHolderVanillaInterface.markForBlockUpdate(NewChunkHolderVanillaInterface.java:299) ~[c2me-rewrites-chunk-system-0.3.0.362+1.21.1-5e6e9147fd0278d1.jar:?]
	at knot//MC/net.minecraft.server.world.ServerChunkManager.markForUpdate(ServerChunkManager.java:424) ~[server-intermediary.jar:?]
	at knot/net.blay09.mods.balm.common.BalmBlockEntity.sync(BalmBlockEntity.java:172) ~[balm-fabric-1.21.1-21.0.53.jar:?]
	at knot/net.blay09.mods.waystones.block.entity.WaystoneBlockEntityBase.initializeWaystone(WaystoneBlockEntityBase.java:209) ~[waystones-fabric-1.21.1-21.1.23.jar:?]
	at knot/net.blay09.mods.waystones.block.entity.WaystoneBlockEntityBase.getWaystone(WaystoneBlockEntityBase.java:178) ~[waystones-fabric-1.21.1-21.1.23.jar:?]
	at knot/net.blay09.mods.waystones.block.entity.WaystoneBlockEntityBase.initializeFromBase(WaystoneBlockEntityBase.java:223) ~[waystones-fabric-1.21.1-21.1.23.jar:?]
	at knot/net.blay09.mods.waystones.block.entity.WaystoneBlockEntityBase.getWaystone(WaystoneBlockEntityBase.java:182) ~[waystones-fabric-1.21.1-21.1.23.jar:?]
	at knot/net.blay09.mods.waystones.block.entity.WaystoneBlockEntityBase.writeUpdateTag(WaystoneBlockEntityBase.java:140) ~[waystones-fabric-1.21.1-21.1.23.jar:?]
	at knot/net.blay09.mods.balm.common.BalmBlockEntity.createUpdateTag(BalmBlockEntity.java:183) ~[balm-fabric-1.21.1-21.0.53.jar:?]
	at knot/net.blay09.mods.balm.common.BalmBlockEntity.lambda$createUpdatePacket$0(BalmBlockEntity.java:177) ~[balm-fabric-1.21.1-21.0.53.jar:?]
	at knot//MC/net.minecraft.network.packet.s2c.play.BlockEntityUpdateS2CPacket.create(BlockEntityUpdateS2CPacket.java:31) ~[server-intermediary.jar:?]
	at knot/net.blay09.mods.balm.common.BalmBlockEntity.createUpdatePacket(BalmBlockEntity.java:177) ~[balm-fabric-1.21.1-21.0.53.jar:?]
	at knot/net.blay09.mods.balm.common.BalmBlockEntity.toUpdatePacket(BalmBlockEntity.java:51) ~[balm-fabric-1.21.1-21.0.53.jar:?]
	at knot//MC/net.minecraft.server.world.ChunkHolder.sendBlockEntityUpdatePacket(ChunkHolder.java:242) ~[server-intermediary.jar:?]
	at knot//MC/net.minecraft.server.world.ChunkHolder.tryUpdateBlockEntityAt(ChunkHolder.java:235) ~[server-intermediary.jar:?]
	at knot//MC/net.minecraft.server.world.ChunkHolder.method_30312(ChunkHolder.java:227) ~[server-intermediary.jar:?]
	at knot//MC/net.minecraft.network.packet.s2c.play.ChunkDeltaUpdateS2CPacket.visitUpdates(ChunkDeltaUpdateS2CPacket.java:76) ~[server-intermediary.jar:?]
	at knot//MC/net.minecraft.server.world.ChunkHolder.flushUpdates(ChunkHolder.java:227) ~[server-intermediary.jar:?]
	at knot/com.ishland.c2me.rewrites.chunksystem.common.NewChunkHolderVanillaInterface.flushUpdates(NewChunkHolderVanillaInterface.java:323) ~[c2me-rewrites-chunk-system-0.3.0.362+1.21.1-5e6e9147fd0278d1.jar:?]
	at knot//MC/net.minecraft.server.world.ServerChunkManager.method_38784(ServerChunkManager.java:377) ~[server-intermediary.jar:?]
	at java.base/java.util.ArrayList.forEach(ArrayList.java:1596) ~[?:?]
	at knot//MC/net.minecraft.server.world.ServerChunkManager.tickChunks(ServerChunkManager.java:377) ~[server-intermediary.jar:?]
	at knot//MC/net.minecraft.server.world.ServerChunkManager.tick(ServerChunkManager.java:310) ~[server-intermediary.jar:?]
	at knot//MC/net.minecraft.server.world.ServerWorld.tick(ServerWorld.java:350) ~[server-intermediary.jar:?]
	at knot/net.minecraft.server.MinecraftServer.tickWorlds(MinecraftServer.java:1021) ~[server-intermediary.jar:?]
	at knot//MC/net.minecraft.server.dedicated.MinecraftDedicatedServer.tickWorlds(MinecraftDedicatedServer.java:299) ~[server-intermediary.jar:?]
	at knot/net.minecraft.server.MinecraftServer.tick(MinecraftServer.java:912) ~[server-intermediary.jar:?]
	at knot/net.minecraft.server.MinecraftServer.runServer(MinecraftServer.java:697) ~[server-intermediary.jar:?]
	at knot/net.minecraft.server.MinecraftServer.method_29739(MinecraftServer.java:281) ~[server-intermediary.jar:?]
	at java.base/java.lang.Thread.run(Thread.java:1583) [?:?]
[20:15:41] [Server thread/ERROR]: Block/Light update reentrance detected, use -Dc2me.debugBlockLightUpdateReentrance=true to debug
java.lang.Throwable: null
	at knot/com.ishland.c2me.rewrites.chunksystem.common.NewChunkHolderVanillaInterface.onBlockLightUpdateReentrance(NewChunkHolderVanillaInterface.java:285) ~[c2me-rewrites-chunk-system-0.3.0.362+1.21.1-5e6e9147fd0278d1.jar:?]
	at knot/com.ishland.c2me.rewrites.chunksystem.common.NewChunkHolderVanillaInterface.markForBlockUpdate(NewChunkHolderVanillaInterface.java:299) ~[c2me-rewrites-chunk-system-0.3.0.362+1.21.1-5e6e9147fd0278d1.jar:?]
	at knot//MC/net.minecraft.server.world.ServerChunkManager.markForUpdate(ServerChunkManager.java:424) ~[server-intermediary.jar:?]
	at knot/net.blay09.mods.balm.common.BalmBlockEntity.sync(BalmBlockEntity.java:172) ~[balm-fabric-1.21.1-21.0.53.jar:?]
	at knot/net.blay09.mods.waystones.block.entity.WaystoneBlockEntityBase.getWaystone(WaystoneBlockEntityBase.java:190) ~[waystones-fabric-1.21.1-21.1.23.jar:?]
	at knot/net.blay09.mods.waystones.block.entity.WaystoneBlockEntityBase.initializeFromBase(WaystoneBlockEntityBase.java:223) ~[waystones-fabric-1.21.1-21.1.23.jar:?]
	at knot/net.blay09.mods.waystones.block.entity.WaystoneBlockEntityBase.getWaystone(WaystoneBlockEntityBase.java:182) ~[waystones-fabric-1.21.1-21.1.23.jar:?]
	at knot/net.blay09.mods.waystones.block.entity.WaystoneBlockEntityBase.writeUpdateTag(WaystoneBlockEntityBase.java:140) ~[waystones-fabric-1.21.1-21.1.23.jar:?]
	at knot/net.blay09.mods.balm.common.BalmBlockEntity.createUpdateTag(BalmBlockEntity.java:183) ~[balm-fabric-1.21.1-21.0.53.jar:?]
	at knot/net.blay09.mods.balm.common.BalmBlockEntity.lambda$createUpdatePacket$0(BalmBlockEntity.java:177) ~[balm-fabric-1.21.1-21.0.53.jar:?]
	at knot//MC/net.minecraft.network.packet.s2c.play.BlockEntityUpdateS2CPacket.create(BlockEntityUpdateS2CPacket.java:31) ~[server-intermediary.jar:?]
	at knot/net.blay09.mods.balm.common.BalmBlockEntity.createUpdatePacket(BalmBlockEntity.java:177) ~[balm-fabric-1.21.1-21.0.53.jar:?]
	at knot/net.blay09.mods.balm.common.BalmBlockEntity.toUpdatePacket(BalmBlockEntity.java:51) ~[balm-fabric-1.21.1-21.0.53.jar:?]
	at knot//MC/net.minecraft.server.world.ChunkHolder.sendBlockEntityUpdatePacket(ChunkHolder.java:242) ~[server-intermediary.jar:?]
	at knot//MC/net.minecraft.server.world.ChunkHolder.tryUpdateBlockEntityAt(ChunkHolder.java:235) ~[server-intermediary.jar:?]
	at knot//MC/net.minecraft.server.world.ChunkHolder.method_30312(ChunkHolder.java:227) ~[server-intermediary.jar:?]
	at knot//MC/net.minecraft.network.packet.s2c.play.ChunkDeltaUpdateS2CPacket.visitUpdates(ChunkDeltaUpdateS2CPacket.java:76) ~[server-intermediary.jar:?]
	at knot//MC/net.minecraft.server.world.ChunkHolder.flushUpdates(ChunkHolder.java:227) ~[server-intermediary.jar:?]
	at knot/com.ishland.c2me.rewrites.chunksystem.common.NewChunkHolderVanillaInterface.flushUpdates(NewChunkHolderVanillaInterface.java:323) ~[c2me-rewrites-chunk-system-0.3.0.362+1.21.1-5e6e9147fd0278d1.jar:?]
	at knot//MC/net.minecraft.server.world.ServerChunkManager.method_38784(ServerChunkManager.java:377) ~[server-intermediary.jar:?]
	at java.base/java.util.ArrayList.forEach(ArrayList.java:1596) ~[?:?]
	at knot//MC/net.minecraft.server.world.ServerChunkManager.tickChunks(ServerChunkManager.java:377) ~[server-intermediary.jar:?]
	at knot//MC/net.minecraft.server.world.ServerChunkManager.tick(ServerChunkManager.java:310) ~[server-intermediary.jar:?]
	at knot//MC/net.minecraft.server.world.ServerWorld.tick(ServerWorld.java:350) ~[server-intermediary.jar:?]
	at knot/net.minecraft.server.MinecraftServer.tickWorlds(MinecraftServer.java:1021) ~[server-intermediary.jar:?]
	at knot//MC/net.minecraft.server.dedicated.MinecraftDedicatedServer.tickWorlds(MinecraftDedicatedServer.java:299) ~[server-intermediary.jar:?]
	at knot/net.minecraft.server.MinecraftServer.tick(MinecraftServer.java:912) ~[server-intermediary.jar:?]
	at knot/net.minecraft.server.MinecraftServer.runServer(MinecraftServer.java:697) ~[server-intermediary.jar:?]
	at knot/net.minecraft.server.MinecraftServer.method_29739(MinecraftServer.java:281) ~[server-intermediary.jar:?]
	at java.base/java.lang.Thread.run(Thread.java:1583) [?:?]
[20:15:41] [Server thread/ERROR]: Block/Light update reentrance detected, use -Dc2me.debugBlockLightUpdateReentrance=true to debug
java.lang.Throwable: null
	at knot/com.ishland.c2me.rewrites.chunksystem.common.NewChunkHolderVanillaInterface.onBlockLightUpdateReentrance(NewChunkHolderVanillaInterface.java:285) ~[c2me-rewrites-chunk-system-0.3.0.362+1.21.1-5e6e9147fd0278d1.jar:?]
	at knot/com.ishland.c2me.rewrites.chunksystem.common.NewChunkHolderVanillaInterface.markForBlockUpdate(NewChunkHolderVanillaInterface.java:299) ~[c2me-rewrites-chunk-system-0.3.0.362+1.21.1-5e6e9147fd0278d1.jar:?]
	at knot//MC/net.minecraft.server.world.ServerChunkManager.markForUpdate(ServerChunkManager.java:424) ~[server-intermediary.jar:?]
	at knot/net.blay09.mods.balm.common.BalmBlockEntity.sync(BalmBlockEntity.java:172) ~[balm-fabric-1.21.1-21.0.53.jar:?]
	at knot/net.blay09.mods.waystones.block.entity.WaystoneBlockEntityBase.initializeFromBase(WaystoneBlockEntityBase.java:225) ~[waystones-fabric-1.21.1-21.1.23.jar:?]
	at knot/net.blay09.mods.waystones.block.entity.WaystoneBlockEntityBase.getWaystone(WaystoneBlockEntityBase.java:182) ~[waystones-fabric-1.21.1-21.1.23.jar:?]
	at knot/net.blay09.mods.waystones.block.entity.WaystoneBlockEntityBase.writeUpdateTag(WaystoneBlockEntityBase.java:140) ~[waystones-fabric-1.21.1-21.1.23.jar:?]
	at knot/net.blay09.mods.balm.common.BalmBlockEntity.createUpdateTag(BalmBlockEntity.java:183) ~[balm-fabric-1.21.1-21.0.53.jar:?]
	at knot/net.blay09.mods.balm.common.BalmBlockEntity.lambda$createUpdatePacket$0(BalmBlockEntity.java:177) ~[balm-fabric-1.21.1-21.0.53.jar:?]
	at knot//MC/net.minecraft.network.packet.s2c.play.BlockEntityUpdateS2CPacket.create(BlockEntityUpdateS2CPacket.java:31) ~[server-intermediary.jar:?]
	at knot/net.blay09.mods.balm.common.BalmBlockEntity.createUpdatePacket(BalmBlockEntity.java:177) ~[balm-fabric-1.21.1-21.0.53.jar:?]
	at knot/net.blay09.mods.balm.common.BalmBlockEntity.toUpdatePacket(BalmBlockEntity.java:51) ~[balm-fabric-1.21.1-21.0.53.jar:?]
	at knot//MC/net.minecraft.server.world.ChunkHolder.sendBlockEntityUpdatePacket(ChunkHolder.java:242) ~[server-intermediary.jar:?]
	at knot//MC/net.minecraft.server.world.ChunkHolder.tryUpdateBlockEntityAt(ChunkHolder.java:235) ~[server-intermediary.jar:?]
	at knot//MC/net.minecraft.server.world.ChunkHolder.method_30312(ChunkHolder.java:227) ~[server-intermediary.jar:?]
	at knot//MC/net.minecraft.network.packet.s2c.play.ChunkDeltaUpdateS2CPacket.visitUpdates(ChunkDeltaUpdateS2CPacket.java:76) ~[server-intermediary.jar:?]
	at knot//MC/net.minecraft.server.world.ChunkHolder.flushUpdates(ChunkHolder.java:227) ~[server-intermediary.jar:?]
	at knot/com.ishland.c2me.rewrites.chunksystem.common.NewChunkHolderVanillaInterface.flushUpdates(NewChunkHolderVanillaInterface.java:323) ~[c2me-rewrites-chunk-system-0.3.0.362+1.21.1-5e6e9147fd0278d1.jar:?]
	at knot//MC/net.minecraft.server.world.ServerChunkManager.method_38784(ServerChunkManager.java:377) ~[server-intermediary.jar:?]
	at java.base/java.util.ArrayList.forEach(ArrayList.java:1596) ~[?:?]
	at knot//MC/net.minecraft.server.world.ServerChunkManager.tickChunks(ServerChunkManager.java:377) ~[server-intermediary.jar:?]
	at knot//MC/net.minecraft.server.world.ServerChunkManager.tick(ServerChunkManager.java:310) ~[server-intermediary.jar:?]
	at knot//MC/net.minecraft.server.world.ServerWorld.tick(ServerWorld.java:350) ~[server-intermediary.jar:?]
	at knot/net.minecraft.server.MinecraftServer.tickWorlds(MinecraftServer.java:1021) ~[server-intermediary.jar:?]
	at knot//MC/net.minecraft.server.dedicated.MinecraftDedicatedServer.tickWorlds(MinecraftDedicatedServer.java:299) ~[server-intermediary.jar:?]
	at knot/net.minecraft.server.MinecraftServer.tick(MinecraftServer.java:912) ~[server-intermediary.jar:?]
	at knot/net.minecraft.server.MinecraftServer.runServer(MinecraftServer.java:697) ~[server-intermediary.jar:?]
	at knot/net.minecraft.server.MinecraftServer.method_29739(MinecraftServer.java:281) ~[server-intermediary.jar:?]
	at java.base/java.lang.Thread.run(Thread.java:1583) [?:?]
[20:15:41] [Server thread/ERROR]: Block/Light update reentrance detected, use -Dc2me.debugBlockLightUpdateReentrance=true to debug
java.lang.Throwable: null
	at knot/com.ishland.c2me.rewrites.chunksystem.common.NewChunkHolderVanillaInterface.onBlockLightUpdateReentrance(NewChunkHolderVanillaInterface.java:285) ~[c2me-rewrites-chunk-system-0.3.0.362+1.21.1-5e6e9147fd0278d1.jar:?]
	at knot/com.ishland.c2me.rewrites.chunksystem.common.NewChunkHolderVanillaInterface.markForBlockUpdate(NewChunkHolderVanillaInterface.java:299) ~[c2me-rewrites-chunk-system-0.3.0.362+1.21.1-5e6e9147fd0278d1.jar:?]
	at knot//MC/net.minecraft.server.world.ServerChunkManager.markForUpdate(ServerChunkManager.java:424) ~[server-intermediary.jar:?]
	at knot/net.blay09.mods.balm.common.BalmBlockEntity.sync(BalmBlockEntity.java:172) ~[balm-fabric-1.21.1-21.0.53.jar:?]
	at knot/net.blay09.mods.waystones.block.entity.WaystoneBlockEntityBase.getWaystone(WaystoneBlockEntityBase.java:190) ~[waystones-fabric-1.21.1-21.1.23.jar:?]
	at knot/net.blay09.mods.waystones.block.entity.WaystoneBlockEntityBase.writeUpdateTag(WaystoneBlockEntityBase.java:140) ~[waystones-fabric-1.21.1-21.1.23.jar:?]
	at knot/net.blay09.mods.balm.common.BalmBlockEntity.createUpdateTag(BalmBlockEntity.java:183) ~[balm-fabric-1.21.1-21.0.53.jar:?]
	at knot/net.blay09.mods.balm.common.BalmBlockEntity.lambda$createUpdatePacket$0(BalmBlockEntity.java:177) ~[balm-fabric-1.21.1-21.0.53.jar:?]
	at knot//MC/net.minecraft.network.packet.s2c.play.BlockEntityUpdateS2CPacket.create(BlockEntityUpdateS2CPacket.java:31) ~[server-intermediary.jar:?]
	at knot/net.blay09.mods.balm.common.BalmBlockEntity.createUpdatePacket(BalmBlockEntity.java:177) ~[balm-fabric-1.21.1-21.0.53.jar:?]
	at knot/net.blay09.mods.balm.common.BalmBlockEntity.toUpdatePacket(BalmBlockEntity.java:51) ~[balm-fabric-1.21.1-21.0.53.jar:?]
	at knot//MC/net.minecraft.server.world.ChunkHolder.sendBlockEntityUpdatePacket(ChunkHolder.java:242) ~[server-intermediary.jar:?]
	at knot//MC/net.minecraft.server.world.ChunkHolder.tryUpdateBlockEntityAt(ChunkHolder.java:235) ~[server-intermediary.jar:?]
	at knot//MC/net.minecraft.server.world.ChunkHolder.method_30312(ChunkHolder.java:227) ~[server-intermediary.jar:?]
	at knot//MC/net.minecraft.network.packet.s2c.play.ChunkDeltaUpdateS2CPacket.visitUpdates(ChunkDeltaUpdateS2CPacket.java:76) ~[server-intermediary.jar:?]
	at knot//MC/net.minecraft.server.world.ChunkHolder.flushUpdates(ChunkHolder.java:227) ~[server-intermediary.jar:?]
	at knot/com.ishland.c2me.rewrites.chunksystem.common.NewChunkHolderVanillaInterface.flushUpdates(NewChunkHolderVanillaInterface.java:323) ~[c2me-rewrites-chunk-system-0.3.0.362+1.21.1-5e6e9147fd0278d1.jar:?]
	at knot//MC/net.minecraft.server.world.ServerChunkManager.method_38784(ServerChunkManager.java:377) ~[server-intermediary.jar:?]
	at java.base/java.util.ArrayList.forEach(ArrayList.java:1596) ~[?:?]
	at knot//MC/net.minecraft.server.world.ServerChunkManager.tickChunks(ServerChunkManager.java:377) ~[server-intermediary.jar:?]
	at knot//MC/net.minecraft.server.world.ServerChunkManager.tick(ServerChunkManager.java:310) ~[server-intermediary.jar:?]
	at knot//MC/net.minecraft.server.world.ServerWorld.tick(ServerWorld.java:350) ~[server-intermediary.jar:?]
	at knot/net.minecraft.server.MinecraftServer.tickWorlds(MinecraftServer.java:1021) ~[server-intermediary.jar:?]
	at knot//MC/net.minecraft.server.dedicated.MinecraftDedicatedServer.tickWorlds(MinecraftDedicatedServer.java:299) ~[server-intermediary.jar:?]
	at knot/net.minecraft.server.MinecraftServer.tick(MinecraftServer.java:912) ~[server-intermediary.jar:?]
	at knot/net.minecraft.server.MinecraftServer.runServer(MinecraftServer.java:697) ~[server-intermediary.jar:?]
	at knot/net.minecraft.server.MinecraftServer.method_29739(MinecraftServer.java:281) ~[server-intermediary.jar:?]
	at java.base/java.lang.Thread.run(Thread.java:1583) [?:?]
[20:16:15] [Server thread/WARN]: Swellow (vehicle of Sherwin1605) moved too quickly! -3.0863926256106424,0.0,-9.877599730596557
[20:16:15] [Server thread/WARN]: Swellow (vehicle of Sherwin1605) moved too quickly! -3.3317341490364925,0.0,-10.756261216354687
[20:16:15] [Server thread/WARN]: Swellow (vehicle of Sherwin1605) moved too quickly! -3.574793272228817,0.0,-11.632776047415973
[20:16:15] [Server thread/WARN]: Swellow (vehicle of Sherwin1605) moved too quickly! -3.8157189371422646,0.0,-12.50740202844463
[20:16:15] [Server thread/WARN]: Swellow (vehicle of Sherwin1605) moved too quickly! -4.054153346490239,0.0,-13.380494583501786
[20:16:15] [Server thread/WARN]: Swellow (vehicle of Sherwin1605) moved too quickly! -4.285100996647088,0.0,-14.253396635023819
[20:16:15] [Server thread/WARN]: Swellow (vehicle of Sherwin1605) moved too quickly! -4.49760173661889,0.0,-15.127667659671715
[20:16:15] [Server thread/WARN]: Swellow (vehicle of Sherwin1605) moved too quickly! -4.72530637543332,0.0,-15.997592397719927
[20:16:15] [Server thread/WARN]: Swellow (vehicle of Sherwin1605) moved too quickly! -4.956830446649292,0.0,-16.86716867155519
[20:16:15] [Server thread/WARN]: Swellow (vehicle of Sherwin1605) moved too quickly! -5.185993201103884,0.0,-17.737994020437327
[20:16:15] [Server thread/WARN]: Swellow (vehicle of Sherwin1605) moved too quickly! -5.4101334110346215,0.0,-18.61058063789642
[20:16:15] [Server thread/WARN]: Swellow (vehicle of Sherwin1605) moved too quickly! -5.628329089607178,0.0,-19.48502820480462
[20:16:15] [Server thread/WARN]: Swellow (vehicle of Sherwin1605) moved too quickly! -3.002241779204269,0.0,-11.364677794514137
[20:16:15] [Server thread/WARN]: Swellow (vehicle of Sherwin1605) moved too quickly! -3.2086580837885776,0.0,-12.242588777766287
[20:16:15] [Server thread/WARN]: Swellow (vehicle of Sherwin1605) moved too quickly! -3.409762995390338,0.0,-13.122020031069042
[20:16:17] [Server thread/WARN]: Swellow (vehicle of Sherwin1605) moved too quickly! -8.410994654735987,-4.212513747107664,-5.3884326087427326
[20:16:17] [Server thread/WARN]: Swellow (vehicle of Sherwin1605) moved too quickly! -9.10335691560158,-4.748002107388885,-5.824121683303019
[20:17:06] [Server thread/WARN]: Swellow (vehicle of Sherwin1605) moved too quickly! -2.5601817445394772,0.0,-10.180931077933565
[20:17:06] [Server thread/WARN]: Swellow (vehicle of Sherwin1605) moved too quickly! -2.7655406107760427,0.0,-11.216796824281118
[20:17:06] [Server thread/WARN]: Fearow (vehicle of wufeng) moved too quickly! 3.9447696220026955,0.1332035143699244,-10.188257792694912
[20:17:06] [Server thread/WARN]: Swellow (vehicle of Sherwin1605) moved too quickly! -2.965371423571014,0.0,-12.254614758789103
[20:17:06] [Server thread/WARN]: Swellow (vehicle of Sherwin1605) moved too quickly! -3.160283250682369,0.0,-13.294172054198498
[20:17:06] [Server thread/WARN]: Swellow (vehicle of Sherwin1605) moved too quickly! -3.350819258750562,0.0,-14.335278911154091
[20:17:06] [Server thread/WARN]: Swellow (vehicle of Sherwin1605) moved too quickly! -3.537452911284163,0.0,-15.37776766713614
[20:17:06] [Server thread/WARN]: Fearow (vehicle of wufeng) moved too quickly! 4.275182110314745,0.1426288469990027,-11.056688192745355
[20:17:06] [Server thread/WARN]: Fearow (vehicle of wufeng) moved too quickly! 4.602154066783896,0.15168093663214677,-11.917620002207514
[20:17:06] [Server thread/WARN]: Fearow (vehicle of wufeng) moved too quickly! 4.926057756867067,0.1603745636850249,-12.771864568390356
[20:17:06] [Server thread/WARN]: Fearow (vehicle of wufeng) moved too quickly! 5.247225166908265,0.16872392326911267,-13.620145450844802
[20:17:06] [Server thread/WARN]: Fearow (vehicle of wufeng) moved too quickly! 5.565952362337612,0.17674264836972498,-14.463107919997015
[20:17:06] [Server thread/WARN]: Swellow (vehicle of Sherwin1605) moved too quickly! -3.72060644305202,0.0,-16.421488800704537
[20:17:06] [Server thread/WARN]: Fearow (vehicle of wufeng) moved too quickly! 5.8825033743132735,0.18444383210623982,-15.301327428029595
[20:17:06] [Server thread/WARN]: Swellow (vehicle of Sherwin1605) moved too quickly! 2.2475573705278293,0.0,12.507107612613254
[20:17:06] [Server thread/WARN]: Swellow (vehicle of Sherwin1605) moved too quickly! 2.2475573705278293,0.0,12.507107612613254
[20:17:06] [Server thread/WARN]: Swellow (vehicle of Sherwin1605) moved too quickly! 2.2475573705278293,0.0,12.507107612613254
[20:17:06] [Server thread/WARN]: Swellow (vehicle of Sherwin1605) moved too quickly! 2.2475573705278293,0.0,12.507107612613254
[20:17:06] [Server thread/WARN]: Swellow (vehicle of Sherwin1605) moved too quickly! 2.2475573705278293,0.0,12.507107612613254
[20:17:06] [Server thread/WARN]: Swellow (vehicle of Sherwin1605) moved too quickly! 2.2475573705278293,0.0,12.507107612613254
[20:17:06] [Server thread/WARN]: Swellow (vehicle of Sherwin1605) moved too quickly! 2.2475573705278293,0.0,12.507107612613254
[20:17:06] [Server thread/WARN]: Swellow (vehicle of Sherwin1605) moved too quickly! 2.0785097976913676,0.0,11.458360523676674
[20:17:06] [Server thread/WARN]: Swellow (vehicle of Sherwin1605) moved too quickly! 1.9104712560365442,0.0,10.409142955373682
[20:17:14] [c2me-worker-1/WARN]: Empty or non-existent pool: bca:centers
[20:17:14] [c2me-worker-1/WARN]: Empty or non-existent pool: bca:rare_structures
[20:17:28] [Server thread/WARN]: Swellow (vehicle of Sherwin1605) moved too quickly! 4.848576946396861,2.065062562505176,-8.830893980904875
[20:17:28] [Server thread/WARN]: Fearow (vehicle of wufeng) moved too quickly! 9.683748273543188,0.1299334912641683,3.080249635977225
[20:17:28] [Server thread/WARN]: Fearow (vehicle of wufeng) moved too quickly! 10.509520837254968,0.13817985680674383,3.2188277217136374
[20:17:28] [Server thread/WARN]: Fearow (vehicle of wufeng) moved too quickly! 11.33519944905629,0.1460996664279719,3.3188777011852153
[20:17:28] [Server thread/WARN]: Swellow (vehicle of Sherwin1605) moved too quickly! 5.259592818893907,2.211184094234497,-9.667484237914323
[20:17:28] [Server thread/WARN]: Fearow (vehicle of wufeng) moved too quickly! 12.159908587084374,0.15370585173624818,3.3814345722474854
[20:17:28] [Server thread/WARN]: Swellow (vehicle of Sherwin1605) moved too quickly! 5.651343416384407,2.3515192160386533,-10.506228569198356
[20:17:28] [Server thread/WARN]: Fearow (vehicle of wufeng) moved too quickly! 12.983271690169659,0.16101083224847912,3.409008847566156
[20:17:28] [Server thread/WARN]: Swellow (vehicle of Sherwin1605) moved too quickly! 6.022117272819742,2.4862970696425037,-11.347843781552001
[20:17:39] [Server thread/WARN]: wufeng moved wrongly!
[20:17:50] [c2me-worker-2/WARN]: Empty or non-existent pool: bca:general_decor
[20:17:51] [c2me-worker-2/WARN]: Empty or non-existent pool: bca:centers
[20:17:52] [c2me-worker-2/WARN]: Empty or non-existent pool: bca:rare_structures
[20:17:54] [c2me-worker-2/WARN]: Empty or non-existent pool: bca:rare_structures
[20:17:55] [c2me-worker-2/WARN]: Empty or non-existent pool: bca:rare_structures
[20:18:24] [c2me-worker-1/WARN]: Empty or non-existent pool: bca:centers
[20:18:35] [Server thread/WARN]: Swellow (vehicle of Sherwin1605) moved too quickly! -9.005591408381406,0.0,-5.571678953119772
[20:18:35] [Server thread/WARN]: Swellow (vehicle of Sherwin1605) moved too quickly! -9.847187273723648,0.0,-6.210164835753858
[20:18:51] [Server thread/WARN]: Swellow (vehicle of Sherwin1605) moved too quickly! -10.396213833366346,1.8636440328190247,-1.2251238207090864
[20:18:51] [Server thread/WARN]: Swellow (vehicle of Sherwin1605) moved too quickly! -11.434995993982739,2.076411539029465,-1.3388870853677872
[20:18:51] [Server thread/WARN]: Swellow (vehicle of Sherwin1605) moved too quickly! -12.476046489139662,2.2807534559710234,-1.4519233098653785
[20:18:51] [Server thread/WARN]: Swellow (vehicle of Sherwin1605) moved too quickly! -13.519119885098007,2.4770034368212634,-1.5643111599283657
[20:18:51] [Server thread/WARN]: Swellow (vehicle of Sherwin1605) moved too quickly! -13.744739807725637,2.665481922098138,-1.6773623309936738
[20:19:10] [Server thread/WARN]: Swellow (vehicle of Sherwin1605) moved too quickly! -8.923304824991646,0.0,-5.778995852268963
[20:19:10] [Server thread/WARN]: Swellow (vehicle of Sherwin1605) moved too quickly! -9.680718393303323,0.0,-6.2398454146286895
[20:19:10] [Server thread/WARN]: Swellow (vehicle of Sherwin1605) moved too quickly! -10.439432594786922,0.0,-6.698712780807
[20:19:10] [Server thread/WARN]: Swellow (vehicle of Sherwin1605) moved too quickly! -11.19930670096619,0.0,-7.155812424381111
[20:19:10] [Server thread/WARN]: Swellow (vehicle of Sherwin1605) moved too quickly! -11.960219801176208,0.0,-7.611327633035216
[20:19:10] [Server thread/WARN]: Swellow (vehicle of Sherwin1605) moved too quickly! -12.72205947628936,0.0,-8.065429842587037
[20:19:13] [Server thread/ERROR]: Block/Light update reentrance detected, use -Dc2me.debugBlockLightUpdateReentrance=true to debug
[20:19:13] [Server thread/ERROR]: Block/Light update reentrance detected, use -Dc2me.debugBlockLightUpdateReentrance=true to debug
[20:19:13] [Server thread/ERROR]: Block/Light update reentrance detected, use -Dc2me.debugBlockLightUpdateReentrance=true to debug
[20:19:13] [Server thread/ERROR]: Block/Light update reentrance detected, use -Dc2me.debugBlockLightUpdateReentrance=true to debug
[20:19:13] [Server thread/ERROR]: Block/Light update reentrance detected, use -Dc2me.debugBlockLightUpdateReentrance=true to debug
[20:19:13] [Server thread/ERROR]: Block/Light update reentrance detected, use -Dc2me.debugBlockLightUpdateReentrance=true to debug
[20:19:13] [Server thread/ERROR]: Block/Light update reentrance detected, use -Dc2me.debugBlockLightUpdateReentrance=true to debug
[20:19:13] [Server thread/ERROR]: Block/Light update reentrance detected, use -Dc2me.debugBlockLightUpdateReentrance=true to debug
[20:19:13] [Server thread/ERROR]: Block/Light update reentrance detected, use -Dc2me.debugBlockLightUpdateReentrance=true to debug
[20:19:17] [Server thread/ERROR]: Block/Light update reentrance detected, use -Dc2me.debugBlockLightUpdateReentrance=true to debug
[20:19:17] [Server thread/ERROR]: Block/Light update reentrance detected, use -Dc2me.debugBlockLightUpdateReentrance=true to debug
[20:19:22] [c2me-worker-1/WARN]: Empty or non-existent pool: bca:centers
[20:20:04] [Server thread/ERROR]: Block/Light update reentrance detected, use -Dc2me.debugBlockLightUpdateReentrance=true to debug
[20:20:04] [Server thread/ERROR]: Block/Light update reentrance detected, use -Dc2me.debugBlockLightUpdateReentrance=true to debug
[20:20:04] [Server thread/ERROR]: Block/Light update reentrance detected, use -Dc2me.debugBlockLightUpdateReentrance=true to debug
[20:20:04] [Server thread/ERROR]: Block/Light update reentrance detected, use -Dc2me.debugBlockLightUpdateReentrance=true to debug
[20:20:15] [Server thread/WARN]: Fearow (vehicle of wufeng) moved too quickly! 8.260563023340637,-1.8457711360750153,6.105894157367231
[20:20:15] [Server thread/WARN]: Fearow (vehicle of wufeng) moved too quickly! 9.007873801287928,-1.976375850199446,6.684246493653802
[20:20:15] [Server thread/WARN]: Fearow (vehicle of wufeng) moved too quickly! 9.750554872124098,-2.1018086200858193,7.269880037816847
[20:20:15] [Server thread/WARN]: Fearow (vehicle of wufeng) moved too quickly! 10.48386192780356,-2.2222742546292835,7.86733072607052
[20:20:15] [Server thread/WARN]: Fearow (vehicle of wufeng) moved too quickly! 11.202514938446257,-2.3379694522965764,8.480799705815173
[20:20:15] [Server thread/WARN]: Fearow (vehicle of wufeng) moved too quickly! 11.902925729593221,-2.4490831222988163,9.112443551442652
[20:20:15] [Server thread/WARN]: Fearow (vehicle of wufeng) moved too quickly! 12.583832294605259,-2.555796693045906,9.76248337043404
[20:20:15] [Server thread/WARN]: Fearow (vehicle of wufeng) moved too quickly! 13.245460812980923,-2.658284408386109,10.430122680209593
[20:20:15] [Server thread/WARN]: Fearow (vehicle of wufeng) moved too quickly! 13.888949770551221,-2.756713612114538,11.1140363264538
[20:20:15] [Server thread/WARN]: Fearow (vehicle of wufeng) moved too quickly! 14.515785850767202,-2.8512450212151634,11.812749157116912
[20:20:15] [Server thread/WARN]: Fearow (vehicle of wufeng) moved too quickly! 15.127532313062488,-2.942032988282378,12.52480180471872
[20:20:15] [Server thread/WARN]: Fearow (vehicle of wufeng) moved too quickly! 15.725702421218216,-3.0292257535507474,13.248821612987342
[20:20:15] [Server thread/WARN]: Fearow (vehicle of wufeng) moved too quickly! 16.311705383178605,-3.1129656869442925,13.983549032683811
[20:20:15] [Server thread/WARN]: Fearow (vehicle of wufeng) moved too quickly! 16.886703927923463,-3.1933895205407197,14.727916076431143
[20:20:15] [Server thread/WARN]: Fearow (vehicle of wufeng) moved too quickly! 17.45134935779356,-3.2706285718300165,15.481194669623335
[20:20:15] [Server thread/WARN]: Fearow (vehicle of wufeng) moved too quickly! 18.00554788138811,-3.344808958132006,16.24311357849166
[20:20:15] [Server thread/WARN]: Fearow (vehicle of wufeng) moved too quickly! 11.038742503889239,-1.7062705785497485,11.480210275700472
[20:20:15] [Server thread/WARN]: Fearow (vehicle of wufeng) moved too quickly! 11.56929436826374,-1.7746922076345584,12.259921856526432
[20:20:46] [Server thread/WARN]: Tried to load a block entity for block Block{cobblemon:pc}[on=false,waterlogged=false,facing=east,natural=false,part=top] but failed at location class_2338{x=-7828, y=65, z=6519}
[20:23:02] [Server thread/WARN]: Tried to load a block entity for block Block{cobblemon:pc}[on=false,waterlogged=false,facing=south,natural=false,part=top] but failed at location class_2338{x=-7893, y=67, z=6535}
[20:23:03] [Server thread/INFO]: 
[20:23:03] [Server thread/INFO]: [TabTPS] Server Tick Information
[20:23:03] [Server thread/INFO]: TPS: 19.74 (5s), 19.98 (1m), 20.00 (5m), 20.00 (15m)
[20:23:03] [Server thread/INFO]: MSPT - Average, Minimum, Maximum
[20:23:03] [Server thread/INFO]:  ├─ 5s - 37.19, 11.26, 364.92
[20:23:03] [Server thread/INFO]:  ├─ 10s - 32.68, 8.50, 364.92
[20:23:03] [Server thread/INFO]:  └─ 60s - 27.92, 6.27, 364.92
[20:23:03] [Server thread/INFO]: CPU: 93.6%, 79.42% (sys., proc.)
[20:23:03] [Server thread/INFO]: RAM: 4653M/12288M (max. 12288M)
[20:23:03] [Server thread/INFO]: [|||||||||||||||||||||||||||||||||||||||||||||||||||||||||||||||||||||||||||||||||||||||||||]
[20:23:09] [Server thread/WARN]: Swellow (vehicle of Sherwin1605) moved too quickly! -10.063327123360068,0.0,1.6761986441424597
[20:24:29] [Server thread/INFO]: The nearest legendary:regidrago_cave is at [-1440, ~, 736] (1617 blocks away)
[20:24:29] [Server thread/INFO]: Locating element legendary:regidrago_cave took 86 ms
[20:24:53] [Server thread/INFO]: Sherwin1605 fell from a high place
[20:24:53] [Server thread/INFO]: [Sherwin1605: [LD] You died at -7977, 75, 6524, in minecraft:overworld.]
[20:26:04] [Server thread/WARN]: wufeng moved wrongly!
[20:27:02] [Server thread/INFO]: wufeng has made the advancement [Ice Bucket Challenge]
[20:28:33] [Server thread/INFO]: 
[20:28:48] [Server thread/INFO]: Sherwin1605 has made the advancement [Sneak 100]
[20:29:50] [Server thread/INFO]: No return portal found
[20:29:51] [Server thread/INFO]: wufeng has made the advancement [We Need to Go Deeper]
[20:29:53] [Server thread/WARN]: Can't keep up! Is the server overloaded? Running 3104ms or 62 ticks behind
[20:29:55] [Server thread/WARN]: Tried to load a block entity for block Block{cobblefurnies:statue_ancient}[facing=north,half=upper] but failed at location class_2338{x=-194, y=91, z=198}
[20:29:55] [Server thread/WARN]: Tried to load a block entity for block Block{cobblefurnies:statue_ancient}[facing=north,half=upper] but failed at location class_2338{x=-190, y=91, z=198}
[20:31:10] [Server thread/INFO]: 
[20:31:10] [Server thread/INFO]: [TabTPS] Server Tick Information
[20:31:10] [Server thread/INFO]: TPS: 20.00 (5s), 20.00 (1m), 19.80 (5m), 19.93 (15m)
[20:31:10] [Server thread/INFO]: MSPT - Average, Minimum, Maximum
[20:31:10] [Server thread/INFO]:  ├─ 5s - 14.16, 7.40, 48.73
[20:31:10] [Server thread/INFO]:  ├─ 10s - 11.70, 6.55, 48.73
[20:31:10] [Server thread/INFO]:  └─ 60s - 9.86, 5.49, 61.85
[20:31:10] [Server thread/INFO]: CPU: 25.27%, 19.0% (sys., proc.)
[20:31:10] [Server thread/INFO]: RAM: 3848M/12288M (max. 12288M)
[20:31:10] [Server thread/INFO]: [|||||||||||||||||||||||||||||||||||||||||||||||||||||||||||||||||||||||||||||||||||||||||||]
[20:31:51] [Server thread/INFO]: wufeng has made the advancement [A Terrible Fortress]
[20:32:47] [Server thread/INFO]: Set Sherwin1605's game mode to Spectator Mode
[20:33:59] [Server thread/INFO]: Gamerule logAdminCommands is now set to: false
[20:34:24] [Server thread/INFO]: Gamerule sendCommandFeedback is now set to: false
[20:34:34] [Server thread/INFO]: <Sherwin1605> /tps
[20:35:29] [Server thread/INFO]: Set Sherwin1605's game mode to Survival Mode
[20:35:58] [Server thread/INFO]: The nearest legendary:snowpoint_temple is at [-992, ~, -2816] (2985 blocks away)
[20:35:58] [Server thread/INFO]: Locating element legendary:snowpoint_temple took 313 ms
[20:36:15] [Server thread/INFO]: Teleported Sherwin1605 to -991.500000, 80.000000, -2815.500000
[20:36:17] [c2me-worker-2/ERROR]: ThreadLocalRandom accessed from a different thread (owner: Server thread, current: c2me-worker-2)
This is usually NOT a bug in C2ME, but a bug in another mod or in vanilla code. 
Possible solutions: 
  - Find possible causes in the stack trace below and 
    - if caused by another mod, report this to the corresponding mod authors 
    - if no other mods are involved, report this to C2ME 

java.util.ConcurrentModificationException: ThreadLocalRandom accessed from a different thread (owner: Server thread, current: c2me-worker-2)
	at knot/com.ishland.c2me.fixes.worldgen.threading_issues.common.CheckedThreadLocalRandom.handleNotOwner(CheckedThreadLocalRandom.java:55) ~[c2me-fixes-worldgen-threading-is.362+1.21.1-b85f217383aa2449.jar:?]
	at knot/com.ishland.c2me.fixes.worldgen.threading_issues.common.CheckedThreadLocalRandom.isSafe(CheckedThreadLocalRandom.java:38) ~[c2me-fixes-worldgen-threading-is.362+1.21.1-b85f217383aa2449.jar:?]
	at knot/com.ishland.c2me.fixes.worldgen.threading_issues.common.CheckedThreadLocalRandom.next(CheckedThreadLocalRandom.java:86) ~[c2me-fixes-worldgen-threading-is.362+1.21.1-b85f217383aa2449.jar:?]
	at knot//MC/net.minecraft.util.math.random.BaseRandom.nextFloat(BaseRandom.java:56) ~[server-intermediary.jar:?]
	at knot/com.cobblemon.mod.common.entity.pokemon.PokemonEntity.initDataTracker(com/cobblemon/mod/common/entity/pokemon/PokemonEntity.java:323) ~[Cobblemon-fabric-1.6.1+1.21.1.jar:?]
	at knot//MC/net.minecraft.entity.Entity.<init>(net/minecraft/class_1297.java:309) ~[server-intermediary.jar:?]
	at knot//MC/net.minecraft.entity.LivingEntity.<init>(net/minecraft/class_1309.java:270) ~[server-intermediary.jar:?]
	at knot//MC/net.minecraft.entity.mob.MobEntity.<init>(net/minecraft/class_1308.java:148) ~[server-intermediary.jar:?]
	at knot//MC/net.minecraft.entity.mob.PathAwareEntity.<init>(PathAwareEntity.java:17) ~[server-intermediary.jar:?]
	at knot//MC/net.minecraft.entity.passive.PassiveEntity.<init>(net/minecraft/class_1296.java:29) ~[server-intermediary.jar:?]
	at knot//MC/net.minecraft.entity.passive.AnimalEntity.<init>(net/minecraft/class_1429.java:42) ~[server-intermediary.jar:?]
	at knot//MC/net.minecraft.entity.passive.TameableEntity.<init>(net/minecraft/class_1321.java:43) ~[server-intermediary.jar:?]
	at knot//MC/net.minecraft.entity.passive.TameableShoulderEntity.<init>(TameableShoulderEntity.java:16) ~[server-intermediary.jar:?]
	at knot/com.cobblemon.mod.common.entity.pokemon.PokemonEntity.<init>(com/cobblemon/mod/common/entity/pokemon/PokemonEntity.java:153) ~[Cobblemon-fabric-1.6.1+1.21.1.jar:?]
	at knot/com.cobblemon.mod.common.entity.pokemon.PokemonEntity.<init>(com/cobblemon/mod/common/entity/pokemon/PokemonEntity.java:149) ~[Cobblemon-fabric-1.6.1+1.21.1.jar:?]
	at knot/com.cobblemon.mod.common.CobblemonEntities.POKEMON$lambda$0(CobblemonEntities.java:41) ~[Cobblemon-fabric-1.6.1+1.21.1.jar:?]
	at knot//MC/net.minecraft.entity.EntityType.create(net/minecraft/class_1299.java:552) ~[server-intermediary.jar:?]
	at knot//MC/net.minecraft.entity.EntityType.method_17846(net/minecraft/class_1299.java:556) ~[server-intermediary.jar:?]
	at java.base/java.util.Optional.map(Optional.java:260) ~[?:?]
	at knot//MC/net.minecraft.entity.EntityType.getEntityFromNbt(net/minecraft/class_1299.java:556) ~[server-intermediary.jar:?]
	at knot//MC/net.minecraft.structure.StructureTemplate.getEntity(net/minecraft/class_3499.java:437) ~[server-intermediary.jar:?]
	at knot//MC/net.minecraft.structure.StructureTemplate.spawnEntities(net/minecraft/class_3499.java:422) ~[server-intermediary.jar:?]
	at knot//MC/net.minecraft.structure.StructureTemplate.place(net/minecraft/class_3499.java:347) ~[server-intermediary.jar:?]
	at knot//MC/net.minecraft.structure.pool.SinglePoolElement.generate(net/minecraft/class_3781.java:143) ~[server-intermediary.jar:?]
	at knot//MC/net.minecraft.structure.PoolStructurePiece.generate(net/minecraft/class_3790.java:98) ~[server-intermediary.jar:?]
	at knot//MC/net.minecraft.structure.PoolStructurePiece.generate(net/minecraft/class_3790.java:94) ~[server-intermediary.jar:?]
	at knot//MC/net.minecraft.structure.StructureStart.place(net/minecraft/class_3449.java:100) ~[server-intermediary.jar:?]
	at knot//MC/net.minecraft.world.gen.chunk.ChunkGenerator.method_38265(net/minecraft/class_2794.java:324) ~[server-intermediary.jar:?]
	at knot/com.google.common.collect.ImmutableList.forEach(ImmutableList.java:422) ~[guava-32.1.2-jre.jar:?]
	at knot//MC/net.minecraft.world.gen.chunk.ChunkGenerator.generateFeatures(net/minecraft/class_2794.java:323) ~[server-intermediary.jar:?]
	at knot//MC/net.minecraft.world.chunk.ChunkGenerating.generateFeatures(net/minecraft/class_9310.java:103) ~[server-intermediary.jar:?]
	at knot//MC/net.minecraft.world.chunk.ChunkGenerationStep.run(ChunkGenerationStep.java:33) ~[server-intermediary.jar:?]
	at knot/com.ishland.c2me.rewrites.chunksystem.common.statuses.VanillaWorldGenerationDelegate.lambda$upgradeToThis$8(VanillaWorldGenerationDelegate.java:138) ~[c2me-rewrites-chunk-system-0.3.0.362+1.21.1-5e6e9147fd0278d1.jar:?]
	at knot/com.ishland.c2me.base.common.scheduler.ScheduledTask.run(ScheduledTask.java:22) [c2me-base-0.3.0+alpha.0.362+1.21.1-d0617a6b57e4c61a.jar:?]
	at knot/com.ishland.flowsched.executor.WorkerThread.pollTasks(WorkerThread.java:46) [c2me-base-0.3.0+alpha.0.362+1.21.1-d0617a6b57e4c61a.jar:?]
	at knot/com.ishland.flowsched.executor.WorkerThread.run(WorkerThread.java:29) [c2me-base-0.3.0+alpha.0.362+1.21.1-d0617a6b57e4c61a.jar:?]
[20:36:17] [Server thread/WARN]: Sherwin1605 moved too quickly! 0.0,-10.806526110008988,0.0
[20:38:13] [Server thread/INFO]: Set Sherwin1605's game mode to Spectator Mode
[20:38:35] [Server thread/INFO]: Set Sherwin1605's game mode to Survival Mode
[20:41:48] [Server thread/INFO]: There are 45 data pack(s) enabled: [vanilla (built-in)], [fabric (Fabric mod)], [badgebox (Fabric mod)], [balm (Fabric mod)], [beautify (Fabric mod)], [carved_wood (Fabric mod)], [cobblecuisine (Fabric mod)], [cobbledollars (Fabric mod)], [cobblefurnies (Fabric mod)], [cobblemon (Fabric mod)], [cobblemon-additions (Fabric mod)], [cobblemonboxlink (Fabric mod)], [cobblenav (Fabric mod)], [cobbleride (Fabric mod)], [comforts (Fabric mod)], [cozyhome (Fabric mod)], [fabric-convention-tags-v2 (Fabric mod)], [fightorflight (Fabric mod)], [handcrafted (Fabric mod)], [lenientdeath (Fabric mod)], [libjf-data-v0 (Fabric mod)], [lumymon (Fabric mod)], [mega_showdown (Fabric mod)], [moarconcrete (Fabric mod)], [obc (Fabric mod)], [player_roles (Fabric mod)], [pokeblocks (Fabric mod)], [porting_lib_item_abilities (Fabric mod)], [rctmod (Fabric mod)], [repurposed_structures (Fabric mod)], [server_translations_api (Fabric mod)], [sophisticatedbackpacks (Fabric mod)], [sophisticatedcore (Fabric mod)], [sophisticatedstorage (Fabric mod)], [terralith (Fabric mod)], [tim_core (Fabric mod)], [tmcraft (Fabric mod)], [trinkets (Fabric mod)], [waystones (Fabric mod)], [cobblemon:repurposedstructurescobblemon (built-in: Cobblemon)], [COBBLEVERSE - No Hunger.zip (Global)], [COBBLEVERSE-Loot-DP-v6.zip (Global)], [COBBLEVERSE-DP-v14-CF.zip (Global)], [COBBLEVERSE - No Ender Dragon.zip (Global)], [COBBLEVERSE-RCT-DP-v13.zip (Global)]
[20:44:03] [Server thread/INFO]: The nearest legendary:regieleki_cave is at [3056, ~, -1184] (3277 blocks away)
[20:44:03] [Server thread/INFO]: Locating element legendary:regieleki_cave took 500 ms
[20:44:13] [Server thread/INFO]: Teleported Sherwin1605 to 3056.500000, 80.000000, -1183.500000
[20:44:13] [c2me-worker-1/WARN]: Empty or non-existent pool: minecraft:
[20:44:13] [c2me-worker-2/ERROR]: ThreadLocalRandom accessed from a different thread (owner: Server thread, current: c2me-worker-2)
This is usually NOT a bug in C2ME, but a bug in another mod or in vanilla code. 
Possible solutions: 
  - Find possible causes in the stack trace below and 
    - if caused by another mod, report this to the corresponding mod authors 
    - if no other mods are involved, report this to C2ME 

java.util.ConcurrentModificationException: ThreadLocalRandom accessed from a different thread (owner: Server thread, current: c2me-worker-2)
	at knot/com.ishland.c2me.fixes.worldgen.threading_issues.common.CheckedThreadLocalRandom.handleNotOwner(CheckedThreadLocalRandom.java:55) ~[c2me-fixes-worldgen-threading-is.362+1.21.1-b85f217383aa2449.jar:?]
	at knot/com.ishland.c2me.fixes.worldgen.threading_issues.common.CheckedThreadLocalRandom.isSafe(CheckedThreadLocalRandom.java:38) ~[c2me-fixes-worldgen-threading-is.362+1.21.1-b85f217383aa2449.jar:?]
	at knot/com.ishland.c2me.fixes.worldgen.threading_issues.common.CheckedThreadLocalRandom.next(CheckedThreadLocalRandom.java:86) ~[c2me-fixes-worldgen-threading-is.362+1.21.1-b85f217383aa2449.jar:?]
	at knot//MC/net.minecraft.util.math.random.BaseRandom.nextFloat(BaseRandom.java:56) ~[server-intermediary.jar:?]
	at knot/com.cobblemon.mod.common.entity.pokemon.PokemonEntity.initDataTracker(com/cobblemon/mod/common/entity/pokemon/PokemonEntity.java:323) ~[Cobblemon-fabric-1.6.1+1.21.1.jar:?]
	at knot//MC/net.minecraft.entity.Entity.<init>(net/minecraft/class_1297.java:309) ~[server-intermediary.jar:?]
	at knot//MC/net.minecraft.entity.LivingEntity.<init>(net/minecraft/class_1309.java:270) ~[server-intermediary.jar:?]
	at knot//MC/net.minecraft.entity.mob.MobEntity.<init>(net/minecraft/class_1308.java:148) ~[server-intermediary.jar:?]
	at knot//MC/net.minecraft.entity.mob.PathAwareEntity.<init>(PathAwareEntity.java:17) ~[server-intermediary.jar:?]
	at knot//MC/net.minecraft.entity.passive.PassiveEntity.<init>(net/minecraft/class_1296.java:29) ~[server-intermediary.jar:?]
	at knot//MC/net.minecraft.entity.passive.AnimalEntity.<init>(net/minecraft/class_1429.java:42) ~[server-intermediary.jar:?]
	at knot//MC/net.minecraft.entity.passive.TameableEntity.<init>(net/minecraft/class_1321.java:43) ~[server-intermediary.jar:?]
	at knot//MC/net.minecraft.entity.passive.TameableShoulderEntity.<init>(TameableShoulderEntity.java:16) ~[server-intermediary.jar:?]
	at knot/com.cobblemon.mod.common.entity.pokemon.PokemonEntity.<init>(com/cobblemon/mod/common/entity/pokemon/PokemonEntity.java:153) ~[Cobblemon-fabric-1.6.1+1.21.1.jar:?]
	at knot/com.cobblemon.mod.common.entity.pokemon.PokemonEntity.<init>(com/cobblemon/mod/common/entity/pokemon/PokemonEntity.java:149) ~[Cobblemon-fabric-1.6.1+1.21.1.jar:?]
	at knot/com.cobblemon.mod.common.CobblemonEntities.POKEMON$lambda$0(CobblemonEntities.java:41) ~[Cobblemon-fabric-1.6.1+1.21.1.jar:?]
	at knot//MC/net.minecraft.entity.EntityType.create(net/minecraft/class_1299.java:552) ~[server-intermediary.jar:?]
	at knot//MC/net.minecraft.entity.EntityType.method_17846(net/minecraft/class_1299.java:556) ~[server-intermediary.jar:?]
	at java.base/java.util.Optional.map(Optional.java:260) ~[?:?]
	at knot//MC/net.minecraft.entity.EntityType.getEntityFromNbt(net/minecraft/class_1299.java:556) ~[server-intermediary.jar:?]
	at knot//MC/net.minecraft.structure.StructureTemplate.getEntity(net/minecraft/class_3499.java:437) ~[server-intermediary.jar:?]
	at knot//MC/net.minecraft.structure.StructureTemplate.spawnEntities(net/minecraft/class_3499.java:422) ~[server-intermediary.jar:?]
	at knot//MC/net.minecraft.structure.StructureTemplate.place(net/minecraft/class_3499.java:347) ~[server-intermediary.jar:?]
	at knot//MC/net.minecraft.structure.pool.SinglePoolElement.generate(net/minecraft/class_3781.java:143) ~[server-intermediary.jar:?]
	at knot//MC/net.minecraft.structure.PoolStructurePiece.generate(net/minecraft/class_3790.java:98) ~[server-intermediary.jar:?]
	at knot//MC/net.minecraft.structure.PoolStructurePiece.generate(net/minecraft/class_3790.java:94) ~[server-intermediary.jar:?]
	at knot//MC/net.minecraft.structure.StructureStart.place(net/minecraft/class_3449.java:100) ~[server-intermediary.jar:?]
	at knot//MC/net.minecraft.world.gen.chunk.ChunkGenerator.method_38265(net/minecraft/class_2794.java:324) ~[server-intermediary.jar:?]
	at knot/com.google.common.collect.ImmutableList.forEach(ImmutableList.java:422) ~[guava-32.1.2-jre.jar:?]
	at knot//MC/net.minecraft.world.gen.chunk.ChunkGenerator.generateFeatures(net/minecraft/class_2794.java:323) ~[server-intermediary.jar:?]
	at knot//MC/net.minecraft.world.chunk.ChunkGenerating.generateFeatures(net/minecraft/class_9310.java:103) ~[server-intermediary.jar:?]
	at knot//MC/net.minecraft.world.chunk.ChunkGenerationStep.run(ChunkGenerationStep.java:33) ~[server-intermediary.jar:?]
	at knot/com.ishland.c2me.rewrites.chunksystem.common.statuses.VanillaWorldGenerationDelegate.lambda$upgradeToThis$8(VanillaWorldGenerationDelegate.java:138) ~[c2me-rewrites-chunk-system-0.3.0.362+1.21.1-5e6e9147fd0278d1.jar:?]
	at knot/com.ishland.c2me.base.common.scheduler.ScheduledTask.run(ScheduledTask.java:22) [c2me-base-0.3.0+alpha.0.362+1.21.1-d0617a6b57e4c61a.jar:?]
	at knot/com.ishland.flowsched.executor.WorkerThread.pollTasks(WorkerThread.java:46) [c2me-base-0.3.0+alpha.0.362+1.21.1-d0617a6b57e4c61a.jar:?]
	at knot/com.ishland.flowsched.executor.WorkerThread.run(WorkerThread.java:29) [c2me-base-0.3.0+alpha.0.362+1.21.1-d0617a6b57e4c61a.jar:?]
[20:44:14] [Server thread/WARN]: Sherwin1605 moved too quickly! 0.0,-10.806526110008988,0.0
[20:44:16] [c2me-worker-0/WARN]: Empty or non-existent pool: minecraft:
[20:44:33] [c2me-worker-1/WARN]: Empty or non-existent pool: minecraft:
[20:47:03] [Server thread/INFO]: <Sherwin1605> /function setup:hoenn
[20:47:03] [Server thread/WARN]: Volcarona (vehicle of wufeng) moved too quickly! 1.6876956550185476,-0.10283696670406073,10.148732612867292
[20:47:03] [Server thread/WARN]: Volcarona (vehicle of wufeng) moved too quickly! 1.9465059215809237,-0.10772436708099065,10.803500379781099
[20:47:03] [Server thread/WARN]: Volcarona (vehicle of wufeng) moved too quickly! 1.7108458978068075,-0.10244190454119462,10.14354456193007
[20:47:04] [Server thread/WARN]: Volcarona (vehicle of wufeng) moved too quickly! 1.7204545240117568,-0.10225602779615883,10.141433872167795
[20:47:04] [Server thread/WARN]: Volcarona (vehicle of wufeng) moved too quickly! 1.7289315423281213,-0.10207751176676538,10.13960355708275
[20:47:04] [Server thread/WARN]: Volcarona (vehicle of wufeng) moved too quickly! 1.7355944705686657,-0.10190606496878729,10.138469943110323
[20:47:04] [Server thread/WARN]: Volcarona (vehicle of wufeng) moved too quickly! 1.7408063483459681,-0.10174140746080695,10.13785373544502
[20:47:04] [Server thread/WARN]: Volcarona (vehicle of wufeng) moved too quickly! 1.7448204215021388,-0.10158327038706716,10.137638907826641
[20:47:04] [Server thread/WARN]: Volcarona (vehicle of wufeng) moved too quickly! 1.746283823609863,-0.10143139553848357,10.138512302850529
[20:47:04] [Server thread/WARN]: Volcarona (vehicle of wufeng) moved too quickly! 1.7458128796635837,-0.10128553493107972,10.140124488962499
[20:47:04] [Server thread/WARN]: Volcarona (vehicle of wufeng) moved too quickly! 1.7441722100760053,-0.10114545040099188,10.142104072251783
[20:47:04] [Server thread/WARN]: Volcarona (vehicle of wufeng) moved too quickly! 1.7425220553727048,-0.10101091321567424,10.143950292758262
[20:47:04] [Server thread/WARN]: Volcarona (vehicle of wufeng) moved too quickly! 1.7410504473658879,-0.10088170370039506,10.145596752253397
[20:47:04] [Server thread/WARN]: Volcarona (vehicle of wufeng) moved too quickly! 1.7397380673075862,-0.10075761087949786,10.147065064873459
[20:47:04] [Server thread/WARN]: Volcarona (vehicle of wufeng) moved too quickly! 1.7074428793746463,-0.09774804512784385,10.076094375958547
[20:47:04] [Server thread/WARN]: Volcarona (vehicle of wufeng) moved too quickly! 1.6786420299460136,-0.09774804512784385,10.01280271376018
[20:47:04] [Server thread/WARN]: Volcarona (vehicle of wufeng) moved too quickly! 1.6529574316853335,-0.09774804512784385,9.95635920778497
[20:47:04] [Server thread/WARN]: Volcarona (vehicle of wufeng) moved too quickly! 1.6300519062963268,-0.09774804512784385,9.906022887705575
[20:47:04] [Worker-ResourceReload-1/INFO]: [FOF] Preparing to read move data
[20:47:04] [Server thread/WARN]: Volcarona (vehicle of wufeng) moved too quickly! 1.7253085808441817,-0.09774804512784385,10.115355368768803
[20:47:04] [Server thread/WARN]: Volcarona (vehicle of wufeng) moved too quickly! 1.8447212766193424,-0.09774804512784385,10.377772212477794
[20:47:04] [Worker-ResourceReload-1/INFO]: [FOF] Preparing to read behavior data
[20:47:04] [Server thread/WARN]: Volcarona (vehicle of wufeng) moved too quickly! 1.6979000720991806,-0.09774804512784385,10.055123462027694
[20:47:05] [Server thread/WARN]: Volcarona (vehicle of wufeng) moved too quickly! 1.6863776139097322,-0.09774804512784385,10.029802141792743
[20:47:05] [Server thread/WARN]: Volcarona (vehicle of wufeng) moved too quickly! 1.6761018854002376,-0.09774804512784385,10.007220587756393
[20:47:05] [Server thread/INFO]: Loaded 4812 recipes
[20:47:05] [Server thread/WARN]: Volcarona (vehicle of wufeng) moved too quickly! 1.6669379904513697,-0.09774804512784385,9.987082357286397
[20:47:05] [Server thread/WARN]: Volcarona (vehicle of wufeng) moved too quickly! 1.6587656287004418,-0.09774804512784385,9.969123082835694
[20:47:05] [Server thread/INFO]: Loaded 4241 advancements
[20:47:05] [Server thread/WARN]: Volcarona (vehicle of wufeng) moved too quickly! 1.7188353180435598,-0.09774804512784385,10.101129970191124
[20:47:05] [Server thread/WARN]: Volcarona (vehicle of wufeng) moved too quickly! 1.644977977437879,-0.09774804512784385,9.938823859599864
[20:47:05] [Server thread/WARN]: Volcarona (vehicle of wufeng) moved too quickly! 1.6927518390306808,-0.09774804512784385,10.043809898894864
[20:47:05] [Server thread/INFO]: Loaded 5 server scripts and 1 client scripts
[20:47:05] [Netty Epoll Server IO #2/ERROR]: Error sending packet clientbound/minecraft:custom_payload
io.netty.handler.codec.EncoderException: Failed to encode packet 'clientbound/minecraft:custom_payload' (cobblemon:properties_completion_sync)
	at knot//MC/net.minecraft.network.handler.PacketCodecDispatcher.handler$bhe000$fabric-networking-api-v1$encode(PacketCodecDispatcher.java:547) ~[server-intermediary.jar:?]
	at knot//MC/net.minecraft.network.handler.PacketCodecDispatcher.encode(PacketCodecDispatcher.java:55) ~[server-intermediary.jar:?]
	at knot//MC/net.minecraft.network.handler.PacketCodecDispatcher.encode(PacketCodecDispatcher.java:14) ~[server-intermediary.jar:?]
	at knot//MC/net.minecraft.network.handler.EncoderHandler.encode(EncoderHandler.java:26) ~[server-intermediary.jar:?]
	at knot//MC/net.minecraft.network.handler.EncoderHandler.encode(EncoderHandler.java:12) ~[server-intermediary.jar:?]
	at knot/io.netty.handler.codec.MessageToByteEncoder.write(MessageToByteEncoder.java:107) ~[netty-codec-4.1.97.Final.jar:?]
	at knot/io.netty.channel.AbstractChannelHandlerContext.invokeWrite0(AbstractChannelHandlerContext.java:881) ~[netty-transport-4.1.97.Final.jar:?]
	at knot/io.netty.channel.AbstractChannelHandlerContext.invokeWrite(AbstractChannelHandlerContext.java:863) ~[netty-transport-4.1.97.Final.jar:?]
	at knot/io.netty.channel.AbstractChannelHandlerContext.write(AbstractChannelHandlerContext.java:968) ~[netty-transport-4.1.97.Final.jar:?]
	at knot/io.netty.channel.AbstractChannelHandlerContext.write(AbstractChannelHandlerContext.java:856) ~[netty-transport-4.1.97.Final.jar:?]
	at knot/io.netty.handler.codec.MessageToMessageEncoder.write(MessageToMessageEncoder.java:113) ~[netty-codec-4.1.97.Final.jar:?]
	at knot/io.netty.channel.AbstractChannelHandlerContext.invokeWrite0(AbstractChannelHandlerContext.java:881) ~[netty-transport-4.1.97.Final.jar:?]
	at knot/io.netty.channel.AbstractChannelHandlerContext.invokeWrite(AbstractChannelHandlerContext.java:863) ~[netty-transport-4.1.97.Final.jar:?]
	at knot/io.netty.channel.AbstractChannelHandlerContext.write(AbstractChannelHandlerContext.java:968) ~[netty-transport-4.1.97.Final.jar:?]
	at knot/io.netty.channel.AbstractChannelHandlerContext.write(AbstractChannelHandlerContext.java:856) ~[netty-transport-4.1.97.Final.jar:?]
	at knot/io.netty.channel.ChannelOutboundHandlerAdapter.write(ChannelOutboundHandlerAdapter.java:113) ~[netty-transport-4.1.97.Final.jar:?]
	at knot//MC/net.minecraft.network.ClientConnection$2.write(ClientConnection.java:530) ~[server-intermediary.jar:?]
	at knot/io.netty.channel.AbstractChannelHandlerContext.invokeWrite0(AbstractChannelHandlerContext.java:881) ~[netty-transport-4.1.97.Final.jar:?]
	at knot/io.netty.channel.AbstractChannelHandlerContext.invokeWriteAndFlush(AbstractChannelHandlerContext.java:940) ~[netty-transport-4.1.97.Final.jar:?]
	at knot/io.netty.channel.AbstractChannelHandlerContext.write(AbstractChannelHandlerContext.java:966) ~[netty-transport-4.1.97.Final.jar:?]
	at knot/io.netty.channel.AbstractChannelHandlerContext.writeAndFlush(AbstractChannelHandlerContext.java:934) ~[netty-transport-4.1.97.Final.jar:?]
	at knot/io.netty.channel.AbstractChannelHandlerContext.writeAndFlush(AbstractChannelHandlerContext.java:984) ~[netty-transport-4.1.97.Final.jar:?]
	at knot/io.netty.channel.DefaultChannelPipeline.writeAndFlush(DefaultChannelPipeline.java:1025) ~[netty-transport-4.1.97.Final.jar:?]
	at knot/io.netty.channel.AbstractChannel.writeAndFlush(AbstractChannel.java:306) ~[netty-transport-4.1.97.Final.jar:?]
	at knot//MC/net.minecraft.network.ClientConnection.sendInternal(ClientConnection.java:350) ~[server-intermediary.jar:?]
	at knot//MC/net.minecraft.network.ClientConnection.method_52917(ClientConnection.java:345) ~[server-intermediary.jar:?]
	at knot/io.netty.util.concurrent.AbstractEventExecutor.runTask(AbstractEventExecutor.java:174) ~[netty-common-4.1.97.Final.jar:?]
	at knot/io.netty.util.concurrent.AbstractEventExecutor.safeExecute(AbstractEventExecutor.java:167) ~[netty-common-4.1.97.Final.jar:?]
	at knot/io.netty.util.concurrent.SingleThreadEventExecutor.runAllTasks(SingleThreadEventExecutor.java:470) ~[netty-common-4.1.97.Final.jar:?]
	at knot/io.netty.channel.epoll.EpollEventLoop.run(EpollEventLoop.java:413) ~[netty-transport-classes-epoll-4.1.97.Final.jar:?]
	at knot/io.netty.util.concurrent.SingleThreadEventExecutor$4.run(SingleThreadEventExecutor.java:997) ~[netty-common-4.1.97.Final.jar:?]
	at knot/io.netty.util.internal.ThreadExecutorMap$2.run(ThreadExecutorMap.java:74) ~[netty-common-4.1.97.Final.jar:?]
	at java.base/java.lang.Thread.run(Thread.java:1583) [?:?]
Caused by: java.util.ConcurrentModificationException
	at java.base/java.util.HashMap$HashIterator.nextNode(HashMap.java:1605) ~[?:?]
	at java.base/java.util.HashMap$KeyIterator.next(HashMap.java:1628) ~[?:?]
	at knot//MC/net.minecraft.network.PacketByteBuf.writeCollection(PacketByteBuf.java:157) ~[server-intermediary.jar:?]
	at knot/com.cobblemon.mod.common.net.messages.client.data.DataRegistrySyncPacket.encode(DataRegistrySyncPacket.java:22) ~[Cobblemon-fabric-1.6.1+1.21.1.jar:?]
	at knot/com.cobblemon.mod.common.net.PacketRegisterInfo.codec$lambda$0(PacketRegisterInfo.java:32) ~[Cobblemon-fabric-1.6.1+1.21.1.jar:?]
	at knot//MC/net.minecraft.network.codec.PacketCodec$1.encode(PacketCodec.java:25) ~[server-intermediary.jar:?]
	at knot//MC/net.minecraft.network.packet.CustomPayload$1.encode(CustomPayload.java:52) ~[server-intermediary.jar:?]
	at knot//MC/net.minecraft.network.packet.CustomPayload$1.encode(CustomPayload.java:57) ~[server-intermediary.jar:?]
	at knot//MC/net.minecraft.network.packet.CustomPayload$1.encode(CustomPayload.java:39) ~[server-intermediary.jar:?]
	at knot//MC/net.minecraft.network.codec.PacketCodec$8.encode(PacketCodec.java:81) ~[server-intermediary.jar:?]
	at knot//MC/net.minecraft.network.codec.PacketCodec$9.encode(PacketCodec.java:97) ~[server-intermediary.jar:?]
	at knot//MC/net.minecraft.network.codec.PacketCodec$9.encode(PacketCodec.java:87) ~[server-intermediary.jar:?]
	at knot//MC/net.minecraft.network.handler.PacketCodecDispatcher.encode(PacketCodecDispatcher.java:53) ~[server-intermediary.jar:?]
	... 31 more
[20:47:05] [Netty Epoll Server IO #1/ERROR]: Error sending packet clientbound/minecraft:custom_payload
io.netty.handler.codec.EncoderException: Failed to encode packet 'clientbound/minecraft:custom_payload' (cobblemon:properties_completion_sync)
	at knot//MC/net.minecraft.network.handler.PacketCodecDispatcher.handler$bhe000$fabric-networking-api-v1$encode(PacketCodecDispatcher.java:547) ~[server-intermediary.jar:?]
	at knot//MC/net.minecraft.network.handler.PacketCodecDispatcher.encode(PacketCodecDispatcher.java:55) ~[server-intermediary.jar:?]
	at knot//MC/net.minecraft.network.handler.PacketCodecDispatcher.encode(PacketCodecDispatcher.java:14) ~[server-intermediary.jar:?]
	at knot//MC/net.minecraft.network.handler.EncoderHandler.encode(EncoderHandler.java:26) ~[server-intermediary.jar:?]
	at knot//MC/net.minecraft.network.handler.EncoderHandler.encode(EncoderHandler.java:12) ~[server-intermediary.jar:?]
	at knot/io.netty.handler.codec.MessageToByteEncoder.write(MessageToByteEncoder.java:107) ~[netty-codec-4.1.97.Final.jar:?]
	at knot/io.netty.channel.AbstractChannelHandlerContext.invokeWrite0(AbstractChannelHandlerContext.java:881) ~[netty-transport-4.1.97.Final.jar:?]
	at knot/io.netty.channel.AbstractChannelHandlerContext.invokeWrite(AbstractChannelHandlerContext.java:863) ~[netty-transport-4.1.97.Final.jar:?]
	at knot/io.netty.channel.AbstractChannelHandlerContext.write(AbstractChannelHandlerContext.java:968) ~[netty-transport-4.1.97.Final.jar:?]
	at knot/io.netty.channel.AbstractChannelHandlerContext.write(AbstractChannelHandlerContext.java:856) ~[netty-transport-4.1.97.Final.jar:?]
	at knot/io.netty.handler.codec.MessageToMessageEncoder.write(MessageToMessageEncoder.java:113) ~[netty-codec-4.1.97.Final.jar:?]
	at knot/io.netty.channel.AbstractChannelHandlerContext.invokeWrite0(AbstractChannelHandlerContext.java:881) ~[netty-transport-4.1.97.Final.jar:?]
	at knot/io.netty.channel.AbstractChannelHandlerContext.invokeWrite(AbstractChannelHandlerContext.java:863) ~[netty-transport-4.1.97.Final.jar:?]
	at knot/io.netty.channel.AbstractChannelHandlerContext.write(AbstractChannelHandlerContext.java:968) ~[netty-transport-4.1.97.Final.jar:?]
	at knot/io.netty.channel.AbstractChannelHandlerContext.write(AbstractChannelHandlerContext.java:856) ~[netty-transport-4.1.97.Final.jar:?]
	at knot/io.netty.channel.ChannelOutboundHandlerAdapter.write(ChannelOutboundHandlerAdapter.java:113) ~[netty-transport-4.1.97.Final.jar:?]
	at knot//MC/net.minecraft.network.ClientConnection$2.write(ClientConnection.java:530) ~[server-intermediary.jar:?]
	at knot/io.netty.channel.AbstractChannelHandlerContext.invokeWrite0(AbstractChannelHandlerContext.java:881) ~[netty-transport-4.1.97.Final.jar:?]
	at knot/io.netty.channel.AbstractChannelHandlerContext.invokeWriteAndFlush(AbstractChannelHandlerContext.java:940) ~[netty-transport-4.1.97.Final.jar:?]
	at knot/io.netty.channel.AbstractChannelHandlerContext.write(AbstractChannelHandlerContext.java:966) ~[netty-transport-4.1.97.Final.jar:?]
	at knot/io.netty.channel.AbstractChannelHandlerContext.writeAndFlush(AbstractChannelHandlerContext.java:934) ~[netty-transport-4.1.97.Final.jar:?]
	at knot/io.netty.channel.AbstractChannelHandlerContext.writeAndFlush(AbstractChannelHandlerContext.java:984) ~[netty-transport-4.1.97.Final.jar:?]
	at knot/io.netty.channel.DefaultChannelPipeline.writeAndFlush(DefaultChannelPipeline.java:1025) ~[netty-transport-4.1.97.Final.jar:?]
	at knot/io.netty.channel.AbstractChannel.writeAndFlush(AbstractChannel.java:306) ~[netty-transport-4.1.97.Final.jar:?]
	at knot//MC/net.minecraft.network.ClientConnection.sendInternal(ClientConnection.java:350) ~[server-intermediary.jar:?]
	at knot//MC/net.minecraft.network.ClientConnection.method_52917(ClientConnection.java:345) ~[server-intermediary.jar:?]
	at knot/io.netty.util.concurrent.AbstractEventExecutor.runTask(AbstractEventExecutor.java:174) ~[netty-common-4.1.97.Final.jar:?]
	at knot/io.netty.util.concurrent.AbstractEventExecutor.safeExecute(AbstractEventExecutor.java:167) ~[netty-common-4.1.97.Final.jar:?]
	at knot/io.netty.util.concurrent.SingleThreadEventExecutor.runAllTasks(SingleThreadEventExecutor.java:470) ~[netty-common-4.1.97.Final.jar:?]
	at knot/io.netty.channel.epoll.EpollEventLoop.run(EpollEventLoop.java:413) ~[netty-transport-classes-epoll-4.1.97.Final.jar:?]
	at knot/io.netty.util.concurrent.SingleThreadEventExecutor$4.run(SingleThreadEventExecutor.java:997) ~[netty-common-4.1.97.Final.jar:?]
	at knot/io.netty.util.internal.ThreadExecutorMap$2.run(ThreadExecutorMap.java:74) ~[netty-common-4.1.97.Final.jar:?]
	at java.base/java.lang.Thread.run(Thread.java:1583) [?:?]
Caused by: java.util.ConcurrentModificationException
	at java.base/java.util.HashMap$HashIterator.nextNode(HashMap.java:1605) ~[?:?]
	at java.base/java.util.HashMap$KeyIterator.next(HashMap.java:1628) ~[?:?]
	at knot//MC/net.minecraft.network.PacketByteBuf.writeCollection(PacketByteBuf.java:157) ~[server-intermediary.jar:?]
	at knot/com.cobblemon.mod.common.net.messages.client.data.DataRegistrySyncPacket.encode(DataRegistrySyncPacket.java:22) ~[Cobblemon-fabric-1.6.1+1.21.1.jar:?]
	at knot/com.cobblemon.mod.common.net.PacketRegisterInfo.codec$lambda$0(PacketRegisterInfo.java:32) ~[Cobblemon-fabric-1.6.1+1.21.1.jar:?]
	at knot//MC/net.minecraft.network.codec.PacketCodec$1.encode(PacketCodec.java:25) ~[server-intermediary.jar:?]
	at knot//MC/net.minecraft.network.packet.CustomPayload$1.encode(CustomPayload.java:52) ~[server-intermediary.jar:?]
	at knot//MC/net.minecraft.network.packet.CustomPayload$1.encode(CustomPayload.java:57) ~[server-intermediary.jar:?]
	at knot//MC/net.minecraft.network.packet.CustomPayload$1.encode(CustomPayload.java:39) ~[server-intermediary.jar:?]
	at knot//MC/net.minecraft.network.codec.PacketCodec$8.encode(PacketCodec.java:81) ~[server-intermediary.jar:?]
	at knot//MC/net.minecraft.network.codec.PacketCodec$9.encode(PacketCodec.java:97) ~[server-intermediary.jar:?]
	at knot//MC/net.minecraft.network.codec.PacketCodec$9.encode(PacketCodec.java:87) ~[server-intermediary.jar:?]
	at knot//MC/net.minecraft.network.handler.PacketCodecDispatcher.encode(PacketCodecDispatcher.java:53) ~[server-intermediary.jar:?]
	... 31 more
[20:47:05] [Netty Epoll Server IO #2/ERROR]: Error sending packet clientbound/minecraft:custom_payload
io.netty.handler.codec.EncoderException: Failed to encode packet 'clientbound/minecraft:custom_payload' (cobblemon:properties_completion_sync)
	at knot//MC/net.minecraft.network.handler.PacketCodecDispatcher.handler$bhe000$fabric-networking-api-v1$encode(PacketCodecDispatcher.java:547) ~[server-intermediary.jar:?]
	at knot//MC/net.minecraft.network.handler.PacketCodecDispatcher.encode(PacketCodecDispatcher.java:55) ~[server-intermediary.jar:?]
	at knot//MC/net.minecraft.network.handler.PacketCodecDispatcher.encode(PacketCodecDispatcher.java:14) ~[server-intermediary.jar:?]
	at knot//MC/net.minecraft.network.handler.EncoderHandler.encode(EncoderHandler.java:26) ~[server-intermediary.jar:?]
	at knot//MC/net.minecraft.network.handler.EncoderHandler.encode(EncoderHandler.java:12) ~[server-intermediary.jar:?]
	at knot/io.netty.handler.codec.MessageToByteEncoder.write(MessageToByteEncoder.java:107) ~[netty-codec-4.1.97.Final.jar:?]
	at knot/io.netty.channel.AbstractChannelHandlerContext.invokeWrite0(AbstractChannelHandlerContext.java:881) ~[netty-transport-4.1.97.Final.jar:?]
	at knot/io.netty.channel.AbstractChannelHandlerContext.invokeWrite(AbstractChannelHandlerContext.java:863) ~[netty-transport-4.1.97.Final.jar:?]
	at knot/io.netty.channel.AbstractChannelHandlerContext.write(AbstractChannelHandlerContext.java:968) ~[netty-transport-4.1.97.Final.jar:?]
	at knot/io.netty.channel.AbstractChannelHandlerContext.write(AbstractChannelHandlerContext.java:856) ~[netty-transport-4.1.97.Final.jar:?]
	at knot/io.netty.handler.codec.MessageToMessageEncoder.write(MessageToMessageEncoder.java:113) ~[netty-codec-4.1.97.Final.jar:?]
	at knot/io.netty.channel.AbstractChannelHandlerContext.invokeWrite0(AbstractChannelHandlerContext.java:881) ~[netty-transport-4.1.97.Final.jar:?]
	at knot/io.netty.channel.AbstractChannelHandlerContext.invokeWrite(AbstractChannelHandlerContext.java:863) ~[netty-transport-4.1.97.Final.jar:?]
	at knot/io.netty.channel.AbstractChannelHandlerContext.write(AbstractChannelHandlerContext.java:968) ~[netty-transport-4.1.97.Final.jar:?]
	at knot/io.netty.channel.AbstractChannelHandlerContext.write(AbstractChannelHandlerContext.java:856) ~[netty-transport-4.1.97.Final.jar:?]
	at knot/io.netty.channel.ChannelOutboundHandlerAdapter.write(ChannelOutboundHandlerAdapter.java:113) ~[netty-transport-4.1.97.Final.jar:?]
	at knot//MC/net.minecraft.network.ClientConnection$2.write(ClientConnection.java:530) ~[server-intermediary.jar:?]
	at knot/io.netty.channel.AbstractChannelHandlerContext.invokeWrite0(AbstractChannelHandlerContext.java:881) ~[netty-transport-4.1.97.Final.jar:?]
	at knot/io.netty.channel.AbstractChannelHandlerContext.invokeWriteAndFlush(AbstractChannelHandlerContext.java:940) ~[netty-transport-4.1.97.Final.jar:?]
	at knot/io.netty.channel.AbstractChannelHandlerContext.write(AbstractChannelHandlerContext.java:966) ~[netty-transport-4.1.97.Final.jar:?]
	at knot/io.netty.channel.AbstractChannelHandlerContext.writeAndFlush(AbstractChannelHandlerContext.java:934) ~[netty-transport-4.1.97.Final.jar:?]
	at knot/io.netty.channel.AbstractChannelHandlerContext.writeAndFlush(AbstractChannelHandlerContext.java:984) ~[netty-transport-4.1.97.Final.jar:?]
	at knot/io.netty.channel.DefaultChannelPipeline.writeAndFlush(DefaultChannelPipeline.java:1025) ~[netty-transport-4.1.97.Final.jar:?]
	at knot/io.netty.channel.AbstractChannel.writeAndFlush(AbstractChannel.java:306) ~[netty-transport-4.1.97.Final.jar:?]
	at knot//MC/net.minecraft.network.ClientConnection.sendInternal(ClientConnection.java:350) ~[server-intermediary.jar:?]
	at knot//MC/net.minecraft.network.ClientConnection.method_52917(ClientConnection.java:345) ~[server-intermediary.jar:?]
	at knot/io.netty.util.concurrent.AbstractEventExecutor.runTask(AbstractEventExecutor.java:174) ~[netty-common-4.1.97.Final.jar:?]
	at knot/io.netty.util.concurrent.AbstractEventExecutor.safeExecute(AbstractEventExecutor.java:167) ~[netty-common-4.1.97.Final.jar:?]
	at knot/io.netty.util.concurrent.SingleThreadEventExecutor.runAllTasks(SingleThreadEventExecutor.java:470) ~[netty-common-4.1.97.Final.jar:?]
	at knot/io.netty.channel.epoll.EpollEventLoop.run(EpollEventLoop.java:413) ~[netty-transport-classes-epoll-4.1.97.Final.jar:?]
	at knot/io.netty.util.concurrent.SingleThreadEventExecutor$4.run(SingleThreadEventExecutor.java:997) ~[netty-common-4.1.97.Final.jar:?]
	at knot/io.netty.util.internal.ThreadExecutorMap$2.run(ThreadExecutorMap.java:74) ~[netty-common-4.1.97.Final.jar:?]
	at java.base/java.lang.Thread.run(Thread.java:1583) [?:?]
Caused by: java.util.ConcurrentModificationException
	at java.base/java.util.HashMap$HashIterator.nextNode(HashMap.java:1605) ~[?:?]
	at java.base/java.util.HashMap$KeyIterator.next(HashMap.java:1628) ~[?:?]
	at knot//MC/net.minecraft.network.PacketByteBuf.writeCollection(PacketByteBuf.java:157) ~[server-intermediary.jar:?]
	at knot/com.cobblemon.mod.common.net.messages.client.data.DataRegistrySyncPacket.encode(DataRegistrySyncPacket.java:22) ~[Cobblemon-fabric-1.6.1+1.21.1.jar:?]
	at knot/com.cobblemon.mod.common.net.PacketRegisterInfo.codec$lambda$0(PacketRegisterInfo.java:32) ~[Cobblemon-fabric-1.6.1+1.21.1.jar:?]
	at knot//MC/net.minecraft.network.codec.PacketCodec$1.encode(PacketCodec.java:25) ~[server-intermediary.jar:?]
	at knot//MC/net.minecraft.network.packet.CustomPayload$1.encode(CustomPayload.java:52) ~[server-intermediary.jar:?]
	at knot//MC/net.minecraft.network.packet.CustomPayload$1.encode(CustomPayload.java:57) ~[server-intermediary.jar:?]
	at knot//MC/net.minecraft.network.packet.CustomPayload$1.encode(CustomPayload.java:39) ~[server-intermediary.jar:?]
	at knot//MC/net.minecraft.network.codec.PacketCodec$8.encode(PacketCodec.java:81) ~[server-intermediary.jar:?]
	at knot//MC/net.minecraft.network.codec.PacketCodec$9.encode(PacketCodec.java:97) ~[server-intermediary.jar:?]
	at knot//MC/net.minecraft.network.codec.PacketCodec$9.encode(PacketCodec.java:87) ~[server-intermediary.jar:?]
	at knot//MC/net.minecraft.network.handler.PacketCodecDispatcher.encode(PacketCodecDispatcher.java:53) ~[server-intermediary.jar:?]
	... 31 more
[20:47:05] [Netty Epoll Server IO #1/ERROR]: Error sending packet clientbound/minecraft:custom_payload
io.netty.handler.codec.EncoderException: Failed to encode packet 'clientbound/minecraft:custom_payload' (cobblemon:properties_completion_sync)
	at knot//MC/net.minecraft.network.handler.PacketCodecDispatcher.handler$bhe000$fabric-networking-api-v1$encode(PacketCodecDispatcher.java:547) ~[server-intermediary.jar:?]
	at knot//MC/net.minecraft.network.handler.PacketCodecDispatcher.encode(PacketCodecDispatcher.java:55) ~[server-intermediary.jar:?]
	at knot//MC/net.minecraft.network.handler.PacketCodecDispatcher.encode(PacketCodecDispatcher.java:14) ~[server-intermediary.jar:?]
	at knot//MC/net.minecraft.network.handler.EncoderHandler.encode(EncoderHandler.java:26) ~[server-intermediary.jar:?]
	at knot//MC/net.minecraft.network.handler.EncoderHandler.encode(EncoderHandler.java:12) ~[server-intermediary.jar:?]
	at knot/io.netty.handler.codec.MessageToByteEncoder.write(MessageToByteEncoder.java:107) ~[netty-codec-4.1.97.Final.jar:?]
	at knot/io.netty.channel.AbstractChannelHandlerContext.invokeWrite0(AbstractChannelHandlerContext.java:881) ~[netty-transport-4.1.97.Final.jar:?]
	at knot/io.netty.channel.AbstractChannelHandlerContext.invokeWrite(AbstractChannelHandlerContext.java:863) ~[netty-transport-4.1.97.Final.jar:?]
	at knot/io.netty.channel.AbstractChannelHandlerContext.write(AbstractChannelHandlerContext.java:968) ~[netty-transport-4.1.97.Final.jar:?]
	at knot/io.netty.channel.AbstractChannelHandlerContext.write(AbstractChannelHandlerContext.java:856) ~[netty-transport-4.1.97.Final.jar:?]
	at knot/io.netty.handler.codec.MessageToMessageEncoder.write(MessageToMessageEncoder.java:113) ~[netty-codec-4.1.97.Final.jar:?]
	at knot/io.netty.channel.AbstractChannelHandlerContext.invokeWrite0(AbstractChannelHandlerContext.java:881) ~[netty-transport-4.1.97.Final.jar:?]
	at knot/io.netty.channel.AbstractChannelHandlerContext.invokeWrite(AbstractChannelHandlerContext.java:863) ~[netty-transport-4.1.97.Final.jar:?]
	at knot/io.netty.channel.AbstractChannelHandlerContext.write(AbstractChannelHandlerContext.java:968) ~[netty-transport-4.1.97.Final.jar:?]
	at knot/io.netty.channel.AbstractChannelHandlerContext.write(AbstractChannelHandlerContext.java:856) ~[netty-transport-4.1.97.Final.jar:?]
	at knot/io.netty.channel.ChannelOutboundHandlerAdapter.write(ChannelOutboundHandlerAdapter.java:113) ~[netty-transport-4.1.97.Final.jar:?]
	at knot//MC/net.minecraft.network.ClientConnection$2.write(ClientConnection.java:530) ~[server-intermediary.jar:?]
	at knot/io.netty.channel.AbstractChannelHandlerContext.invokeWrite0(AbstractChannelHandlerContext.java:881) ~[netty-transport-4.1.97.Final.jar:?]
	at knot/io.netty.channel.AbstractChannelHandlerContext.invokeWriteAndFlush(AbstractChannelHandlerContext.java:940) ~[netty-transport-4.1.97.Final.jar:?]
	at knot/io.netty.channel.AbstractChannelHandlerContext.write(AbstractChannelHandlerContext.java:966) ~[netty-transport-4.1.97.Final.jar:?]
	at knot/io.netty.channel.AbstractChannelHandlerContext.writeAndFlush(AbstractChannelHandlerContext.java:934) ~[netty-transport-4.1.97.Final.jar:?]
	at knot/io.netty.channel.AbstractChannelHandlerContext.writeAndFlush(AbstractChannelHandlerContext.java:984) ~[netty-transport-4.1.97.Final.jar:?]
	at knot/io.netty.channel.DefaultChannelPipeline.writeAndFlush(DefaultChannelPipeline.java:1025) ~[netty-transport-4.1.97.Final.jar:?]
	at knot/io.netty.channel.AbstractChannel.writeAndFlush(AbstractChannel.java:306) ~[netty-transport-4.1.97.Final.jar:?]
	at knot//MC/net.minecraft.network.ClientConnection.sendInternal(ClientConnection.java:350) ~[server-intermediary.jar:?]
	at knot//MC/net.minecraft.network.ClientConnection.method_52917(ClientConnection.java:345) ~[server-intermediary.jar:?]
	at knot/io.netty.util.concurrent.AbstractEventExecutor.runTask(AbstractEventExecutor.java:174) ~[netty-common-4.1.97.Final.jar:?]
	at knot/io.netty.util.concurrent.AbstractEventExecutor.safeExecute(AbstractEventExecutor.java:167) ~[netty-common-4.1.97.Final.jar:?]
	at knot/io.netty.util.concurrent.SingleThreadEventExecutor.runAllTasks(SingleThreadEventExecutor.java:470) ~[netty-common-4.1.97.Final.jar:?]
	at knot/io.netty.channel.epoll.EpollEventLoop.run(EpollEventLoop.java:413) ~[netty-transport-classes-epoll-4.1.97.Final.jar:?]
	at knot/io.netty.util.concurrent.SingleThreadEventExecutor$4.run(SingleThreadEventExecutor.java:997) ~[netty-common-4.1.97.Final.jar:?]
	at knot/io.netty.util.internal.ThreadExecutorMap$2.run(ThreadExecutorMap.java:74) ~[netty-common-4.1.97.Final.jar:?]
	at java.base/java.lang.Thread.run(Thread.java:1583) [?:?]
Caused by: java.util.ConcurrentModificationException
	at java.base/java.util.HashMap$HashIterator.nextNode(HashMap.java:1605) ~[?:?]
	at java.base/java.util.HashMap$KeyIterator.next(HashMap.java:1628) ~[?:?]
	at knot//MC/net.minecraft.network.PacketByteBuf.writeCollection(PacketByteBuf.java:157) ~[server-intermediary.jar:?]
	at knot/com.cobblemon.mod.common.net.messages.client.data.DataRegistrySyncPacket.encode(DataRegistrySyncPacket.java:22) ~[Cobblemon-fabric-1.6.1+1.21.1.jar:?]
	at knot/com.cobblemon.mod.common.net.PacketRegisterInfo.codec$lambda$0(PacketRegisterInfo.java:32) ~[Cobblemon-fabric-1.6.1+1.21.1.jar:?]
	at knot//MC/net.minecraft.network.codec.PacketCodec$1.encode(PacketCodec.java:25) ~[server-intermediary.jar:?]
	at knot//MC/net.minecraft.network.packet.CustomPayload$1.encode(CustomPayload.java:52) ~[server-intermediary.jar:?]
	at knot//MC/net.minecraft.network.packet.CustomPayload$1.encode(CustomPayload.java:57) ~[server-intermediary.jar:?]
	at knot//MC/net.minecraft.network.packet.CustomPayload$1.encode(CustomPayload.java:39) ~[server-intermediary.jar:?]
	at knot//MC/net.minecraft.network.codec.PacketCodec$8.encode(PacketCodec.java:81) ~[server-intermediary.jar:?]
	at knot//MC/net.minecraft.network.codec.PacketCodec$9.encode(PacketCodec.java:97) ~[server-intermediary.jar:?]
	at knot//MC/net.minecraft.network.codec.PacketCodec$9.encode(PacketCodec.java:87) ~[server-intermediary.jar:?]
	at knot//MC/net.minecraft.network.handler.PacketCodecDispatcher.encode(PacketCodecDispatcher.java:53) ~[server-intermediary.jar:?]
	... 31 more
[20:47:05] [Netty Epoll Server IO #1/ERROR]: Error sending packet clientbound/minecraft:custom_payload
io.netty.handler.codec.EncoderException: Failed to encode packet 'clientbound/minecraft:custom_payload' (cobblemon:properties_completion_sync)
	at knot//MC/net.minecraft.network.handler.PacketCodecDispatcher.handler$bhe000$fabric-networking-api-v1$encode(PacketCodecDispatcher.java:547) ~[server-intermediary.jar:?]
	at knot//MC/net.minecraft.network.handler.PacketCodecDispatcher.encode(PacketCodecDispatcher.java:55) ~[server-intermediary.jar:?]
	at knot//MC/net.minecraft.network.handler.PacketCodecDispatcher.encode(PacketCodecDispatcher.java:14) ~[server-intermediary.jar:?]
	at knot//MC/net.minecraft.network.handler.EncoderHandler.encode(EncoderHandler.java:26) ~[server-intermediary.jar:?]
	at knot//MC/net.minecraft.network.handler.EncoderHandler.encode(EncoderHandler.java:12) ~[server-intermediary.jar:?]
	at knot/io.netty.handler.codec.MessageToByteEncoder.write(MessageToByteEncoder.java:107) ~[netty-codec-4.1.97.Final.jar:?]
	at knot/io.netty.channel.AbstractChannelHandlerContext.invokeWrite0(AbstractChannelHandlerContext.java:881) ~[netty-transport-4.1.97.Final.jar:?]
	at knot/io.netty.channel.AbstractChannelHandlerContext.invokeWrite(AbstractChannelHandlerContext.java:863) ~[netty-transport-4.1.97.Final.jar:?]
	at knot/io.netty.channel.AbstractChannelHandlerContext.write(AbstractChannelHandlerContext.java:968) ~[netty-transport-4.1.97.Final.jar:?]
	at knot/io.netty.channel.AbstractChannelHandlerContext.write(AbstractChannelHandlerContext.java:856) ~[netty-transport-4.1.97.Final.jar:?]
	at knot/io.netty.handler.codec.MessageToMessageEncoder.write(MessageToMessageEncoder.java:113) ~[netty-codec-4.1.97.Final.jar:?]
	at knot/io.netty.channel.AbstractChannelHandlerContext.invokeWrite0(AbstractChannelHandlerContext.java:881) ~[netty-transport-4.1.97.Final.jar:?]
	at knot/io.netty.channel.AbstractChannelHandlerContext.invokeWrite(AbstractChannelHandlerContext.java:863) ~[netty-transport-4.1.97.Final.jar:?]
	at knot/io.netty.channel.AbstractChannelHandlerContext.write(AbstractChannelHandlerContext.java:968) ~[netty-transport-4.1.97.Final.jar:?]
	at knot/io.netty.channel.AbstractChannelHandlerContext.write(AbstractChannelHandlerContext.java:856) ~[netty-transport-4.1.97.Final.jar:?]
	at knot/io.netty.channel.ChannelOutboundHandlerAdapter.write(ChannelOutboundHandlerAdapter.java:113) ~[netty-transport-4.1.97.Final.jar:?]
	at knot//MC/net.minecraft.network.ClientConnection$2.write(ClientConnection.java:530) ~[server-intermediary.jar:?]
	at knot/io.netty.channel.AbstractChannelHandlerContext.invokeWrite0(AbstractChannelHandlerContext.java:881) ~[netty-transport-4.1.97.Final.jar:?]
	at knot/io.netty.channel.AbstractChannelHandlerContext.invokeWriteAndFlush(AbstractChannelHandlerContext.java:940) ~[netty-transport-4.1.97.Final.jar:?]
	at knot/io.netty.channel.AbstractChannelHandlerContext.write(AbstractChannelHandlerContext.java:966) ~[netty-transport-4.1.97.Final.jar:?]
	at knot/io.netty.channel.AbstractChannelHandlerContext.writeAndFlush(AbstractChannelHandlerContext.java:934) ~[netty-transport-4.1.97.Final.jar:?]
	at knot/io.netty.channel.AbstractChannelHandlerContext.writeAndFlush(AbstractChannelHandlerContext.java:984) ~[netty-transport-4.1.97.Final.jar:?]
	at knot/io.netty.channel.DefaultChannelPipeline.writeAndFlush(DefaultChannelPipeline.java:1025) ~[netty-transport-4.1.97.Final.jar:?]
	at knot/io.netty.channel.AbstractChannel.writeAndFlush(AbstractChannel.java:306) ~[netty-transport-4.1.97.Final.jar:?]
	at knot//MC/net.minecraft.network.ClientConnection.sendInternal(ClientConnection.java:350) ~[server-intermediary.jar:?]
	at knot//MC/net.minecraft.network.ClientConnection.method_52917(ClientConnection.java:345) ~[server-intermediary.jar:?]
	at knot/io.netty.util.concurrent.AbstractEventExecutor.runTask(AbstractEventExecutor.java:174) ~[netty-common-4.1.97.Final.jar:?]
	at knot/io.netty.util.concurrent.AbstractEventExecutor.safeExecute(AbstractEventExecutor.java:167) ~[netty-common-4.1.97.Final.jar:?]
	at knot/io.netty.util.concurrent.SingleThreadEventExecutor.runAllTasks(SingleThreadEventExecutor.java:470) ~[netty-common-4.1.97.Final.jar:?]
	at knot/io.netty.channel.epoll.EpollEventLoop.run(EpollEventLoop.java:413) ~[netty-transport-classes-epoll-4.1.97.Final.jar:?]
	at knot/io.netty.util.concurrent.SingleThreadEventExecutor$4.run(SingleThreadEventExecutor.java:997) ~[netty-common-4.1.97.Final.jar:?]
	at knot/io.netty.util.internal.ThreadExecutorMap$2.run(ThreadExecutorMap.java:74) ~[netty-common-4.1.97.Final.jar:?]
	at java.base/java.lang.Thread.run(Thread.java:1583) [?:?]
Caused by: java.util.ConcurrentModificationException
	at java.base/java.util.HashMap$HashIterator.nextNode(HashMap.java:1605) ~[?:?]
	at java.base/java.util.HashMap$KeyIterator.next(HashMap.java:1628) ~[?:?]
	at knot//MC/net.minecraft.network.PacketByteBuf.writeCollection(PacketByteBuf.java:157) ~[server-intermediary.jar:?]
	at knot/com.cobblemon.mod.common.net.messages.client.data.DataRegistrySyncPacket.encode(DataRegistrySyncPacket.java:22) ~[Cobblemon-fabric-1.6.1+1.21.1.jar:?]
	at knot/com.cobblemon.mod.common.net.PacketRegisterInfo.codec$lambda$0(PacketRegisterInfo.java:32) ~[Cobblemon-fabric-1.6.1+1.21.1.jar:?]
	at knot//MC/net.minecraft.network.codec.PacketCodec$1.encode(PacketCodec.java:25) ~[server-intermediary.jar:?]
	at knot//MC/net.minecraft.network.packet.CustomPayload$1.encode(CustomPayload.java:52) ~[server-intermediary.jar:?]
	at knot//MC/net.minecraft.network.packet.CustomPayload$1.encode(CustomPayload.java:57) ~[server-intermediary.jar:?]
	at knot//MC/net.minecraft.network.packet.CustomPayload$1.encode(CustomPayload.java:39) ~[server-intermediary.jar:?]
	at knot//MC/net.minecraft.network.codec.PacketCodec$8.encode(PacketCodec.java:81) ~[server-intermediary.jar:?]
	at knot//MC/net.minecraft.network.codec.PacketCodec$9.encode(PacketCodec.java:97) ~[server-intermediary.jar:?]
	at knot//MC/net.minecraft.network.codec.PacketCodec$9.encode(PacketCodec.java:87) ~[server-intermediary.jar:?]
	at knot//MC/net.minecraft.network.handler.PacketCodecDispatcher.encode(PacketCodecDispatcher.java:53) ~[server-intermediary.jar:?]
	... 31 more
[20:47:05] [Netty Epoll Server IO #1/ERROR]: Error sending packet clientbound/minecraft:custom_payload
io.netty.handler.codec.EncoderException: Failed to encode packet 'clientbound/minecraft:custom_payload' (cobblemon:properties_completion_sync)
	at knot//MC/net.minecraft.network.handler.PacketCodecDispatcher.handler$bhe000$fabric-networking-api-v1$encode(PacketCodecDispatcher.java:547) ~[server-intermediary.jar:?]
	at knot//MC/net.minecraft.network.handler.PacketCodecDispatcher.encode(PacketCodecDispatcher.java:55) ~[server-intermediary.jar:?]
	at knot//MC/net.minecraft.network.handler.PacketCodecDispatcher.encode(PacketCodecDispatcher.java:14) ~[server-intermediary.jar:?]
	at knot//MC/net.minecraft.network.handler.EncoderHandler.encode(EncoderHandler.java:26) ~[server-intermediary.jar:?]
	at knot//MC/net.minecraft.network.handler.EncoderHandler.encode(EncoderHandler.java:12) ~[server-intermediary.jar:?]
	at knot/io.netty.handler.codec.MessageToByteEncoder.write(MessageToByteEncoder.java:107) ~[netty-codec-4.1.97.Final.jar:?]
	at knot/io.netty.channel.AbstractChannelHandlerContext.invokeWrite0(AbstractChannelHandlerContext.java:881) ~[netty-transport-4.1.97.Final.jar:?]
	at knot/io.netty.channel.AbstractChannelHandlerContext.invokeWrite(AbstractChannelHandlerContext.java:863) ~[netty-transport-4.1.97.Final.jar:?]
	at knot/io.netty.channel.AbstractChannelHandlerContext.write(AbstractChannelHandlerContext.java:968) ~[netty-transport-4.1.97.Final.jar:?]
	at knot/io.netty.channel.AbstractChannelHandlerContext.write(AbstractChannelHandlerContext.java:856) ~[netty-transport-4.1.97.Final.jar:?]
	at knot/io.netty.handler.codec.MessageToMessageEncoder.write(MessageToMessageEncoder.java:113) ~[netty-codec-4.1.97.Final.jar:?]
	at knot/io.netty.channel.AbstractChannelHandlerContext.invokeWrite0(AbstractChannelHandlerContext.java:881) ~[netty-transport-4.1.97.Final.jar:?]
	at knot/io.netty.channel.AbstractChannelHandlerContext.invokeWrite(AbstractChannelHandlerContext.java:863) ~[netty-transport-4.1.97.Final.jar:?]
	at knot/io.netty.channel.AbstractChannelHandlerContext.write(AbstractChannelHandlerContext.java:968) ~[netty-transport-4.1.97.Final.jar:?]
	at knot/io.netty.channel.AbstractChannelHandlerContext.write(AbstractChannelHandlerContext.java:856) ~[netty-transport-4.1.97.Final.jar:?]
	at knot/io.netty.channel.ChannelOutboundHandlerAdapter.write(ChannelOutboundHandlerAdapter.java:113) ~[netty-transport-4.1.97.Final.jar:?]
	at knot//MC/net.minecraft.network.ClientConnection$2.write(ClientConnection.java:530) ~[server-intermediary.jar:?]
	at knot/io.netty.channel.AbstractChannelHandlerContext.invokeWrite0(AbstractChannelHandlerContext.java:881) ~[netty-transport-4.1.97.Final.jar:?]
	at knot/io.netty.channel.AbstractChannelHandlerContext.invokeWriteAndFlush(AbstractChannelHandlerContext.java:940) ~[netty-transport-4.1.97.Final.jar:?]
	at knot/io.netty.channel.AbstractChannelHandlerContext.write(AbstractChannelHandlerContext.java:966) ~[netty-transport-4.1.97.Final.jar:?]
	at knot/io.netty.channel.AbstractChannelHandlerContext.writeAndFlush(AbstractChannelHandlerContext.java:934) ~[netty-transport-4.1.97.Final.jar:?]
	at knot/io.netty.channel.AbstractChannelHandlerContext.writeAndFlush(AbstractChannelHandlerContext.java:984) ~[netty-transport-4.1.97.Final.jar:?]
	at knot/io.netty.channel.DefaultChannelPipeline.writeAndFlush(DefaultChannelPipeline.java:1025) ~[netty-transport-4.1.97.Final.jar:?]
	at knot/io.netty.channel.AbstractChannel.writeAndFlush(AbstractChannel.java:306) ~[netty-transport-4.1.97.Final.jar:?]
	at knot//MC/net.minecraft.network.ClientConnection.sendInternal(ClientConnection.java:350) ~[server-intermediary.jar:?]
	at knot//MC/net.minecraft.network.ClientConnection.method_52917(ClientConnection.java:345) ~[server-intermediary.jar:?]
	at knot/io.netty.util.concurrent.AbstractEventExecutor.runTask(AbstractEventExecutor.java:174) ~[netty-common-4.1.97.Final.jar:?]
	at knot/io.netty.util.concurrent.AbstractEventExecutor.safeExecute(AbstractEventExecutor.java:167) ~[netty-common-4.1.97.Final.jar:?]
	at knot/io.netty.util.concurrent.SingleThreadEventExecutor.runAllTasks(SingleThreadEventExecutor.java:470) ~[netty-common-4.1.97.Final.jar:?]
	at knot/io.netty.channel.epoll.EpollEventLoop.run(EpollEventLoop.java:413) ~[netty-transport-classes-epoll-4.1.97.Final.jar:?]
	at knot/io.netty.util.concurrent.SingleThreadEventExecutor$4.run(SingleThreadEventExecutor.java:997) ~[netty-common-4.1.97.Final.jar:?]
	at knot/io.netty.util.internal.ThreadExecutorMap$2.run(ThreadExecutorMap.java:74) ~[netty-common-4.1.97.Final.jar:?]
	at java.base/java.lang.Thread.run(Thread.java:1583) [?:?]
Caused by: java.util.ConcurrentModificationException
	at java.base/java.util.HashMap$HashIterator.nextNode(HashMap.java:1605) ~[?:?]
	at java.base/java.util.HashMap$KeyIterator.next(HashMap.java:1628) ~[?:?]
	at knot//MC/net.minecraft.network.PacketByteBuf.writeCollection(PacketByteBuf.java:157) ~[server-intermediary.jar:?]
	at knot/com.cobblemon.mod.common.net.messages.client.data.DataRegistrySyncPacket.encode(DataRegistrySyncPacket.java:22) ~[Cobblemon-fabric-1.6.1+1.21.1.jar:?]
	at knot/com.cobblemon.mod.common.net.PacketRegisterInfo.codec$lambda$0(PacketRegisterInfo.java:32) ~[Cobblemon-fabric-1.6.1+1.21.1.jar:?]
	at knot//MC/net.minecraft.network.codec.PacketCodec$1.encode(PacketCodec.java:25) ~[server-intermediary.jar:?]
	at knot//MC/net.minecraft.network.packet.CustomPayload$1.encode(CustomPayload.java:52) ~[server-intermediary.jar:?]
	at knot//MC/net.minecraft.network.packet.CustomPayload$1.encode(CustomPayload.java:57) ~[server-intermediary.jar:?]
	at knot//MC/net.minecraft.network.packet.CustomPayload$1.encode(CustomPayload.java:39) ~[server-intermediary.jar:?]
	at knot//MC/net.minecraft.network.codec.PacketCodec$8.encode(PacketCodec.java:81) ~[server-intermediary.jar:?]
	at knot//MC/net.minecraft.network.codec.PacketCodec$9.encode(PacketCodec.java:97) ~[server-intermediary.jar:?]
	at knot//MC/net.minecraft.network.codec.PacketCodec$9.encode(PacketCodec.java:87) ~[server-intermediary.jar:?]
	at knot//MC/net.minecraft.network.handler.PacketCodecDispatcher.encode(PacketCodecDispatcher.java:53) ~[server-intermediary.jar:?]
	... 31 more
[20:47:05] [Netty Epoll Server IO #2/ERROR]: Error sending packet clientbound/minecraft:custom_payload
io.netty.handler.codec.EncoderException: Failed to encode packet 'clientbound/minecraft:custom_payload' (cobblemon:properties_completion_sync)
	at knot//MC/net.minecraft.network.handler.PacketCodecDispatcher.handler$bhe000$fabric-networking-api-v1$encode(PacketCodecDispatcher.java:547) ~[server-intermediary.jar:?]
	at knot//MC/net.minecraft.network.handler.PacketCodecDispatcher.encode(PacketCodecDispatcher.java:55) ~[server-intermediary.jar:?]
	at knot//MC/net.minecraft.network.handler.PacketCodecDispatcher.encode(PacketCodecDispatcher.java:14) ~[server-intermediary.jar:?]
	at knot//MC/net.minecraft.network.handler.EncoderHandler.encode(EncoderHandler.java:26) ~[server-intermediary.jar:?]
	at knot//MC/net.minecraft.network.handler.EncoderHandler.encode(EncoderHandler.java:12) ~[server-intermediary.jar:?]
	at knot/io.netty.handler.codec.MessageToByteEncoder.write(MessageToByteEncoder.java:107) ~[netty-codec-4.1.97.Final.jar:?]
	at knot/io.netty.channel.AbstractChannelHandlerContext.invokeWrite0(AbstractChannelHandlerContext.java:881) ~[netty-transport-4.1.97.Final.jar:?]
	at knot/io.netty.channel.AbstractChannelHandlerContext.invokeWrite(AbstractChannelHandlerContext.java:863) ~[netty-transport-4.1.97.Final.jar:?]
	at knot/io.netty.channel.AbstractChannelHandlerContext.write(AbstractChannelHandlerContext.java:968) ~[netty-transport-4.1.97.Final.jar:?]
	at knot/io.netty.channel.AbstractChannelHandlerContext.write(AbstractChannelHandlerContext.java:856) ~[netty-transport-4.1.97.Final.jar:?]
	at knot/io.netty.handler.codec.MessageToMessageEncoder.write(MessageToMessageEncoder.java:113) ~[netty-codec-4.1.97.Final.jar:?]
	at knot/io.netty.channel.AbstractChannelHandlerContext.invokeWrite0(AbstractChannelHandlerContext.java:881) ~[netty-transport-4.1.97.Final.jar:?]
	at knot/io.netty.channel.AbstractChannelHandlerContext.invokeWrite(AbstractChannelHandlerContext.java:863) ~[netty-transport-4.1.97.Final.jar:?]
	at knot/io.netty.channel.AbstractChannelHandlerContext.write(AbstractChannelHandlerContext.java:968) ~[netty-transport-4.1.97.Final.jar:?]
	at knot/io.netty.channel.AbstractChannelHandlerContext.write(AbstractChannelHandlerContext.java:856) ~[netty-transport-4.1.97.Final.jar:?]
	at knot/io.netty.channel.ChannelOutboundHandlerAdapter.write(ChannelOutboundHandlerAdapter.java:113) ~[netty-transport-4.1.97.Final.jar:?]
	at knot//MC/net.minecraft.network.ClientConnection$2.write(ClientConnection.java:530) ~[server-intermediary.jar:?]
	at knot/io.netty.channel.AbstractChannelHandlerContext.invokeWrite0(AbstractChannelHandlerContext.java:881) ~[netty-transport-4.1.97.Final.jar:?]
	at knot/io.netty.channel.AbstractChannelHandlerContext.invokeWriteAndFlush(AbstractChannelHandlerContext.java:940) ~[netty-transport-4.1.97.Final.jar:?]
	at knot/io.netty.channel.AbstractChannelHandlerContext.write(AbstractChannelHandlerContext.java:966) ~[netty-transport-4.1.97.Final.jar:?]
	at knot/io.netty.channel.AbstractChannelHandlerContext.writeAndFlush(AbstractChannelHandlerContext.java:934) ~[netty-transport-4.1.97.Final.jar:?]
	at knot/io.netty.channel.AbstractChannelHandlerContext.writeAndFlush(AbstractChannelHandlerContext.java:984) ~[netty-transport-4.1.97.Final.jar:?]
	at knot/io.netty.channel.DefaultChannelPipeline.writeAndFlush(DefaultChannelPipeline.java:1025) ~[netty-transport-4.1.97.Final.jar:?]
	at knot/io.netty.channel.AbstractChannel.writeAndFlush(AbstractChannel.java:306) ~[netty-transport-4.1.97.Final.jar:?]
	at knot//MC/net.minecraft.network.ClientConnection.sendInternal(ClientConnection.java:350) ~[server-intermediary.jar:?]
	at knot//MC/net.minecraft.network.ClientConnection.method_52917(ClientConnection.java:345) ~[server-intermediary.jar:?]
	at knot/io.netty.util.concurrent.AbstractEventExecutor.runTask(AbstractEventExecutor.java:174) ~[netty-common-4.1.97.Final.jar:?]
	at knot/io.netty.util.concurrent.AbstractEventExecutor.safeExecute(AbstractEventExecutor.java:167) ~[netty-common-4.1.97.Final.jar:?]
	at knot/io.netty.util.concurrent.SingleThreadEventExecutor.runAllTasks(SingleThreadEventExecutor.java:470) ~[netty-common-4.1.97.Final.jar:?]
	at knot/io.netty.channel.epoll.EpollEventLoop.run(EpollEventLoop.java:413) ~[netty-transport-classes-epoll-4.1.97.Final.jar:?]
	at knot/io.netty.util.concurrent.SingleThreadEventExecutor$4.run(SingleThreadEventExecutor.java:997) ~[netty-common-4.1.97.Final.jar:?]
	at knot/io.netty.util.internal.ThreadExecutorMap$2.run(ThreadExecutorMap.java:74) ~[netty-common-4.1.97.Final.jar:?]
	at java.base/java.lang.Thread.run(Thread.java:1583) [?:?]
Caused by: java.util.ConcurrentModificationException
	at java.base/java.util.HashMap$HashIterator.nextNode(HashMap.java:1605) ~[?:?]
	at java.base/java.util.HashMap$KeyIterator.next(HashMap.java:1628) ~[?:?]
	at knot//MC/net.minecraft.network.PacketByteBuf.writeCollection(PacketByteBuf.java:157) ~[server-intermediary.jar:?]
	at knot/com.cobblemon.mod.common.net.messages.client.data.DataRegistrySyncPacket.encode(DataRegistrySyncPacket.java:22) ~[Cobblemon-fabric-1.6.1+1.21.1.jar:?]
	at knot/com.cobblemon.mod.common.net.PacketRegisterInfo.codec$lambda$0(PacketRegisterInfo.java:32) ~[Cobblemon-fabric-1.6.1+1.21.1.jar:?]
	at knot//MC/net.minecraft.network.codec.PacketCodec$1.encode(PacketCodec.java:25) ~[server-intermediary.jar:?]
	at knot//MC/net.minecraft.network.packet.CustomPayload$1.encode(CustomPayload.java:52) ~[server-intermediary.jar:?]
	at knot//MC/net.minecraft.network.packet.CustomPayload$1.encode(CustomPayload.java:57) ~[server-intermediary.jar:?]
	at knot//MC/net.minecraft.network.packet.CustomPayload$1.encode(CustomPayload.java:39) ~[server-intermediary.jar:?]
	at knot//MC/net.minecraft.network.codec.PacketCodec$8.encode(PacketCodec.java:81) ~[server-intermediary.jar:?]
	at knot//MC/net.minecraft.network.codec.PacketCodec$9.encode(PacketCodec.java:97) ~[server-intermediary.jar:?]
	at knot//MC/net.minecraft.network.codec.PacketCodec$9.encode(PacketCodec.java:87) ~[server-intermediary.jar:?]
	at knot//MC/net.minecraft.network.handler.PacketCodecDispatcher.encode(PacketCodecDispatcher.java:53) ~[server-intermediary.jar:?]
	... 31 more
[20:47:05] [Netty Epoll Server IO #1/ERROR]: Error sending packet clientbound/minecraft:custom_payload
io.netty.handler.codec.EncoderException: Failed to encode packet 'clientbound/minecraft:custom_payload' (cobblemon:properties_completion_sync)
	at knot//MC/net.minecraft.network.handler.PacketCodecDispatcher.handler$bhe000$fabric-networking-api-v1$encode(PacketCodecDispatcher.java:547) ~[server-intermediary.jar:?]
	at knot//MC/net.minecraft.network.handler.PacketCodecDispatcher.encode(PacketCodecDispatcher.java:55) ~[server-intermediary.jar:?]
	at knot//MC/net.minecraft.network.handler.PacketCodecDispatcher.encode(PacketCodecDispatcher.java:14) ~[server-intermediary.jar:?]
	at knot//MC/net.minecraft.network.handler.EncoderHandler.encode(EncoderHandler.java:26) ~[server-intermediary.jar:?]
	at knot//MC/net.minecraft.network.handler.EncoderHandler.encode(EncoderHandler.java:12) ~[server-intermediary.jar:?]
	at knot/io.netty.handler.codec.MessageToByteEncoder.write(MessageToByteEncoder.java:107) ~[netty-codec-4.1.97.Final.jar:?]
	at knot/io.netty.channel.AbstractChannelHandlerContext.invokeWrite0(AbstractChannelHandlerContext.java:881) ~[netty-transport-4.1.97.Final.jar:?]
	at knot/io.netty.channel.AbstractChannelHandlerContext.invokeWrite(AbstractChannelHandlerContext.java:863) ~[netty-transport-4.1.97.Final.jar:?]
	at knot/io.netty.channel.AbstractChannelHandlerContext.write(AbstractChannelHandlerContext.java:968) ~[netty-transport-4.1.97.Final.jar:?]
	at knot/io.netty.channel.AbstractChannelHandlerContext.write(AbstractChannelHandlerContext.java:856) ~[netty-transport-4.1.97.Final.jar:?]
	at knot/io.netty.handler.codec.MessageToMessageEncoder.write(MessageToMessageEncoder.java:113) ~[netty-codec-4.1.97.Final.jar:?]
	at knot/io.netty.channel.AbstractChannelHandlerContext.invokeWrite0(AbstractChannelHandlerContext.java:881) ~[netty-transport-4.1.97.Final.jar:?]
	at knot/io.netty.channel.AbstractChannelHandlerContext.invokeWrite(AbstractChannelHandlerContext.java:863) ~[netty-transport-4.1.97.Final.jar:?]
	at knot/io.netty.channel.AbstractChannelHandlerContext.write(AbstractChannelHandlerContext.java:968) ~[netty-transport-4.1.97.Final.jar:?]
	at knot/io.netty.channel.AbstractChannelHandlerContext.write(AbstractChannelHandlerContext.java:856) ~[netty-transport-4.1.97.Final.jar:?]
	at knot/io.netty.channel.ChannelOutboundHandlerAdapter.write(ChannelOutboundHandlerAdapter.java:113) ~[netty-transport-4.1.97.Final.jar:?]
	at knot//MC/net.minecraft.network.ClientConnection$2.write(ClientConnection.java:530) ~[server-intermediary.jar:?]
	at knot/io.netty.channel.AbstractChannelHandlerContext.invokeWrite0(AbstractChannelHandlerContext.java:881) ~[netty-transport-4.1.97.Final.jar:?]
	at knot/io.netty.channel.AbstractChannelHandlerContext.invokeWriteAndFlush(AbstractChannelHandlerContext.java:940) ~[netty-transport-4.1.97.Final.jar:?]
	at knot/io.netty.channel.AbstractChannelHandlerContext.write(AbstractChannelHandlerContext.java:966) ~[netty-transport-4.1.97.Final.jar:?]
	at knot/io.netty.channel.AbstractChannelHandlerContext.writeAndFlush(AbstractChannelHandlerContext.java:934) ~[netty-transport-4.1.97.Final.jar:?]
	at knot/io.netty.channel.AbstractChannelHandlerContext.writeAndFlush(AbstractChannelHandlerContext.java:984) ~[netty-transport-4.1.97.Final.jar:?]
	at knot/io.netty.channel.DefaultChannelPipeline.writeAndFlush(DefaultChannelPipeline.java:1025) ~[netty-transport-4.1.97.Final.jar:?]
	at knot/io.netty.channel.AbstractChannel.writeAndFlush(AbstractChannel.java:306) ~[netty-transport-4.1.97.Final.jar:?]
	at knot//MC/net.minecraft.network.ClientConnection.sendInternal(ClientConnection.java:350) ~[server-intermediary.jar:?]
	at knot//MC/net.minecraft.network.ClientConnection.method_52917(ClientConnection.java:345) ~[server-intermediary.jar:?]
	at knot/io.netty.util.concurrent.AbstractEventExecutor.runTask(AbstractEventExecutor.java:174) ~[netty-common-4.1.97.Final.jar:?]
	at knot/io.netty.util.concurrent.AbstractEventExecutor.safeExecute(AbstractEventExecutor.java:167) ~[netty-common-4.1.97.Final.jar:?]
	at knot/io.netty.util.concurrent.SingleThreadEventExecutor.runAllTasks(SingleThreadEventExecutor.java:470) ~[netty-common-4.1.97.Final.jar:?]
	at knot/io.netty.channel.epoll.EpollEventLoop.run(EpollEventLoop.java:413) ~[netty-transport-classes-epoll-4.1.97.Final.jar:?]
	at knot/io.netty.util.concurrent.SingleThreadEventExecutor$4.run(SingleThreadEventExecutor.java:997) ~[netty-common-4.1.97.Final.jar:?]
	at knot/io.netty.util.internal.ThreadExecutorMap$2.run(ThreadExecutorMap.java:74) ~[netty-common-4.1.97.Final.jar:?]
	at java.base/java.lang.Thread.run(Thread.java:1583) [?:?]
Caused by: java.util.ConcurrentModificationException
	at java.base/java.util.HashMap$HashIterator.nextNode(HashMap.java:1605) ~[?:?]
	at java.base/java.util.HashMap$KeyIterator.next(HashMap.java:1628) ~[?:?]
	at knot//MC/net.minecraft.network.PacketByteBuf.writeCollection(PacketByteBuf.java:157) ~[server-intermediary.jar:?]
	at knot/com.cobblemon.mod.common.net.messages.client.data.DataRegistrySyncPacket.encode(DataRegistrySyncPacket.java:22) ~[Cobblemon-fabric-1.6.1+1.21.1.jar:?]
	at knot/com.cobblemon.mod.common.net.PacketRegisterInfo.codec$lambda$0(PacketRegisterInfo.java:32) ~[Cobblemon-fabric-1.6.1+1.21.1.jar:?]
	at knot//MC/net.minecraft.network.codec.PacketCodec$1.encode(PacketCodec.java:25) ~[server-intermediary.jar:?]
	at knot//MC/net.minecraft.network.packet.CustomPayload$1.encode(CustomPayload.java:52) ~[server-intermediary.jar:?]
	at knot//MC/net.minecraft.network.packet.CustomPayload$1.encode(CustomPayload.java:57) ~[server-intermediary.jar:?]
	at knot//MC/net.minecraft.network.packet.CustomPayload$1.encode(CustomPayload.java:39) ~[server-intermediary.jar:?]
	at knot//MC/net.minecraft.network.codec.PacketCodec$8.encode(PacketCodec.java:81) ~[server-intermediary.jar:?]
	at knot//MC/net.minecraft.network.codec.PacketCodec$9.encode(PacketCodec.java:97) ~[server-intermediary.jar:?]
	at knot//MC/net.minecraft.network.codec.PacketCodec$9.encode(PacketCodec.java:87) ~[server-intermediary.jar:?]
	at knot//MC/net.minecraft.network.handler.PacketCodecDispatcher.encode(PacketCodecDispatcher.java:53) ~[server-intermediary.jar:?]
	... 31 more
[20:47:05] [Server thread/INFO]: Loaded 936 moves
[20:47:05] [Server thread/INFO]: Loaded 317 abilities
[20:47:05] [Server thread/ERROR]: Unable to load entry from learnset: "legacy:attract"
[20:47:05] [Server thread/ERROR]: Unable to load entry from learnset: "legacy:confide"
[20:47:05] [Server thread/ERROR]: Unable to load entry from learnset: "legacy:frustration"
[20:47:05] [Server thread/ERROR]: Unable to load entry from learnset: "legacy:hiddenpower"
[20:47:05] [Server thread/ERROR]: Unable to load entry from learnset: "legacy:return"
[20:47:05] [Server thread/ERROR]: Unable to load entry from learnset: "legacy:round"
[20:47:05] [Server thread/ERROR]: Unable to load entry from learnset: "legacy:snore"
[20:47:05] [Server thread/ERROR]: Unable to load entry from learnset: "legacy:swagger"
[20:47:05] [Server thread/ERROR]: Unable to load entry from learnset: "legacy:toxic"
[20:47:05] [Server thread/ERROR]: Unable to load entry from learnset: "legacy:attract"
[20:47:05] [Server thread/ERROR]: Unable to load entry from learnset: "legacy:confide"
[20:47:05] [Server thread/ERROR]: Unable to load entry from learnset: "legacy:frustration"
[20:47:05] [Server thread/ERROR]: Unable to load entry from learnset: "legacy:hiddenpower"
[20:47:05] [Server thread/ERROR]: Unable to load entry from learnset: "legacy:return"
[20:47:05] [Server thread/ERROR]: Unable to load entry from learnset: "legacy:round"
[20:47:05] [Server thread/ERROR]: Unable to load entry from learnset: "legacy:snore"
[20:47:05] [Server thread/ERROR]: Unable to load entry from learnset: "legacy:swagger"
[20:47:05] [Server thread/ERROR]: Unable to load entry from learnset: "legacy:toxic"
[20:47:05] [Server thread/ERROR]: Unable to load entry from learnset: "legacy:uproar"
[20:47:05] [Server thread/ERROR]: Unable to load entry from learnset: "legacy:attract"
[20:47:05] [Server thread/ERROR]: Unable to load entry from learnset: "legacy:confide"
[20:47:05] [Server thread/ERROR]: Unable to load entry from learnset: "legacy:frustration"
[20:47:05] [Server thread/ERROR]: Unable to load entry from learnset: "legacy:hiddenpower"
[20:47:05] [Server thread/ERROR]: Unable to load entry from learnset: "legacy:return"
[20:47:05] [Server thread/ERROR]: Unable to load entry from learnset: "legacy:round"
[20:47:05] [Server thread/ERROR]: Unable to load entry from learnset: "legacy:snore"
[20:47:05] [Server thread/ERROR]: Unable to load entry from learnset: "legacy:swagger"
[20:47:05] [Server thread/ERROR]: Unable to load entry from learnset: "legacy:toxic"
[20:47:06] [Server thread/INFO]: Finished additions
[20:47:06] [Server thread/INFO]: Imported 259 held item IDs from showdown
[20:47:06] [Server thread/INFO]: Loaded 1038 Pokémon species
[20:47:06] [Server thread/INFO]: Loaded 25 spawn detail presets.
[20:47:06] [Server thread/INFO]: Starting dummy Showdown battle to force it to pre-load data.
[20:47:06] [Server thread/INFO]: Loaded 18 fossils
[20:47:06] [Server thread/ERROR]: Invalid path in mod resource-pack cobblemon: cobblemon:dex_entry_additions/README.md, ignoring
[20:47:06] [Server thread/ERROR]: Invalid path in mod resource-pack cobblemon: cobblemon:dex_additions/README.md, ignoring
[20:47:06] [Server thread/INFO]: Loaded 1 flows and 0 client flows
[20:47:06] [Server thread/ERROR]: Unknown preset name: village.
[20:47:06] [Server thread/ERROR]: Unknown preset name: village.
[20:47:06] [Server thread/ERROR]: Unknown preset name: flowers.
[20:47:06] [Server thread/ERROR]: Unknown preset name: flowers.
[20:47:06] [Server thread/ERROR]: Unknown preset name: underwater.
[20:47:06] [Server thread/ERROR]: Unknown preset name: underwater.
[20:47:06] [Server thread/ERROR]: Unknown preset name: underground.
[20:47:06] [Server thread/ERROR]: Unknown preset name: underground.
[20:47:06] [Server thread/ERROR]: Unknown preset name: underground.
[20:47:06] [Server thread/ERROR]: Unknown preset name: underground.
[20:47:06] [Server thread/ERROR]: Unknown preset name: flowers.
[20:47:07] [Server thread/ERROR]: Unknown preset name: underground.
[20:47:07] [Server thread/ERROR]: Unknown preset name: ruins.
[20:47:07] [Server thread/ERROR]: Unknown preset name: underwater.
[20:47:07] [Server thread/ERROR]: Unknown preset name: underwater.
[20:47:07] [Server thread/ERROR]: Unknown preset name: underwater.
[20:47:07] [Server thread/ERROR]: Unknown preset name: underwater.
[20:47:07] [Server thread/ERROR]: Unknown preset name: underwater.
[20:47:07] [Server thread/ERROR]: Unknown preset name: underwater.
[20:47:07] [Server thread/ERROR]: Unknown preset name: water_surface.
[20:47:07] [Server thread/ERROR]: Unknown preset name: water_surface.
[20:47:07] [Server thread/ERROR]: Unknown preset name: water_surface.
[20:47:07] [Server thread/ERROR]: Unknown preset name: underwater.
[20:47:07] [Server thread/ERROR]: Unknown preset name: underwater.
[20:47:07] [Server thread/ERROR]: Unknown preset name: village.
[20:47:07] [Server thread/ERROR]: Unknown preset name: underground.
[20:47:07] [Server thread/ERROR]: Unknown preset name: ruins.
[20:47:07] [Server thread/INFO]: Loaded 69 berries
[20:47:07] [Server thread/INFO]: Loaded 17 biome platforms
[20:47:07] [Server thread/INFO]: Loaded 237 Pokémon species with ride details
[20:47:07] [Server thread/INFO]: Loading configuration
[20:47:07] [Server thread/INFO]: [FOF] 72 move data files processed.
[20:47:07] [Server thread/INFO]: [FOF] 0 behavior data files processed.
[20:47:07] [Server thread/INFO]: [REI] ~~~~~~~~~~~~~~~~~~~~~~~~~~~~~~~~~~~~~~~~
[20:47:07] [Server thread/INFO]: [REI] REIPlugin starting main-reload for START.
[20:47:07] [Server thread/INFO]: [REI] Plugins (6):
[20:47:07] [Server thread/INFO]: [REI]  - (-100.00) DefaultPlugin of DefaultPlugin [roughlyenoughitems]
[20:47:07] [Server thread/INFO]: [REI]  - (0.00) FabricFluidAPISupportPlugin
[20:47:07] [Server thread/INFO]: [REI]  - (0.00) REIServerCompat of REIServerCompat [sophisticatedstorage]
[20:47:07] [Server thread/INFO]: [REI]  - (0.00) REIServerCompat of REIServerCompat [sophisticatedcore]
[20:47:07] [Server thread/INFO]: [REI]  - (0.00) REIServerCompat of REIServerCompat [sophisticatedbackpacks]
[20:47:07] [Server thread/INFO]: [REI]  - (0.00) DefaultRuntimePlugin of DefaultRuntimePlugin [roughlyenoughitems]
[20:47:07] [Server thread/INFO]: [REI] ~~~~~~~~~~~~~~~~~~~~~~~~~~~~~~~~~~~~~~~~
[20:47:07] [Server thread/INFO]: [REI] ~~~~~~~~~~~~~~~~~~~~~~~~~~~~~~~~~~~~~~~~
[20:47:07] [Server thread/INFO]: [REI] REIServerPlugin starting main-reload for START.
[20:47:07] [Server thread/INFO]: [REI] Plugins (6):
[20:47:07] [Server thread/INFO]: [REI]  - (-100.00) DefaultPlugin of DefaultPlugin [roughlyenoughitems]
[20:47:07] [Server thread/INFO]: [REI]  - (0.00) FabricFluidAPISupportPlugin
[20:47:07] [Server thread/INFO]: [REI]  - (0.00) REIServerCompat of REIServerCompat [sophisticatedstorage]
[20:47:07] [Server thread/INFO]: [REI]  - (0.00) REIServerCompat of REIServerCompat [sophisticatedcore]
[20:47:07] [Server thread/INFO]: [REI]  - (0.00) REIServerCompat of REIServerCompat [sophisticatedbackpacks]
[20:47:07] [Server thread/INFO]: [REI]  - (0.00) DefaultRuntimePlugin of DefaultRuntimePlugin [roughlyenoughitems]
[20:47:07] [Server thread/INFO]: [REI] ~~~~~~~~~~~~~~~~~~~~~~~~~~~~~~~~~~~~~~~~
[20:47:07] [Server thread/INFO]: [REI] REIPlugin finished post-reload for START in 1.196 ms, totaling 9.501 ms.
[20:47:07] [Server thread/INFO]: [REI] REIServerPlugin finished post-reload for START in 884.0 μs, totaling 4.188 ms.
[20:47:07] [Server thread/INFO]: [REI] %%%%%%%%%%%%%%%%%%%%%%%%%%%%%%%%%%%%%%%%
[20:47:07] [Server thread/INFO]: [REI] REIPlugin starting main-reload for END.
[20:47:07] [Server thread/INFO]: [REI] Plugins (6):
[20:47:07] [Server thread/INFO]: [REI]  - (-100.00) DefaultPlugin of DefaultPlugin [roughlyenoughitems]
[20:47:07] [Server thread/INFO]: [REI]  - (0.00) FabricFluidAPISupportPlugin
[20:47:07] [Server thread/INFO]: [REI]  - (0.00) REIServerCompat of REIServerCompat [sophisticatedstorage]
[20:47:07] [Server thread/INFO]: [REI]  - (0.00) REIServerCompat of REIServerCompat [sophisticatedcore]
[20:47:07] [Server thread/INFO]: [REI]  - (0.00) REIServerCompat of REIServerCompat [sophisticatedbackpacks]
[20:47:07] [Server thread/INFO]: [REI]  - (0.00) DefaultRuntimePlugin of DefaultRuntimePlugin [roughlyenoughitems]
[20:47:07] [Server thread/INFO]: [REI] %%%%%%%%%%%%%%%%%%%%%%%%%%%%%%%%%%%%%%%%
[20:47:07] [Server thread/INFO]: [REI] ++++++++++++++++++++++++++++++++++++++++
[20:47:07] [Server thread/INFO]: [REI] REIServerPlugin starting main-reload for END.
[20:47:07] [Server thread/INFO]: [REI] Plugins (6):
[20:47:07] [Server thread/INFO]: [REI]  - (-100.00) DefaultPlugin of DefaultPlugin [roughlyenoughitems]
[20:47:07] [Server thread/INFO]: [REI]  - (0.00) FabricFluidAPISupportPlugin
[20:47:07] [Server thread/INFO]: [REI]  - (0.00) REIServerCompat of REIServerCompat [sophisticatedstorage]
[20:47:07] [Server thread/INFO]: [REI]  - (0.00) REIServerCompat of REIServerCompat [sophisticatedcore]
[20:47:07] [Server thread/INFO]: [REI]  - (0.00) REIServerCompat of REIServerCompat [sophisticatedbackpacks]
[20:47:07] [Server thread/INFO]: [REI]  - (0.00) DefaultRuntimePlugin of DefaultRuntimePlugin [roughlyenoughitems]
[20:47:07] [Server thread/INFO]: [REI] ++++++++++++++++++++++++++++++++++++++++
[20:47:07] [Server thread/INFO]: [REI] REIPlugin finished post-reload for END in 642.5 μs, totaling 7.555 ms.
[20:47:07] [Server thread/INFO]: [REI] REIServerPlugin finished post-reload for END in 363.7 μs, totaling 3.411 ms.
[20:47:07] [ForkJoinPool.commonPool-worker-2/INFO]: Loaded 48 translation keys
[20:47:07] [Server thread/INFO]: Loaded 1 trades
[20:47:09] [Worker-ResourceReload-0/ERROR]: Couldn't load tag cobbleverse:hoenn_rudi_gym as it is missing following references: cobbleverse:rudi (from COBBLEVERSE-Hoenn-DP.zip)
[20:47:09] [Worker-ResourceReload-0/ERROR]: Couldn't load tag cobbleverse:hoenn_walter_gym as it is missing following references: cobbleverse:walter (from COBBLEVERSE-Hoenn-DP.zip)
[20:47:09] [Worker-ResourceReload-0/ERROR]: Couldn't load tag cobbleverse:hoenn_tell_pat_gym as it is missing following references: cobbleverse:tell_pat (from COBBLEVERSE-Hoenn-DP.zip)
[20:47:09] [Worker-ResourceReload-0/ERROR]: Couldn't load tag cobbleverse:hoenn_norman_gym as it is missing following references: cobbleverse:norman (from COBBLEVERSE-Hoenn-DP.zip)
[20:47:09] [Worker-ResourceReload-0/ERROR]: Couldn't load tag cobbleverse:hoenn_adriano_gym as it is missing following references: cobbleverse:adriano (from COBBLEVERSE-Hoenn-DP.zip)
[20:47:09] [Worker-ResourceReload-0/ERROR]: Couldn't load tag cobbleverse:hoenn_league_complex as it is missing following references: cobbleverse:hoenn_league (from COBBLEVERSE-Hoenn-DP.zip)
[20:47:09] [Worker-ResourceReload-0/ERROR]: Couldn't load tag cobbleverse:hoenn_alice_gym as it is missing following references: cobbleverse:alice (from COBBLEVERSE-Hoenn-DP.zip)
[20:47:09] [Worker-ResourceReload-0/ERROR]: Couldn't load tag cobbleverse:hoenn_fiammetta_gym as it is missing following references: cobbleverse:fiammetta (from COBBLEVERSE-Hoenn-DP.zip)
[20:47:09] [Worker-ResourceReload-0/ERROR]: Couldn't load tag cobbleverse:hoenn_petra_gym as it is missing following references: cobbleverse:petra (from COBBLEVERSE-Hoenn-DP.zip)
[20:47:09] [Worker-ResourceReload-0/INFO]: [FOF] Preparing to read move data
[20:47:10] [Worker-ResourceReload-0/INFO]: [FOF] Preparing to read behavior data
[20:47:10] [Server thread/INFO]: Loaded 4828 recipes
[20:47:10] [Server thread/INFO]: Loaded 4274 advancements
[20:47:10] [Server thread/INFO]: Loading configuration
[20:47:10] [Server thread/INFO]: [FOF] 72 move data files processed.
[20:47:10] [Server thread/INFO]: [FOF] 0 behavior data files processed.
[20:47:10] [Server thread/INFO]: [REI] ++++++++++++++++++++++++++++++++++++++++
[20:47:10] [Server thread/INFO]: [REI] REIPlugin starting main-reload for START.
[20:47:10] [Server thread/INFO]: [REI] Plugins (6):
[20:47:10] [Server thread/INFO]: [REI]  - (-100.00) DefaultPlugin of DefaultPlugin [roughlyenoughitems]
[20:47:10] [Server thread/INFO]: [REI]  - (0.00) FabricFluidAPISupportPlugin
[20:47:10] [Server thread/INFO]: [REI]  - (0.00) REIServerCompat of REIServerCompat [sophisticatedstorage]
[20:47:10] [Server thread/INFO]: [REI]  - (0.00) REIServerCompat of REIServerCompat [sophisticatedcore]
[20:47:10] [Server thread/INFO]: [REI]  - (0.00) REIServerCompat of REIServerCompat [sophisticatedbackpacks]
[20:47:10] [Server thread/INFO]: [REI]  - (0.00) DefaultRuntimePlugin of DefaultRuntimePlugin [roughlyenoughitems]
[20:47:10] [Server thread/INFO]: [REI] ++++++++++++++++++++++++++++++++++++++++
[20:47:10] [Server thread/INFO]: [REI] ~~~~~~~~~~~~~~~~~~~~~~~~~~~~~~~~~~~~~~~~
[20:47:10] [Server thread/INFO]: [REI] REIServerPlugin starting main-reload for START.
[20:47:10] [Server thread/INFO]: [REI] Plugins (6):
[20:47:10] [Server thread/INFO]: [REI]  - (-100.00) DefaultPlugin of DefaultPlugin [roughlyenoughitems]
[20:47:10] [Server thread/INFO]: [REI]  - (0.00) FabricFluidAPISupportPlugin
[20:47:10] [Server thread/INFO]: [REI]  - (0.00) REIServerCompat of REIServerCompat [sophisticatedstorage]
[20:47:10] [Server thread/INFO]: [REI]  - (0.00) REIServerCompat of REIServerCompat [sophisticatedcore]
[20:47:10] [Server thread/INFO]: [REI]  - (0.00) REIServerCompat of REIServerCompat [sophisticatedbackpacks]
[20:47:10] [Server thread/INFO]: [REI]  - (0.00) DefaultRuntimePlugin of DefaultRuntimePlugin [roughlyenoughitems]
[20:47:10] [Server thread/INFO]: [REI] ~~~~~~~~~~~~~~~~~~~~~~~~~~~~~~~~~~~~~~~~
[20:47:10] [Server thread/INFO]: [REI] REIPlugin finished post-reload for START in 919.3 μs, totaling 5.845 ms.
[20:47:10] [Server thread/INFO]: [REI] REIServerPlugin finished post-reload for START in 316.5 μs, totaling 5.343 ms.
[20:47:10] [Server thread/INFO]: [REI] ========================================
[20:47:10] [Server thread/INFO]: [REI] REIPlugin starting main-reload for END.
[20:47:10] [Server thread/INFO]: [REI] Plugins (6):
[20:47:10] [Server thread/INFO]: [REI]  - (-100.00) DefaultPlugin of DefaultPlugin [roughlyenoughitems]
[20:47:10] [Server thread/INFO]: [REI]  - (0.00) FabricFluidAPISupportPlugin
[20:47:10] [Server thread/INFO]: [REI]  - (0.00) REIServerCompat of REIServerCompat [sophisticatedstorage]
[20:47:10] [Server thread/INFO]: [REI]  - (0.00) REIServerCompat of REIServerCompat [sophisticatedcore]
[20:47:10] [Server thread/INFO]: [REI]  - (0.00) REIServerCompat of REIServerCompat [sophisticatedbackpacks]
[20:47:10] [Server thread/INFO]: [REI]  - (0.00) DefaultRuntimePlugin of DefaultRuntimePlugin [roughlyenoughitems]
[20:47:10] [Server thread/INFO]: [REI] ========================================
[20:47:10] [Server thread/INFO]: [REI] ~~~~~~~~~~~~~~~~~~~~~~~~~~~~~~~~~~~~~~~~
[20:47:10] [Server thread/INFO]: [REI] REIServerPlugin starting main-reload for END.
[20:47:10] [Server thread/INFO]: [REI] Plugins (6):
[20:47:10] [Server thread/INFO]: [REI]  - (-100.00) DefaultPlugin of DefaultPlugin [roughlyenoughitems]
[20:47:10] [Server thread/INFO]: [REI]  - (0.00) FabricFluidAPISupportPlugin
[20:47:10] [Server thread/INFO]: [REI]  - (0.00) REIServerCompat of REIServerCompat [sophisticatedstorage]
[20:47:10] [Server thread/INFO]: [REI]  - (0.00) REIServerCompat of REIServerCompat [sophisticatedcore]
[20:47:10] [Server thread/INFO]: [REI]  - (0.00) REIServerCompat of REIServerCompat [sophisticatedbackpacks]
[20:47:10] [Server thread/INFO]: [REI]  - (0.00) DefaultRuntimePlugin of DefaultRuntimePlugin [roughlyenoughitems]
[20:47:10] [Server thread/INFO]: [REI] ~~~~~~~~~~~~~~~~~~~~~~~~~~~~~~~~~~~~~~~~
[20:47:10] [Server thread/INFO]: [REI] REIPlugin finished post-reload for END in 530.6 μs, totaling 8.386 ms.
[20:47:10] [Server thread/INFO]: [REI] REIServerPlugin finished post-reload for END in 1.799 ms, totaling 5.133 ms.
[20:47:10] [ForkJoinPool.commonPool-worker-2/INFO]: Loaded 48 translation keys
[20:47:10] [Server thread/INFO]: Loaded 2 trades
[20:47:11] [Server thread/WARN]: Can't keep up! Is the server overloaded? Running 8389ms or 167 ticks behind
[20:47:11] [Server thread/INFO]: Data pack initialized: rctmod
[20:47:11] [Server thread/INFO]: Data pack initialized: COBBLEVERSE-RCT-DP-v13.zip
[20:47:15] [Server thread/INFO]: Registered 1664 trainers
[20:47:15] [Server thread/INFO]: wufeng lost connection: Internal Exception: io.netty.handler.codec.EncoderException: Failed to encode packet 'clientbound/minecraft:custom_payload' (cobblemon:properties_completion_sync)
[20:47:15] [Server thread/INFO]: wufeng left the game
[20:47:15] [Server thread/INFO]: Unregistered trainer player: wufeng
[20:47:15] [Server thread/INFO]: Sherwin1605 lost connection: Internal Exception: io.netty.handler.codec.EncoderException: Failed to encode packet 'clientbound/minecraft:custom_payload' (cobblemon:properties_completion_sync)
[20:47:15] [Server thread/INFO]: Sherwin1605 left the game
[20:47:15] [Server thread/INFO]: Unregistered trainer player: Sherwin1605
[20:47:17] [Server thread/INFO]: wufeng[/[0:0:0:0:0:0:0:1%0]:50674] logged in with entity id 1380358 at (8.532076513366219, 96.80254434219434, 237.14204948686893)
[20:47:17] [Server thread/INFO]: [Essential Commands] Loading PlayerData for player with uuid '91d907f0-1712-3f7a-99b3-e56388f97ec7'.
[20:47:17] [Server thread/INFO]: wufeng joined the game
[20:47:17] [Server thread/INFO]: [Essential Commands] Loading PlayerProfile for player with uuid '91d907f0-1712-3f7a-99b3-e56388f97ec7'.
[20:47:17] [Server thread/INFO]: Registered trainer player: wufeng
[20:47:18] [Server thread/INFO]: Channel update: wufeng -> default
[20:47:18] [Server thread/INFO]: [FANCYMENU] A client with FancyMenu installed joined the server: wufeng
[20:47:29] [Server thread/INFO]: Sherwin1605[/[0:0:0:0:0:0:0:1%0]:49478] logged in with entity id 1382057 at (3043.786313151198, 63.0, -1192.3870055687776)
[20:47:29] [Server thread/INFO]: [Essential Commands] Loading PlayerData for player with uuid 'fe86a590-ac58-32ad-abfc-2189b9705865'.
[20:47:29] [Server thread/INFO]: Sherwin1605 joined the game
[20:47:29] [Server thread/INFO]: [Essential Commands] Loading PlayerProfile for player with uuid 'fe86a590-ac58-32ad-abfc-2189b9705865'.
[20:47:29] [Server thread/INFO]: Registered trainer player: Sherwin1605
[20:47:30] [Server thread/INFO]: Channel update: Sherwin1605 -> default
[20:47:30] [Server thread/INFO]: [FANCYMENU] A client with FancyMenu installed joined the server: Sherwin1605
[20:50:03] [Server thread/WARN]: Tried to load a block entity for block Block{cobblefurnies:statue_ancient}[facing=north,half=upper] but failed at location class_2338{x=446, y=35, z=1238}
[20:50:11] [Server thread/INFO]: wufeng has made the advancement [Those Were the Days]
[20:50:17] [Server thread/INFO]: wufeng has made the advancement [War Pigs]
[20:50:41] [Server thread/INFO]: wufeng has made the advancement [Hidden in the Depths]
[20:51:16] [Server thread/WARN]: Tried to load a block entity for block Block{cobblefurnies:statue_ancient}[facing=north,half=upper] but failed at location class_2338{x=450, y=35, z=1238}
[20:52:38] [Server thread/INFO]: Unknown or incomplete command, see below for error
[20:52:38] [Server thread/INFO]: tps<--[HERE]
[20:52:51] [Server thread/INFO]: wufeng has completed the challenge [Hot Tourist Destinations]
[20:56:56] [Server thread/INFO]: Sherwin1605 lost connection: Disconnected
[20:56:56] [Server thread/INFO]: Sherwin1605 left the game
[20:56:56] [Server thread/INFO]: Unregistered trainer player: Sherwin1605
[20:59:56] [Server thread/WARN]: Tried to load a block entity for block Block{cobblefurnies:statue_ancient}[facing=east,half=upper] but failed at location class_2338{x=-982, y=42, z=1214}
[20:59:56] [Server thread/WARN]: Tried to load a block entity for block Block{cobblefurnies:statue_ancient}[facing=east,half=upper] but failed at location class_2338{x=-982, y=42, z=1218}
[21:00:16] [Server thread/WARN]: Volcarona (vehicle of wufeng) moved wrongly! 0.5678571242640373
[21:01:42] [Server thread/INFO]: 
[21:01:42] [Server thread/INFO]: [TabTPS] Server Tick Information
[21:01:42] [Server thread/INFO]: TPS: 20.00 (5s), 20.00 (1m), 20.00 (5m), 19.82 (15m)
[21:01:42] [Server thread/INFO]: MSPT - Average, Minimum, Maximum
[21:01:42] [Server thread/INFO]:  ├─ 5s - 5.23, 3.49, 8.19
[21:01:42] [Server thread/INFO]:  ├─ 10s - 5.52, 3.49, 32.59
[21:01:42] [Server thread/INFO]:  └─ 60s - 5.40, 3.43, 32.59
[21:01:42] [Server thread/INFO]: CPU: 19.2%, 10.5% (sys., proc.)
[21:01:42] [Server thread/INFO]: RAM: 3521M/12288M (max. 12288M)
[21:01:42] [Server thread/INFO]: [|||||||||||||||||||||||||||||||||||||||||||||||||||||||||||||||||||||||||||||||||||||||||||]
[21:05:13] [Server thread/INFO]: Stopping server
[21:05:13] [Server thread/INFO]: Saving players
[21:05:13] [Server thread/INFO]: wufeng lost connection: Server closed
[21:05:13] [Server thread/INFO]: wufeng left the game
[21:05:13] [Server thread/INFO]: Unregistered trainer player: wufeng
[21:05:13] [Server thread/ERROR]: Exception stopping the server
java.util.concurrent.RejectedExecutionException: The Requester has been stopped! No new requests can be requested!
	at knot/net.dv8tion.jda.internal.requests.Requester.request(Requester.java:123) ~[net_dv8tion_jda-5.6.1-dd389ece37114172.jar:?]
	at knot/net.dv8tion.jda.internal.requests.RestActionImpl.queue(RestActionImpl.java:203) ~[net_dv8tion_jda-5.6.1-dd389ece37114172.jar:?]
	at knot/net.dv8tion.jda.api.requests.RestAction.queue(RestAction.java:577) ~[net_dv8tion_jda-5.6.1-dd389ece37114172.jar:?]
	at knot/net.dv8tion.jda.api.requests.RestAction.queue(RestAction.java:543) ~[net_dv8tion_jda-5.6.1-dd389ece37114172.jar:?]
	at knot/com.xujiayao.discord_mc_chat.minecraft.MinecraftEventListener.lambda$init$7(MinecraftEventListener.java:306) ~[discord-mc-chat-1_21_1-2.7.0-759c49bd7d3c1bde.jar:?]
	at knot/com.xujiayao.discord_mc_chat.minecraft.MinecraftEvents.lambda$static$12(MinecraftEvents.java:57) ~[discord-mc-chat-1_21_1-2.7.0-759c49bd7d3c1bde.jar:?]
	at knot//MC/net.minecraft.server.PlayerManager.handler$bbd001$discord-mc-chat-1_21_1$remove(PlayerManager.java:3504) ~[server-intermediary.jar:?]
	at knot//MC/net.minecraft.server.PlayerManager.remove(PlayerManager.java:406) ~[server-intermediary.jar:?]
	at knot//MC/net.minecraft.server.network.ServerPlayNetworkHandler.cleanUp(ServerPlayNetworkHandler.java:1250) ~[server-intermediary.jar:?]
	at knot//MC/net.minecraft.server.network.ServerPlayNetworkHandler.onDisconnected(ServerPlayNetworkHandler.java:1239) ~[server-intermediary.jar:?]
	at knot//MC/net.minecraft.network.ClientConnection.handleDisconnection(ClientConnection.java:673) ~[server-intermediary.jar:?]
	at knot//MC/net.minecraft.util.thread.ThreadExecutor.submitAndJoin(ThreadExecutor.java:93) ~[server-intermediary.jar:?]
	at knot//MC/net.minecraft.server.network.ServerCommonNetworkHandler.disconnect(ServerCommonNetworkHandler.java:170) ~[server-intermediary.jar:?]
	at knot//MC/net.minecraft.server.network.ServerCommonNetworkHandler.disconnect(ServerCommonNetworkHandler.java:164) ~[server-intermediary.jar:?]
	at knot//MC/net.minecraft.server.PlayerManager.disconnectAllPlayers(PlayerManager.java:787) ~[server-intermediary.jar:?]
	at knot/net.minecraft.server.MinecraftServer.shutdown(MinecraftServer.java:602) ~[server-intermediary.jar:?]
	at knot//MC/net.minecraft.server.dedicated.MinecraftDedicatedServer.shutdown(MinecraftDedicatedServer.java:561) ~[server-intermediary.jar:?]
	at knot/net.minecraft.server.MinecraftServer.runServer(MinecraftServer.java:735) ~[server-intermediary.jar:?]
	at knot/net.minecraft.server.MinecraftServer.method_29739(MinecraftServer.java:281) ~[server-intermediary.jar:?]
	at java.base/java.lang.Thread.run(Thread.java:1583) [?:?]
