[11:11:54] [main/INFO] ========================================
[11:11:54] [main/INFO] Minecraft: 1.21.1
[11:11:54] [main/INFO] Side: server
[11:11:54] [main/INFO] Development: false
[11:11:54] [main/INFO] Version: 16.0.799
[11:11:54] [main/INFO] Loader:
[11:11:54] [main/INFO] - Fabric: 0.18.1
[11:11:54] [main/INFO] - Fabric API: 0.116.7+1.21.1
[11:11:54] [main/INFO] Dependencies:
[11:11:54] [main/INFO] - Cloth Config: 15.0.140
[11:11:54] [main/INFO] - Architectury: 13.0.8
[11:11:54] [main/INFO] Mixin: 0.8.7
[11:11:54] [main/INFO] OS: Linux 6.8.0-1030-azure (amd64)
[11:11:54] [main/INFO] Java: 21.0.9 (Microsoft)
[11:11:54] [main/INFO] ========================================
[11:11:54] [main/INFO] Mods:
[11:11:54] [main/INFO] - advancementdisable: 1.0.0
[11:11:54] [main/INFO] - adventure-platform-fabric: 5.14.1
[11:11:54] [main/INFO] - antixray: 1.4.6
[11:11:54] [main/INFO] - architectury: 13.0.8
[11:11:54] [main/INFO] - athena: 4.0.2
[11:11:54] [main/INFO] - badgebox: 1.1.1
[11:11:54] [main/INFO] - balm: 21.0.53
[11:11:54] [main/INFO] - beautify: 1.3.0+1.21.1
[11:11:54] [main/INFO] - biome_replacer: 2.1-hippo
[11:11:54] [main/INFO] - blue_endless_jankson: 1.2.3
[11:11:54] [main/INFO] - c2me: 0.3.0+alpha.0.362+1.21.1
[11:11:54] [main/INFO] - c2me-base: 0.3.0+alpha.0.362+1.21.1
[11:11:54] [main/INFO] - c2me-fixes-chunkio-threading-issues: 0.3.0+alpha.0.362+1.21.1
[11:11:54] [main/INFO] - c2me-fixes-general-threading-issues: 0.3.0+alpha.0.362+1.21.1
[11:11:54] [main/INFO] - c2me-fixes-worldgen-threading-issues: 0.3.0+alpha.0.362+1.21.1
[11:11:54] [main/INFO] - c2me-fixes-worldgen-vanilla-bugs: 0.3.0+alpha.0.362+1.21.1
[11:11:54] [main/INFO] - c2me-notickvd: 0.3.0+alpha.0.362+1.21.1
[11:11:54] [main/INFO] - c2me-opts-allocs: 0.3.0+alpha.0.362+1.21.1
[11:11:54] [main/INFO] - c2me-opts-chunkio: 0.3.0+alpha.0.362+1.21.1
[11:11:54] [main/INFO] - c2me-opts-dfc: 0.3.0+alpha.0.362+1.21.1
[11:11:54] [main/INFO] - c2me-opts-math: 0.3.0+alpha.0.362+1.21.1
[11:11:54] [main/INFO] - c2me-opts-scheduling: 0.3.0+alpha.0.362+1.21.1
[11:11:54] [main/INFO] - c2me-opts-worldgen-general: 0.3.0+alpha.0.362+1.21.1
[11:11:54] [main/INFO] - c2me-opts-worldgen-vanilla: 0.3.0+alpha.0.362+1.21.1
[11:11:54] [main/INFO] - c2me-rewrites-chunk-serializer: 0.3.0+alpha.0.362+1.21.1
[11:11:54] [main/INFO] - c2me-rewrites-chunk-system: 0.3.0+alpha.0.362+1.21.1
[11:11:54] [main/INFO] - c2me-rewrites-chunkio: 0.3.0+alpha.0.362+1.21.1
[11:11:54] [main/INFO] - c2me-server-utils: 0.3.0+alpha.0.362+1.21.1
[11:11:54] [main/INFO] - c2me-threading-lighting: 0.3.0+alpha.0.362+1.21.1
[11:11:54] [main/INFO] - capture_xp: 1.6.1-fabric-1.2.0
[11:11:54] [main/INFO] - cardinal-components-base: 6.1.2
[11:11:54] [main/INFO] - cardinal-components-block: 6.1.0
[11:11:54] [main/INFO] - cardinal-components-entity: 6.1.2
[11:11:54] [main/INFO] - carved_wood: 1.7.6
[11:11:54] [main/INFO] - chunky: 1.4.23
[11:11:54] [main/INFO] - cloth-basic-math: 0.6.1
[11:11:54] [main/INFO] - cloth-config: 15.0.140
[11:11:54] [main/INFO] - cloth-config: 15.0.140
[11:11:54] [main/INFO] - cloud: 2.0.0-beta.9
[11:11:54] [main/INFO] - cobblecuisine: 1.2
[11:11:54] [main/INFO] - cobbledollars: 2.0.0+Beta-5.1+1.21.1
[11:11:54] [main/INFO] - cobblefurnies: 0.6.3
[11:11:54] [main/INFO] - cobblemon: 1.6.1+1.21.1
[11:11:54] [main/INFO] - cobblemon-additions: 3.9.4
[11:11:54] [main/INFO] - cobblemonboxlink: 1.0.4
[11:11:54] [main/INFO] - cobblenav: 2.2.4
[11:11:54] [main/INFO] - cobbleride: 0.3.3+1.21.1
[11:11:54] [main/INFO] - cobbleversebadges: 1.2
[11:11:54] [main/INFO] - cobbreeding: 1.9.1
[11:11:54] [main/INFO] - com_electronwill_night-config_core: 3.8.0
[11:11:54] [main/INFO] - com_electronwill_night-config_toml: 3.8.0
[11:11:54] [main/INFO] - com_fasterxml_jackson_core_jackson-annotations: 2.18.3
[11:11:54] [main/INFO] - com_fasterxml_jackson_core_jackson-core: 2.18.3
[11:11:54] [main/INFO] - com_fasterxml_jackson_core_jackson-databind: 2.18.3
[11:11:54] [main/INFO] - com_github_keksuccino_japng: 0.5.3
[11:11:54] [main/INFO] - com_github_rtyley_animated-gif-lib-for-java: animated-gif-lib-1.7
[11:11:54] [main/INFO] - com_ibm_async_asyncutil: 0.1.0
[11:11:54] [main/INFO] - com_moandjiezana_toml_toml4j: 0.7.2
[11:11:54] [main/INFO] - com_neovisionaries_nv-websocket-client: 2.14
[11:11:54] [main/INFO] - com_posthog_java_posthog: 1.1.0
[11:11:54] [main/INFO] - com_squareup_okhttp3_okhttp: 4.12.0
[11:11:54] [main/INFO] - com_squareup_okio_okio-jvm: 3.6.0
[11:11:54] [main/INFO] - com_teamresourceful_bytecodecs: 1.1.2
[11:11:54] [main/INFO] - com_teamresourceful_yabn: 1.0.3
[11:11:54] [main/INFO] - com_twelvemonkeys_common_common-image: 3.12.0
[11:11:54] [main/INFO] - com_twelvemonkeys_common_common-io: 3.12.0
[11:11:54] [main/INFO] - com_twelvemonkeys_common_common-lang: 3.12.0
[11:11:54] [main/INFO] - com_twelvemonkeys_imageio_imageio-core: 3.12.0
[11:11:54] [main/INFO] - com_twelvemonkeys_imageio_imageio-metadata: 3.12.0
[11:11:54] [main/INFO] - com_twelvemonkeys_imageio_imageio-webp: 3.12.0
[11:11:54] [main/INFO] - com_typesafe_config: 1.4.3
[11:11:54] [main/INFO] - com_velocitypowered_velocity-native: 3.3.0-SNAPSHOT
[11:11:54] [main/INFO] - comforts: 9.0.4+1.21.1
[11:11:54] [main/INFO] - commons-io_commons-io: 2.15.1
[11:11:54] [main/INFO] - cozyhome: 1.1.15
[11:11:54] [main/INFO] - debugify: 1.21.1+1.0
[11:11:54] [main/INFO] - defaultoptions: 21.1.2
[11:11:54] [main/INFO] - discord-mc-chat: 2.7.0
[11:11:54] [main/INFO] - discord-mc-chat-1_21_1: 2.7.0
[11:11:54] [main/INFO] - ec-core: 1.3.0-mc1.21
[11:11:54] [main/INFO] - entityculling: 1.9.0
[11:11:54] [main/INFO] - error_notifier: 1.0.11
[11:11:54] [main/INFO] - essential_commands: 0.35.2-mc1.21
[11:11:54] [main/INFO] - fabric-api: 0.116.7+1.21.1
[11:11:54] [main/INFO] - fabric-api: 0.116.7+1.21.1
[11:11:54] [main/INFO] - fabric-api-base: 0.4.42+6573ed8c19
[11:11:54] [main/INFO] - fabric-api-lookup-api-v1: 1.6.71+b559734419
[11:11:54] [main/INFO] - fabric-biome-api-v1: 13.0.31+d527f9fd19
[11:11:54] [main/INFO] - fabric-block-api-v1: 1.1.0+0bc3503219
[11:11:54] [main/INFO] - fabric-block-view-api-v2: 1.0.11+ebb2264e19
[11:11:54] [main/INFO] - fabric-command-api-v1: 1.2.49+f71b366f19
[11:11:54] [main/INFO] - fabric-command-api-v2: 2.2.28+6ced4dd919
[11:11:54] [main/INFO] - fabric-commands-v0: 0.2.66+df3654b319
[11:11:54] [main/INFO] - fabric-content-registries-v0: 8.0.19+b559734419
[11:11:54] [main/INFO] - fabric-convention-tags-v1: 2.1.5+7f945d5b19
[11:11:54] [main/INFO] - fabric-convention-tags-v2: 2.11.1+a406e79519
[11:11:54] [main/INFO] - fabric-crash-report-info-v1: 0.2.29+0af3f5a719
[11:11:54] [main/INFO] - fabric-data-attachment-api-v1: 1.4.5+6116a37819
[11:11:54] [main/INFO] - fabric-data-generation-api-v1: 20.2.34+37516cd619
[11:11:54] [main/INFO] - fabric-dimensions-v1: 4.0.1+65213ef819
[11:11:54] [main/INFO] - fabric-entity-events-v1: 1.8.0+2b27e0a419
[11:11:54] [main/INFO] - fabric-events-interaction-v0: 0.7.13+ba9dae0619
[11:11:54] [main/INFO] - fabric-game-rule-api-v1: 1.0.53+6ced4dd919
[11:11:54] [main/INFO] - fabric-item-api-v1: 11.2.0+3b3cb2e819
[11:11:54] [main/INFO] - fabric-item-group-api-v1: 4.1.7+def88e3a19
[11:11:54] [main/INFO] - fabric-language-kotlin: 1.13.6+kotlin.2.2.20
[11:11:54] [main/INFO] - fabric-lifecycle-events-v1: 2.6.0+0865547519
[11:11:54] [main/INFO] - fabric-loot-api-v2: 3.0.15+3f89f5a519
[11:11:54] [main/INFO] - fabric-loot-api-v3: 1.0.3+3f89f5a519
[11:11:54] [main/INFO] - fabric-message-api-v1: 6.0.14+8aaf3aca19
[11:11:54] [main/INFO] - fabric-networking-api-v1: 4.3.0+c7469b2119
[11:11:54] [main/INFO] - fabric-object-builder-api-v1: 15.2.1+40875a9319
[11:11:54] [main/INFO] - fabric-particles-v1: 4.0.2+6573ed8c19
[11:11:54] [main/INFO] - fabric-permissions-api-v0: 0.3.1
[11:11:54] [main/INFO] - fabric-recipe-api-v1: 5.0.15+2475392c19
[11:11:54] [main/INFO] - fabric-registry-sync-v0: 5.3.1+e3eddc2119
[11:11:54] [main/INFO] - fabric-rendering-data-attachment-v1: 0.3.49+73761d2e19
[11:11:54] [main/INFO] - fabric-rendering-fluids-v1: 3.1.6+1daea21519
[11:11:54] [main/INFO] - fabric-resource-conditions-api-v1: 4.3.0+8dc279b119
[11:11:54] [main/INFO] - fabric-resource-loader-v0: 1.3.1+5b5275af19
[11:11:54] [main/INFO] - fabric-screen-handler-api-v1: 1.3.90+b559734419
[11:11:54] [main/INFO] - fabric-transfer-api-v1: 5.4.3+c24bd99419
[11:11:54] [main/INFO] - fabric-transitive-access-wideners-v1: 6.2.0+45b9699719
[11:11:54] [main/INFO] - fabricloader: 0.18.1
[11:11:54] [main/INFO] - fancymenu: 3.7.0
[11:11:54] [main/INFO] - ferritecore: 7.0.2-hotfix
[11:11:54] [main/INFO] - fiber: 0.23.0-2
[11:11:54] [main/INFO] - fightorflight: 0.8.4
[11:11:54] [main/INFO] - forgeconfigapiport: 21.1.4
[11:11:54] [main/INFO] - forgivingvoid: 21.1.5
[11:11:54] [main/INFO] - geckolib: 4.8.2
[11:11:54] [main/INFO] - globalpacks: 21.0.6
[11:11:54] [main/INFO] - handcrafted: 4.0.3
[11:11:54] [main/INFO] - highlight: 3.5.0
[11:11:54] [main/INFO] - hugestructureblocks: 1.1.6
[11:11:54] [main/INFO] - iceberg: 1.3.2
[11:11:54] [main/INFO] - interactic: 0.2.3+1.21
[11:11:54] [main/INFO] - io_gitlab_jfronny_muscript-all: 2.0.0-SNAPSHOT
[11:11:54] [main/INFO] - io_gitlab_jfronny_muscript-json: 2.0.0-SNAPSHOT
[11:11:54] [main/INFO] - io_leangen_geantyref_geantyref: 1.3.15
[11:11:54] [main/INFO] - io_reactivex_rxjava3_rxjava: 3.1.12
[11:11:54] [main/INFO] - io_wispforest_endec: 0.1.5.1
[11:11:54] [main/INFO] - io_wispforest_endec_gson: 0.1.3.1
[11:11:54] [main/INFO] - io_wispforest_endec_jankson: 0.1.3.1
[11:11:54] [main/INFO] - io_wispforest_endec_netty: 0.1.2
[11:11:54] [main/INFO] - jackfredlib-base: 1.4.0+1.21
[11:11:54] [main/INFO] - jackfredlib-colour: 1.1.0+1.21
[11:11:54] [main/INFO] - jackfredlib-config: 0.2.3+1.21
[11:11:54] [main/INFO] - jackfredlib-lying: 0.5.5+1.21
[11:11:54] [main/INFO] - java: 21
[11:11:54] [main/INFO] - konkrete: 1.9.9
[11:11:54] [main/INFO] - krypton: 0.2.8
[11:11:54] [main/INFO] - kuma_api: 21.0.7
[11:11:54] [main/INFO] - lenientdeath: 1.2.5+1.21.1
[11:11:54] [main/INFO] - libjf: 3.17.3
[11:11:54] [main/INFO] - libjf-base: 3.17.3
[11:11:54] [main/INFO] - libjf-config-commands: 3.17.3
[11:11:54] [main/INFO] - libjf-config-core-v2: 3.17.3
[11:11:54] [main/INFO] - libjf-config-network-v0: 3.17.3
[11:11:54] [main/INFO] - libjf-data-manipulation-v0: 3.17.3
[11:11:54] [main/INFO] - libjf-data-v0: 3.17.3
[11:11:54] [main/INFO] - libjf-mainhttp-v0: 3.17.3
[11:11:54] [main/INFO] - libjf-resource-pack-entry-widgets-v0: 3.17.3
[11:11:54] [main/INFO] - libjf-translate-v1: 3.17.3
[11:11:54] [main/INFO] - libjf-unsafe-v0: 3.17.3
[11:11:54] [main/INFO] - libjf-web-v1: 3.17.3
[11:11:54] [main/INFO] - lithium: 0.15.1+mc1.21.1
[11:11:54] [main/INFO] - loadsupport: 1.1.0-fabric-1.21.1
[11:11:54] [main/INFO] - lumymon: 0.4.7-2
[11:11:54] [main/INFO] - mega_showdown: 10.0.8-release-fabric
[11:11:54] [main/INFO] - melody: 1.0.10
[11:11:54] [main/INFO] - midnightlib: 1.7.5
[11:11:54] [main/INFO] - minecraft: 1.21.1
[11:11:54] [main/INFO] - mixinextras: 0.5.0
[11:11:54] [main/INFO] - mixinsquared: 0.3.3
[11:11:54] [main/INFO] - moarconcrete: 1.3.1
[11:11:54] [main/INFO] - mobsbegone: 0.0.7
[11:11:54] [main/INFO] - modernfix: 5.24.3+mc1.21.1
[11:11:54] [main/INFO] - more_cobblemon_tweaks: 1.1.3
[11:11:54] [main/INFO] - more_codecs: 0.3.3+1.20.2
[11:11:54] [main/INFO] - net_dv8tion_jda: 5.6.1
[11:11:54] [main/INFO] - net_fabricmc_mapping-io: 0.6.1
[11:11:54] [main/INFO] - net_fellbaum_jemoji: 1.7.4
[11:11:54] [main/INFO] - net_kyori_adventure-api: 4.17.0
[11:11:54] [main/INFO] - net_kyori_adventure-key: 4.17.0
[11:11:54] [main/INFO] - net_kyori_adventure-platform-api: 4.3.3
[11:11:54] [main/INFO] - net_kyori_adventure-serializer-configurate4: 4.17.0
[11:11:54] [main/INFO] - net_kyori_adventure-text-feature-pagination: 4.0.0-SNAPSHOT
[11:11:54] [main/INFO] - net_kyori_adventure-text-logger-slf4j: 4.17.0
[11:11:54] [main/INFO] - net_kyori_adventure-text-minimessage: 4.17.0
[11:11:54] [main/INFO] - net_kyori_adventure-text-serializer-ansi: 4.17.0
[11:11:54] [main/INFO] - net_kyori_adventure-text-serializer-gson: 4.17.0
[11:11:54] [main/INFO] - net_kyori_adventure-text-serializer-json: 4.17.0
[11:11:54] [main/INFO] - net_kyori_adventure-text-serializer-legacy: 4.17.0
[11:11:54] [main/INFO] - net_kyori_adventure-text-serializer-plain: 4.17.0
[11:11:54] [main/INFO] - net_kyori_ansi: 1.1.0
[11:11:54] [main/INFO] - net_kyori_examination-api: 1.3.0
[11:11:54] [main/INFO] - net_kyori_examination-string: 1.3.0
[11:11:54] [main/INFO] - net_kyori_option: 1.0.0
[11:11:54] [main/INFO] - net_objecthunter_exp4j: 0.4.8
[11:11:54] [main/INFO] - net_sf_trove4j_core: 3.1.0
[11:11:54] [main/INFO] - nethermap: 4.0.0-1.21.1
[11:11:54] [main/INFO] - netherportalfix: 21.1.3
[11:11:54] [main/INFO] - noisium: 2.3.0+mc1.21-1.21.1
[11:11:54] [main/INFO] - notenoughanimations: 1.10.4.1
[11:11:54] [main/INFO] - notenoughcrashes: 4.4.9+1.21.1
[11:11:54] [main/INFO] - obc: 1.2.0
[11:11:54] [main/INFO] - org_apache_commons_commons-collections4: 4.4
[11:11:54] [main/INFO] - org_incendo_cloud-brigadier: 2.0.0-beta.9
[11:11:54] [main/INFO] - org_incendo_cloud-core: 2.0.0
[11:11:54] [main/INFO] - org_incendo_cloud-minecraft-extras: 2.0.0-beta.10
[11:11:54] [main/INFO] - org_incendo_cloud-minecraft-modded-common-fabric-repack_: 2.0.0-beta.9
[11:11:54] [main/INFO] - org_incendo_cloud-processors-common: 1.0.0-beta.3
[11:11:54] [main/INFO] - org_incendo_cloud-processors-confirmation: 1.0.0-beta.3
[11:11:54] [main/INFO] - org_incendo_cloud-services: 2.0.0
[11:11:54] [main/INFO] - org_jctools_jctools-core: 4.0.5
[11:11:54] [main/INFO] - org_jetbrains_kotlin_kotlin-reflect: 2.2.20
[11:11:54] [main/INFO] - org_jetbrains_kotlin_kotlin-stdlib: 2.2.20
[11:11:54] [main/INFO] - org_jetbrains_kotlin_kotlin-stdlib-jdk7: 2.2.20
[11:11:54] [main/INFO] - org_jetbrains_kotlin_kotlin-stdlib-jdk8: 2.2.20
[11:11:54] [main/INFO] - org_jetbrains_kotlinx_atomicfu-jvm: 0.29.0
[11:11:54] [main/INFO] - org_jetbrains_kotlinx_kotlinx-coroutines-core-jvm: 1.10.2
[11:11:54] [main/INFO] - org_jetbrains_kotlinx_kotlinx-coroutines-jdk8: 1.10.2
[11:11:54] [main/INFO] - org_jetbrains_kotlinx_kotlinx-datetime-jvm: 0.7.1
[11:11:54] [main/INFO] - org_jetbrains_kotlinx_kotlinx-io-bytestring-jvm: 0.8.0
[11:11:54] [main/INFO] - org_jetbrains_kotlinx_kotlinx-io-core-jvm: 0.8.0
[11:11:54] [main/INFO] - org_jetbrains_kotlinx_kotlinx-serialization-cbor-jvm: 1.9.0
[11:11:54] [main/INFO] - org_jetbrains_kotlinx_kotlinx-serialization-core-jvm: 1.9.0
[11:11:54] [main/INFO] - org_jetbrains_kotlinx_kotlinx-serialization-json-jvm: 1.9.0
[11:11:54] [main/INFO] - org_quiltmc_parsers_gson: 0.2.1
[11:11:54] [main/INFO] - org_quiltmc_parsers_json: 0.2.1
[11:11:54] [main/INFO] - org_reactivestreams_reactive-streams: 1.0.4
[11:11:54] [main/INFO] - org_spongepowered_configurate-core: 4.1.2
[11:11:54] [main/INFO] - org_spongepowered_configurate-hocon: 4.1.2
[11:11:54] [main/INFO] - org_yaml_snakeyaml: 2.0
[11:11:54] [main/INFO] - owo: 0.12.15.4+1.21
[11:11:54] [main/INFO] - packet_tweaker: 0.5.1+24w03b
[11:11:54] [main/INFO] - packetfixer: 3.3.0
[11:11:54] [main/INFO] - pasture-loot: 1.0.2+1.21.1
[11:11:54] [main/INFO] - ping-wheel: 1.11.1
[11:11:54] [main/INFO] - placeholder-api: 2.4.2+1.21
[11:11:54] [main/INFO] - player-data-api: 0.6.0+1.21
[11:11:54] [main/INFO] - player_roles: 1.6.13
[11:11:54] [main/INFO] - player_roles_api: 1.6.13
[11:11:54] [main/INFO] - playerabilitylib: 1.10.0
[11:11:54] [main/INFO] - playerxp: 1.0.2+1.21.1
[11:11:54] [main/INFO] - pokeblocks: 1.4.0-1.21.1
[11:11:54] [main/INFO] - porting_lib_conditions: 3.1.0-beta.47+1.21.1
[11:11:54] [main/INFO] - porting_lib_core: 3.1.0-beta.47+1.21.1
[11:11:54] [main/INFO] - porting_lib_fluids: 3.1.0-beta.47+1.21.1
[11:11:54] [main/INFO] - porting_lib_item_abilities: 3.1.0-beta.47+1.21.1
[11:11:54] [main/INFO] - porting_lib_lazy_registration: 3.1.0-beta.47+1.21.1
[11:11:54] [main/INFO] - porting_lib_level_events: 3.1.0-beta.47+1.21.1
[11:11:54] [main/INFO] - porting_lib_loot: 3.1.0-beta.47+1.21.1
[11:11:54] [main/INFO] - porting_lib_model_loader: 3.1.0-beta.47+1.21.1
[11:11:54] [main/INFO] - porting_lib_render_types: 3.1.0-beta.47+1.21.1
[11:11:54] [main/INFO] - porting_lib_transfer: 3.1.0-beta.47+1.21.1
[11:11:54] [main/INFO] - predicate-api: 0.5.1+1.21
[11:11:54] [main/INFO] - rctapi: 0.13.9-beta
[11:11:54] [main/INFO] - rctmod: 0.16.9-beta
[11:11:54] [main/INFO] - repurposed_structures: 7.5.17+1.21.1-fabric
[11:11:54] [main/INFO] - resourcefullib: 3.0.12
[11:11:54] [main/INFO] - respackopts: 4.11.3
[11:11:54] [main/INFO] - roughlyenoughitems: 16.0.799
[11:11:54] [main/INFO] - safepastures: 1.1.0+1.21.1
[11:11:54] [main/INFO] - server_translations_api: 2.3.1+1.21-pre2
[11:11:54] [main/INFO] - sophisticatedbackpacks: 1.21.1-3.23.4.3.106
[11:11:54] [main/INFO] - sophisticatedcore: 1.21.1-1.2.9.19.161
[11:11:54] [main/INFO] - sophisticatedstorage: 1.21.1-1.3.7.7.133
[11:11:54] [main/INFO] - sound_physics_remastered: 1.21.1-1.4.10
[11:11:54] [main/INFO] - soundsbegone: 1.3.5
[11:11:54] [main/INFO] - spectrelib: 0.17.2+1.21
[11:11:54] [main/INFO] - squaremap: 1.3.2
[11:11:54] [main/INFO] - stackdeobfuscator: 1.4.3+08e71cc
[11:11:54] [main/INFO] - stackdeobfuscator-common: 1.4.3+08e71cc
[11:11:54] [main/INFO] - styledchat: 2.6.1+1.21
[11:11:54] [main/INFO] - styledplayerlist: 3.5.1+1.21
[11:11:54] [main/INFO] - supermartijn642configlib: 1.1.8
[11:11:54] [main/INFO] - tabtps-fabric: 1.3.25
[11:11:54] [main/INFO] - team_reborn_energy: 4.1.0
[11:11:54] [main/INFO] - terralith: 2.5.8
[11:11:54] [main/INFO] - tim_core: 1.6.1-fabric-1.15.1
[11:11:54] [main/INFO] - tmcraft: 1.4.14+1.6.1
[11:11:54] [main/INFO] - transition: 1.0.6
[11:11:54] [main/INFO] - trender: 1.0.7
[11:11:54] [main/INFO] - trinkets: 3.10.0
[11:11:54] [main/INFO] - villagerconfig: 4.4.11
[11:11:54] [main/INFO] - waystones: 21.1.23
[11:11:54] [main/INFO] - xaerominimap: 25.2.10
[11:11:54] [main/INFO] - xaeroworldmap: 1.39.12
[11:11:54] [main/INFO] - yet_another_config_lib_v3: 3.7.1+1.21.1-fabric
[11:11:54] [main/INFO] ========================================
[11:11:54] [main/INFO] [REI] Registered plugin provider DefaultPlugin [roughlyenoughitems] for REIPlugin
[11:11:54] [main/INFO] [REI] Registered plugin provider DefaultRuntimePlugin [roughlyenoughitems] for REIPlugin
[11:11:54] [main/INFO] [REI] Registered plugin provider REIServerCompat [sophisticatedbackpacks] for REIPlugin
[11:11:54] [main/INFO] [REI] Registered plugin provider REIServerCompat [sophisticatedcore] for REIPlugin
[11:11:54] [main/INFO] [REI] Registered plugin provider REIServerCompat [sophisticatedstorage] for REIPlugin
[11:11:54] [main/INFO] [REI] Registered plugin provider DefaultPlugin [roughlyenoughitems] for REIServerPlugin
[11:11:54] [main/INFO] [REI] Registered plugin provider DefaultRuntimePlugin [roughlyenoughitems] for REIServerPlugin
[11:11:54] [main/INFO] [REI] Registered plugin provider REIServerCompat [sophisticatedbackpacks] for REIServerPlugin
[11:11:54] [main/INFO] [REI] Registered plugin provider REIServerCompat [sophisticatedcore] for REIServerPlugin
[11:11:54] [main/INFO] [REI] Registered plugin provider REIServerCompat [sophisticatedstorage] for REIServerPlugin
[11:11:54] [main/INFO] [REI] Registered plugin provider FabricFluidAPISupportPlugin for REIServerPlugin
[11:11:54] [main/INFO] [REI] Registered plugin provider FabricFluidAPISupportPlugin for REIPlugin
[11:12:03] [Worker-Main-1/DEBUG] [REI] Processed 2 tags in 613.3 μs for minecraft:cat_variant
[11:12:03] [Worker-Main-1/DEBUG] [REI] Processed 42 tags in 205.6 μs for minecraft:entity_type
[11:12:03] [Worker-Main-2/DEBUG] [REI] Processed 0 tags in 23.05 μs for minecraft:damage_type
[11:12:03] [Worker-Main-1/DEBUG] [REI] Processed 0 tags in 15.00 μs for minecraft:worldgen/structure_set
[11:12:03] [Worker-Main-3/DEBUG] [REI] Processed 0 tags in 297.1 μs for minecraft:worldgen/biome
[11:12:03] [Worker-Main-3/DEBUG] [REI] Processed 3 tags in 36.00 μs for minecraft:instrument
[11:12:03] [Worker-Main-2/DEBUG] [REI] Processed 0 tags in 104.8 μs for minecraft:enchantment
[11:12:03] [Worker-Main-2/DEBUG] [REI] Processed 0 tags in 8.947 μs for minecraft:worldgen/world_preset
[11:12:03] [Worker-Main-2/DEBUG] [REI] Processed 0 tags in 8.776 μs for minecraft:painting_variant
[11:12:03] [Worker-Main-3/DEBUG] [REI] Processed 464 tags in 3.331 ms for minecraft:block
[11:12:03] [Worker-Main-2/DEBUG] [REI] Processed 0 tags in 9.208 μs for minecraft:worldgen/flat_level_generator_preset
[11:12:03] [Worker-Main-1/DEBUG] [REI] Processed 0 tags in 38.52 μs for minecraft:worldgen/structure
[11:12:03] [Worker-Main-2/DEBUG] [REI] Processed 3 tags in 42.20 μs for minecraft:point_of_interest_type
[11:12:03] [Worker-Main-3/DEBUG] [REI] Processed 5 tags in 55.58 μs for minecraft:game_event
[11:12:03] [Worker-Main-2/DEBUG] [REI] Processed 0 tags in 8.195 μs for minecraft:banner_pattern
[11:12:03] [Worker-Main-3/DEBUG] [REI] Processed 6 tags in 24.75 μs for minecraft:fluid
[11:12:03] [Worker-Main-1/DEBUG] [REI] Processed 665 tags in 4.676 ms for minecraft:item
[11:12:11] [main/DEBUG] [REI] Starting Reload Plugins of stage null
java.lang.Throwable
	at knot//me.shedaniel.rei.impl.common.plugins.ReloadManagerImpl.reloadPlugins(ReloadManagerImpl.java:110)
	at knot//me.shedaniel.rei.RoughlyEnoughItemsCore.lambda$onInitialize$5(RoughlyEnoughItemsCore.java:163)
	at java.base/java.util.concurrent.CompletableFuture$UniRun.tryFire(CompletableFuture.java:787)
	at java.base/java.util.concurrent.CompletableFuture$Completion.run(CompletableFuture.java:482)
	at knot//net.minecraft.class_4014.method_18365(class_4014.java:69)
	at knot//net.minecraft.class_156.method_43498(class_156.java:1024)
	at knot//net.minecraft.class_156.method_43499(class_156.java:1012)
	at knot//net.minecraft.server.Main.main(Main.java:182)
	at net.fabricmc.loader.impl.game.minecraft.MinecraftGameProvider.launch(MinecraftGameProvider.java:514)
	at net.fabricmc.loader.impl.launch.knot.Knot.launch(Knot.java:72)
	at net.fabricmc.loader.impl.launch.knot.KnotServer.main(KnotServer.java:23)
	at net.fabricmc.loader.impl.launch.server.FabricServerLauncher.main(FabricServerLauncher.java:69)
	at net.fabricmc.installer.ServerLauncher.main(ServerLauncher.java:69)
[11:12:11] [main/DEBUG] [REI] ========================================
[11:12:11] [main/DEBUG] [REI] REIPlugin starting pre-reload for START.
[11:12:11] [main/DEBUG] [REI] Reloadables (7):
[11:12:11] [main/DEBUG] [REI]  - EntryTypeRegistryImpl
[11:12:11] [main/DEBUG] [REI]  - EntrySettingsAdapterRegistryImpl
[11:12:11] [main/DEBUG] [REI]  - RecipeManagerContextImpl
[11:12:11] [main/DEBUG] [REI]  - ItemComparatorRegistryImpl
[11:12:11] [main/DEBUG] [REI]  - FluidComparatorRegistryImpl
[11:12:11] [main/DEBUG] [REI]  - DisplaySerializerRegistryImpl
[11:12:11] [main/DEBUG] [REI]  - FluidSupportProviderImpl
[11:12:11] [main/DEBUG] [REI] Plugins (6):
[11:12:11] [main/DEBUG] [REI]  - (-100.00) DefaultPlugin of DefaultPlugin [roughlyenoughitems]
[11:12:11] [main/DEBUG] [REI]  - (0.00) FabricFluidAPISupportPlugin
[11:12:11] [main/DEBUG] [REI]  - (0.00) REIServerCompat of REIServerCompat [sophisticatedstorage]
[11:12:11] [main/DEBUG] [REI]  - (0.00) REIServerCompat of REIServerCompat [sophisticatedcore]
[11:12:11] [main/DEBUG] [REI]  - (0.00) REIServerCompat of REIServerCompat [sophisticatedbackpacks]
[11:12:11] [main/DEBUG] [REI]  - (0.00) DefaultRuntimePlugin of DefaultRuntimePlugin [roughlyenoughitems]
[11:12:11] [main/DEBUG] [REI] ========================================
[11:12:11] [main/TRACE] [REI] [REIPlugin START] Reloading Section: "pre-register/"
[11:12:11] [main/TRACE] [REI] [REIPlugin START] Reloading Section: "pre-register/DefaultPlugin of DefaultPlugin [roughlyenoughitems]/"
[11:12:11] [main/TRACE] [REI] [REIPlugin START] Reloading Section: "pre-register/DefaultPlugin of DefaultPlugin [roughlyenoughitems]/" done in 765.5 μs
[11:12:11] [main/TRACE] [REI] [REIPlugin START] Reloading Section: "pre-register/FabricFluidAPISupportPlugin/"
[11:12:11] [main/TRACE] [REI] [REIPlugin START] Reloading Section: "pre-register/FabricFluidAPISupportPlugin/" done in 51.46 μs
[11:12:11] [main/TRACE] [REI] [REIPlugin START] Reloading Section: "pre-register/REIServerCompat of REIServerCompat [sophisticatedstorage]/"
[11:12:11] [main/TRACE] [REI] [REIPlugin START] Reloading Section: "pre-register/REIServerCompat of REIServerCompat [sophisticatedstorage]/" done in 46.85 μs
[11:12:11] [main/TRACE] [REI] [REIPlugin START] Reloading Section: "pre-register/REIServerCompat of REIServerCompat [sophisticatedcore]/"
[11:12:11] [main/TRACE] [REI] [REIPlugin START] Reloading Section: "pre-register/REIServerCompat of REIServerCompat [sophisticatedcore]/" done in 67.95 μs
[11:12:11] [main/TRACE] [REI] [REIPlugin START] Reloading Section: "pre-register/REIServerCompat of REIServerCompat [sophisticatedbackpacks]/"
[11:12:11] [main/TRACE] [REI] [REIPlugin START] Reloading Section: "pre-register/REIServerCompat of REIServerCompat [sophisticatedbackpacks]/" done in 70.14 μs
[11:12:11] [main/TRACE] [REI] [REIPlugin START] Reloading Section: "pre-register/DefaultRuntimePlugin of DefaultRuntimePlugin [roughlyenoughitems]/"
[11:12:11] [main/TRACE] [REI] [REIPlugin START] Reloading Section: "pre-register/DefaultRuntimePlugin of DefaultRuntimePlugin [roughlyenoughitems]/" done in 41.13 μs
[11:12:11] [main/TRACE] [REI] [REIPlugin START] Reloading Section: "pre-register/" done in 11.44 ms
[11:12:11] [main/TRACE] [REI] [REIPlugin START] Reloading Section: "pre-stage/"
[11:12:11] [main/TRACE] [REI] [REIPlugin START] Reloading Section: "pre-stage/EntryTypeRegistryImpl/"
[11:12:11] [main/TRACE] [REI] [REIPlugin START] Reloading Section: "pre-stage/EntryTypeRegistryImpl/" done in 195.1 μs
[11:12:11] [main/TRACE] [REI] [REIPlugin START] Reloading Section: "pre-stage/EntrySettingsAdapterRegistryImpl/"
[11:12:11] [main/TRACE] [REI] [REIPlugin START] Reloading Section: "pre-stage/EntrySettingsAdapterRegistryImpl/" done in 53.06 μs
[11:12:11] [main/TRACE] [REI] [REIPlugin START] Reloading Section: "pre-stage/RecipeManagerContextImpl/"
[11:12:11] [main/TRACE] [REI] [REIPlugin START] Reloading Section: "pre-stage/RecipeManagerContextImpl/" done in 32.19 μs
[11:12:11] [main/TRACE] [REI] [REIPlugin START] Reloading Section: "pre-stage/ItemComparatorRegistryImpl/"
[11:12:11] [main/TRACE] [REI] [REIPlugin START] Reloading Section: "pre-stage/ItemComparatorRegistryImpl/" done in 46.90 μs
[11:12:11] [main/TRACE] [REI] [REIPlugin START] Reloading Section: "pre-stage/FluidComparatorRegistryImpl/"
[11:12:11] [main/TRACE] [REI] [REIPlugin START] Reloading Section: "pre-stage/FluidComparatorRegistryImpl/" done in 34.99 μs
[11:12:11] [main/TRACE] [REI] [REIPlugin START] Reloading Section: "pre-stage/DisplaySerializerRegistryImpl/"
[11:12:11] [main/TRACE] [REI] [REIPlugin START] Reloading Section: "pre-stage/DisplaySerializerRegistryImpl/" done in 35.90 μs
[11:12:11] [main/TRACE] [REI] [REIPlugin START] Reloading Section: "pre-stage/FluidSupportProviderImpl/"
[11:12:11] [main/TRACE] [REI] [REIPlugin START] Reloading Section: "pre-stage/FluidSupportProviderImpl/" done in 44.46 μs
[11:12:11] [main/TRACE] [REI] [REIPlugin START] Reloading Section: "pre-stage/" done in 1.122 ms
[11:12:11] [main/DEBUG] [REI] ========================================
[11:12:11] [main/DEBUG] [REI] REIPlugin finished pre-reload for START in 13.09 ms.
[11:12:11] [main/DEBUG] [REI] ========================================
[11:12:11] [main/DEBUG] [REI] ========================================
[11:12:11] [main/DEBUG] [REI] REIServerPlugin starting pre-reload for START.
[11:12:11] [main/DEBUG] [REI] Reloadables (2):
[11:12:11] [main/DEBUG] [REI]  - MenuInfoRegistryImpl
[11:12:11] [main/DEBUG] [REI]  - SlotAccessorRegistryImpl
[11:12:11] [main/DEBUG] [REI] Plugins (6):
[11:12:11] [main/DEBUG] [REI]  - (-100.00) DefaultPlugin of DefaultPlugin [roughlyenoughitems]
[11:12:11] [main/DEBUG] [REI]  - (0.00) FabricFluidAPISupportPlugin
[11:12:11] [main/DEBUG] [REI]  - (0.00) REIServerCompat of REIServerCompat [sophisticatedstorage]
[11:12:11] [main/DEBUG] [REI]  - (0.00) REIServerCompat of REIServerCompat [sophisticatedcore]
[11:12:11] [main/DEBUG] [REI]  - (0.00) REIServerCompat of REIServerCompat [sophisticatedbackpacks]
[11:12:11] [main/DEBUG] [REI]  - (0.00) DefaultRuntimePlugin of DefaultRuntimePlugin [roughlyenoughitems]
[11:12:11] [main/DEBUG] [REI] ========================================
[11:12:11] [main/TRACE] [REI] [REIServerPlugin START] Reloading Section: "pre-register/"
[11:12:11] [main/TRACE] [REI] [REIServerPlugin START] Reloading Section: "pre-register/DefaultPlugin of DefaultPlugin [roughlyenoughitems]/"
[11:12:11] [main/TRACE] [REI] [REIServerPlugin START] Reloading Section: "pre-register/DefaultPlugin of DefaultPlugin [roughlyenoughitems]/" done in 43.71 μs
[11:12:11] [main/TRACE] [REI] [REIServerPlugin START] Reloading Section: "pre-register/FabricFluidAPISupportPlugin/"
[11:12:11] [main/TRACE] [REI] [REIServerPlugin START] Reloading Section: "pre-register/FabricFluidAPISupportPlugin/" done in 77.97 μs
[11:12:11] [main/TRACE] [REI] [REIServerPlugin START] Reloading Section: "pre-register/REIServerCompat of REIServerCompat [sophisticatedstorage]/"
[11:12:11] [main/TRACE] [REI] [REIServerPlugin START] Reloading Section: "pre-register/REIServerCompat of REIServerCompat [sophisticatedstorage]/" done in 42.90 μs
[11:12:11] [main/TRACE] [REI] [REIServerPlugin START] Reloading Section: "pre-register/REIServerCompat of REIServerCompat [sophisticatedcore]/"
[11:12:11] [main/TRACE] [REI] [REIServerPlugin START] Reloading Section: "pre-register/REIServerCompat of REIServerCompat [sophisticatedcore]/" done in 28.83 μs
[11:12:11] [main/TRACE] [REI] [REIServerPlugin START] Reloading Section: "pre-register/REIServerCompat of REIServerCompat [sophisticatedbackpacks]/"
[11:12:11] [main/TRACE] [REI] [REIServerPlugin START] Reloading Section: "pre-register/REIServerCompat of REIServerCompat [sophisticatedbackpacks]/" done in 49.89 μs
[11:12:11] [main/TRACE] [REI] [REIServerPlugin START] Reloading Section: "pre-register/DefaultRuntimePlugin of DefaultRuntimePlugin [roughlyenoughitems]/"
[11:12:11] [main/TRACE] [REI] [REIServerPlugin START] Reloading Section: "pre-register/DefaultRuntimePlugin of DefaultRuntimePlugin [roughlyenoughitems]/" done in 53.24 μs
[11:12:11] [main/TRACE] [REI] [REIServerPlugin START] Reloading Section: "pre-register/" done in 815.6 μs
[11:12:11] [main/TRACE] [REI] [REIServerPlugin START] Reloading Section: "pre-stage/"
[11:12:11] [main/TRACE] [REI] [REIServerPlugin START] Reloading Section: "pre-stage/MenuInfoRegistryImpl/"
[11:12:11] [main/TRACE] [REI] [REIServerPlugin START] Reloading Section: "pre-stage/MenuInfoRegistryImpl/" done in 22.80 μs
[11:12:11] [main/TRACE] [REI] [REIServerPlugin START] Reloading Section: "pre-stage/SlotAccessorRegistryImpl/"
[11:12:11] [main/TRACE] [REI] [REIServerPlugin START] Reloading Section: "pre-stage/SlotAccessorRegistryImpl/" done in 21.26 μs
[11:12:11] [main/TRACE] [REI] [REIServerPlugin START] Reloading Section: "pre-stage/" done in 154.0 μs
[11:12:11] [main/DEBUG] [REI] ========================================
[11:12:11] [main/DEBUG] [REI] REIServerPlugin finished pre-reload for START in 1.088 ms.
[11:12:11] [main/DEBUG] [REI] ========================================
[11:12:11] [main/INFO] [REI] ########################################
[11:12:11] [main/INFO] [REI] REIPlugin starting main-reload for START.
[11:12:11] [main/DEBUG] [REI] Reloadables (7):
[11:12:11] [main/DEBUG] [REI]  - EntryTypeRegistryImpl
[11:12:11] [main/DEBUG] [REI]  - EntrySettingsAdapterRegistryImpl
[11:12:11] [main/DEBUG] [REI]  - RecipeManagerContextImpl
[11:12:11] [main/DEBUG] [REI]  - ItemComparatorRegistryImpl
[11:12:11] [main/DEBUG] [REI]  - FluidComparatorRegistryImpl
[11:12:11] [main/DEBUG] [REI]  - DisplaySerializerRegistryImpl
[11:12:11] [main/DEBUG] [REI]  - FluidSupportProviderImpl
[11:12:11] [main/INFO] [REI] Plugins (6):
[11:12:11] [main/INFO] [REI]  - (-100.00) DefaultPlugin of DefaultPlugin [roughlyenoughitems]
[11:12:11] [main/INFO] [REI]  - (0.00) FabricFluidAPISupportPlugin
[11:12:11] [main/INFO] [REI]  - (0.00) REIServerCompat of REIServerCompat [sophisticatedstorage]
[11:12:11] [main/INFO] [REI]  - (0.00) REIServerCompat of REIServerCompat [sophisticatedcore]
[11:12:11] [main/INFO] [REI]  - (0.00) REIServerCompat of REIServerCompat [sophisticatedbackpacks]
[11:12:11] [main/INFO] [REI]  - (0.00) DefaultRuntimePlugin of DefaultRuntimePlugin [roughlyenoughitems]
[11:12:11] [main/INFO] [REI] ########################################
[11:12:11] [main/TRACE] [REI] [REIPlugin START] Reloading Section: "start-reload/"
[11:12:11] [main/TRACE] [REI] [REIPlugin START] Reloading Section: "start-reload/EntryTypeRegistryImpl/"
[11:12:11] [main/TRACE] [REI] [REIPlugin START] Reloading Section: "start-reload/EntryTypeRegistryImpl/" done in 53.72 μs
[11:12:11] [main/TRACE] [REI] [REIPlugin START] Reloading Section: "start-reload/EntrySettingsAdapterRegistryImpl/"
[11:12:11] [main/TRACE] [REI] [REIPlugin START] Reloading Section: "start-reload/EntrySettingsAdapterRegistryImpl/" done in 26.18 μs
[11:12:11] [main/TRACE] [REI] [REIPlugin START] Reloading Section: "start-reload/RecipeManagerContextImpl/"
[11:12:11] [main/TRACE] [REI] [REIPlugin START] Reloading Section: "start-reload/RecipeManagerContextImpl/" done in 21.24 μs
[11:12:11] [main/TRACE] [REI] [REIPlugin START] Reloading Section: "start-reload/ItemComparatorRegistryImpl/"
[11:12:11] [main/TRACE] [REI] [REIPlugin START] Reloading Section: "start-reload/ItemComparatorRegistryImpl/" done in 78.26 μs
[11:12:11] [main/TRACE] [REI] [REIPlugin START] Reloading Section: "start-reload/FluidComparatorRegistryImpl/"
[11:12:11] [main/TRACE] [REI] [REIPlugin START] Reloading Section: "start-reload/FluidComparatorRegistryImpl/" done in 46.49 μs
[11:12:11] [main/TRACE] [REI] [REIPlugin START] Reloading Section: "start-reload/DisplaySerializerRegistryImpl/"
[11:12:11] [main/TRACE] [REI] [REIPlugin START] Reloading Section: "start-reload/DisplaySerializerRegistryImpl/" done in 22.02 μs
[11:12:11] [main/TRACE] [REI] [REIPlugin START] Reloading Section: "start-reload/FluidSupportProviderImpl/"
[11:12:11] [main/TRACE] [REI] [REIPlugin START] Reloading Section: "start-reload/FluidSupportProviderImpl/" done in 32.37 μs
[11:12:11] [main/TRACE] [REI] [REIPlugin START] Reloading Section: "start-reload/" done in 757.2 μs
[11:12:11] [main/DEBUG] [REI] ========================================
[11:12:11] [main/DEBUG] [REI] REIPlugin started main-reload for START.
[11:12:11] [main/DEBUG] [REI] ========================================
[11:12:11] [main/TRACE] [REI] [REIPlugin START] Reloading Section: "reloadable-plugin/EntryTypeRegistryImpl/"
[11:12:11] [main/TRACE] [REI] [REIPlugin START] Reloading Section: "reloadable-plugin/EntryTypeRegistryImpl/DefaultPlugin of DefaultPlugin [roughlyenoughitems]/"
[11:12:11] [main/TRACE] [REI] [REIPlugin START] Reloading Section: "reloadable-plugin/EntryTypeRegistryImpl/DefaultPlugin of DefaultPlugin [roughlyenoughitems]/" done in 180.7 μs
[11:12:11] [main/TRACE] [REI] [REIPlugin START] Reloading Section: "reloadable-plugin/EntryTypeRegistryImpl/FabricFluidAPISupportPlugin/"
[11:12:11] [main/TRACE] [REI] [REIPlugin START] Reloading Section: "reloadable-plugin/EntryTypeRegistryImpl/FabricFluidAPISupportPlugin/" done in 68.57 μs
[11:12:11] [main/TRACE] [REI] [REIPlugin START] Reloading Section: "reloadable-plugin/EntryTypeRegistryImpl/REIServerCompat of REIServerCompat [sophisticatedstorage]/"
[11:12:11] [main/TRACE] [REI] [REIPlugin START] Reloading Section: "reloadable-plugin/EntryTypeRegistryImpl/REIServerCompat of REIServerCompat [sophisticatedstorage]/" done in 31.39 μs
[11:12:11] [main/TRACE] [REI] [REIPlugin START] Reloading Section: "reloadable-plugin/EntryTypeRegistryImpl/REIServerCompat of REIServerCompat [sophisticatedcore]/"
[11:12:11] [main/TRACE] [REI] [REIPlugin START] Reloading Section: "reloadable-plugin/EntryTypeRegistryImpl/REIServerCompat of REIServerCompat [sophisticatedcore]/" done in 31.27 μs
[11:12:11] [main/TRACE] [REI] [REIPlugin START] Reloading Section: "reloadable-plugin/EntryTypeRegistryImpl/REIServerCompat of REIServerCompat [sophisticatedbackpacks]/"
[11:12:11] [main/TRACE] [REI] [REIPlugin START] Reloading Section: "reloadable-plugin/EntryTypeRegistryImpl/REIServerCompat of REIServerCompat [sophisticatedbackpacks]/" done in 31.08 μs
[11:12:11] [main/TRACE] [REI] [REIPlugin START] Reloading Section: "reloadable-plugin/EntryTypeRegistryImpl/DefaultRuntimePlugin of DefaultRuntimePlugin [roughlyenoughitems]/"
[11:12:11] [main/TRACE] [REI] [REIPlugin START] Reloading Section: "reloadable-plugin/EntryTypeRegistryImpl/DefaultRuntimePlugin of DefaultRuntimePlugin [roughlyenoughitems]/" done in 8.305 ms
[11:12:11] [main/TRACE] [REI] [REIPlugin START] Reloading Section: "reloadable-plugin/EntryTypeRegistryImpl/" done in 9.359 ms
[11:12:11] [main/TRACE] [REI] [REIPlugin START] Reloading Section: "reloadable-plugin/EntrySettingsAdapterRegistryImpl/"
[11:12:11] [main/TRACE] [REI] [REIPlugin START] Reloading Section: "reloadable-plugin/EntrySettingsAdapterRegistryImpl/DefaultPlugin of DefaultPlugin [roughlyenoughitems]/"
[11:12:11] [main/TRACE] [REI] [REIPlugin START] Reloading Section: "reloadable-plugin/EntrySettingsAdapterRegistryImpl/DefaultPlugin of DefaultPlugin [roughlyenoughitems]/" done in 69.90 μs
[11:12:11] [main/TRACE] [REI] [REIPlugin START] Reloading Section: "reloadable-plugin/EntrySettingsAdapterRegistryImpl/FabricFluidAPISupportPlugin/"
[11:12:11] [main/TRACE] [REI] [REIPlugin START] Reloading Section: "reloadable-plugin/EntrySettingsAdapterRegistryImpl/FabricFluidAPISupportPlugin/" done in 55.57 μs
[11:12:11] [main/TRACE] [REI] [REIPlugin START] Reloading Section: "reloadable-plugin/EntrySettingsAdapterRegistryImpl/REIServerCompat of REIServerCompat [sophisticatedstorage]/"
[11:12:11] [main/TRACE] [REI] [REIPlugin START] Reloading Section: "reloadable-plugin/EntrySettingsAdapterRegistryImpl/REIServerCompat of REIServerCompat [sophisticatedstorage]/" done in 68.22 μs
[11:12:11] [main/TRACE] [REI] [REIPlugin START] Reloading Section: "reloadable-plugin/EntrySettingsAdapterRegistryImpl/REIServerCompat of REIServerCompat [sophisticatedcore]/"
[11:12:11] [main/TRACE] [REI] [REIPlugin START] Reloading Section: "reloadable-plugin/EntrySettingsAdapterRegistryImpl/REIServerCompat of REIServerCompat [sophisticatedcore]/" done in 52.66 μs
[11:12:11] [main/TRACE] [REI] [REIPlugin START] Reloading Section: "reloadable-plugin/EntrySettingsAdapterRegistryImpl/REIServerCompat of REIServerCompat [sophisticatedbackpacks]/"
[11:12:11] [main/TRACE] [REI] [REIPlugin START] Reloading Section: "reloadable-plugin/EntrySettingsAdapterRegistryImpl/REIServerCompat of REIServerCompat [sophisticatedbackpacks]/" done in 44.12 μs
[11:12:11] [main/TRACE] [REI] [REIPlugin START] Reloading Section: "reloadable-plugin/EntrySettingsAdapterRegistryImpl/DefaultRuntimePlugin of DefaultRuntimePlugin [roughlyenoughitems]/"
[11:12:11] [main/TRACE] [REI] [REIPlugin START] Reloading Section: "reloadable-plugin/EntrySettingsAdapterRegistryImpl/DefaultRuntimePlugin of DefaultRuntimePlugin [roughlyenoughitems]/" done in 42.40 μs
[11:12:11] [main/TRACE] [REI] [REIPlugin START] Reloading Section: "reloadable-plugin/EntrySettingsAdapterRegistryImpl/" done in 904.5 μs
[11:12:11] [main/TRACE] [REI] [REIPlugin START] Reloading Section: "reloadable-plugin/RecipeManagerContextImpl/"
[11:12:11] [main/TRACE] [REI] [REIPlugin START] Reloading Section: "reloadable-plugin/RecipeManagerContextImpl/DefaultPlugin of DefaultPlugin [roughlyenoughitems]/"
[11:12:11] [main/TRACE] [REI] [REIPlugin START] Reloading Section: "reloadable-plugin/RecipeManagerContextImpl/DefaultPlugin of DefaultPlugin [roughlyenoughitems]/" done in 71.03 μs
[11:12:11] [main/TRACE] [REI] [REIPlugin START] Reloading Section: "reloadable-plugin/RecipeManagerContextImpl/FabricFluidAPISupportPlugin/"
[11:12:11] [main/TRACE] [REI] [REIPlugin START] Reloading Section: "reloadable-plugin/RecipeManagerContextImpl/FabricFluidAPISupportPlugin/" done in 38.67 μs
[11:12:11] [main/TRACE] [REI] [REIPlugin START] Reloading Section: "reloadable-plugin/RecipeManagerContextImpl/REIServerCompat of REIServerCompat [sophisticatedstorage]/"
[11:12:11] [main/TRACE] [REI] [REIPlugin START] Reloading Section: "reloadable-plugin/RecipeManagerContextImpl/REIServerCompat of REIServerCompat [sophisticatedstorage]/" done in 46.18 μs
[11:12:11] [main/TRACE] [REI] [REIPlugin START] Reloading Section: "reloadable-plugin/RecipeManagerContextImpl/REIServerCompat of REIServerCompat [sophisticatedcore]/"
[11:12:11] [main/TRACE] [REI] [REIPlugin START] Reloading Section: "reloadable-plugin/RecipeManagerContextImpl/REIServerCompat of REIServerCompat [sophisticatedcore]/" done in 51.42 μs
[11:12:11] [main/TRACE] [REI] [REIPlugin START] Reloading Section: "reloadable-plugin/RecipeManagerContextImpl/REIServerCompat of REIServerCompat [sophisticatedbackpacks]/"
[11:12:11] [main/TRACE] [REI] [REIPlugin START] Reloading Section: "reloadable-plugin/RecipeManagerContextImpl/REIServerCompat of REIServerCompat [sophisticatedbackpacks]/" done in 77.11 μs
[11:12:11] [main/TRACE] [REI] [REIPlugin START] Reloading Section: "reloadable-plugin/RecipeManagerContextImpl/DefaultRuntimePlugin of DefaultRuntimePlugin [roughlyenoughitems]/"
[11:12:11] [main/TRACE] [REI] [REIPlugin START] Reloading Section: "reloadable-plugin/RecipeManagerContextImpl/DefaultRuntimePlugin of DefaultRuntimePlugin [roughlyenoughitems]/" done in 38.98 μs
[11:12:11] [main/TRACE] [REI] [REIPlugin START] Reloading Section: "reloadable-plugin/RecipeManagerContextImpl/" done in 804.1 μs
[11:12:11] [main/TRACE] [REI] [REIPlugin START] Reloading Section: "reloadable-plugin/ItemComparatorRegistryImpl/"
[11:12:11] [main/TRACE] [REI] [REIPlugin START] Reloading Section: "reloadable-plugin/ItemComparatorRegistryImpl/DefaultPlugin of DefaultPlugin [roughlyenoughitems]/"
[11:12:11] [main/TRACE] [REI] [REIPlugin START] Reloading Section: "reloadable-plugin/ItemComparatorRegistryImpl/DefaultPlugin of DefaultPlugin [roughlyenoughitems]/" done in 714.6 μs
[11:12:11] [main/TRACE] [REI] [REIPlugin START] Reloading Section: "reloadable-plugin/ItemComparatorRegistryImpl/FabricFluidAPISupportPlugin/"
[11:12:11] [main/TRACE] [REI] [REIPlugin START] Reloading Section: "reloadable-plugin/ItemComparatorRegistryImpl/FabricFluidAPISupportPlugin/" done in 48.49 μs
[11:12:11] [main/TRACE] [REI] [REIPlugin START] Reloading Section: "reloadable-plugin/ItemComparatorRegistryImpl/REIServerCompat of REIServerCompat [sophisticatedstorage]/"
[11:12:11] [main/TRACE] [REI] [REIPlugin START] Reloading Section: "reloadable-plugin/ItemComparatorRegistryImpl/REIServerCompat of REIServerCompat [sophisticatedstorage]/" done in 946.6 μs
[11:12:11] [main/TRACE] [REI] [REIPlugin START] Reloading Section: "reloadable-plugin/ItemComparatorRegistryImpl/REIServerCompat of REIServerCompat [sophisticatedcore]/"
[11:12:11] [main/TRACE] [REI] [REIPlugin START] Reloading Section: "reloadable-plugin/ItemComparatorRegistryImpl/REIServerCompat of REIServerCompat [sophisticatedcore]/" done in 74.28 μs
[11:12:11] [main/TRACE] [REI] [REIPlugin START] Reloading Section: "reloadable-plugin/ItemComparatorRegistryImpl/REIServerCompat of REIServerCompat [sophisticatedbackpacks]/"
[11:12:11] [main/TRACE] [REI] [REIPlugin START] Reloading Section: "reloadable-plugin/ItemComparatorRegistryImpl/REIServerCompat of REIServerCompat [sophisticatedbackpacks]/" done in 1.200 ms
[11:12:11] [main/TRACE] [REI] [REIPlugin START] Reloading Section: "reloadable-plugin/ItemComparatorRegistryImpl/DefaultRuntimePlugin of DefaultRuntimePlugin [roughlyenoughitems]/"
[11:12:11] [main/TRACE] [REI] [REIPlugin START] Reloading Section: "reloadable-plugin/ItemComparatorRegistryImpl/DefaultRuntimePlugin of DefaultRuntimePlugin [roughlyenoughitems]/" done in 43.16 μs
[11:12:11] [main/TRACE] [REI] [REIPlugin START] Reloading Section: "reloadable-plugin/ItemComparatorRegistryImpl/" done in 3.609 ms
[11:12:11] [main/TRACE] [REI] [REIPlugin START] Reloading Section: "reloadable-plugin/FluidComparatorRegistryImpl/"
[11:12:11] [main/TRACE] [REI] [REIPlugin START] Reloading Section: "reloadable-plugin/FluidComparatorRegistryImpl/DefaultPlugin of DefaultPlugin [roughlyenoughitems]/"
[11:12:11] [main/TRACE] [REI] [REIPlugin START] Reloading Section: "reloadable-plugin/FluidComparatorRegistryImpl/DefaultPlugin of DefaultPlugin [roughlyenoughitems]/" done in 42.83 μs
[11:12:11] [main/TRACE] [REI] [REIPlugin START] Reloading Section: "reloadable-plugin/FluidComparatorRegistryImpl/FabricFluidAPISupportPlugin/"
[11:12:11] [main/TRACE] [REI] [REIPlugin START] Reloading Section: "reloadable-plugin/FluidComparatorRegistryImpl/FabricFluidAPISupportPlugin/" done in 33.21 μs
[11:12:11] [main/TRACE] [REI] [REIPlugin START] Reloading Section: "reloadable-plugin/FluidComparatorRegistryImpl/REIServerCompat of REIServerCompat [sophisticatedstorage]/"
[11:12:11] [main/TRACE] [REI] [REIPlugin START] Reloading Section: "reloadable-plugin/FluidComparatorRegistryImpl/REIServerCompat of REIServerCompat [sophisticatedstorage]/" done in 40.86 μs
[11:12:11] [main/TRACE] [REI] [REIPlugin START] Reloading Section: "reloadable-plugin/FluidComparatorRegistryImpl/REIServerCompat of REIServerCompat [sophisticatedcore]/"
[11:12:11] [main/TRACE] [REI] [REIPlugin START] Reloading Section: "reloadable-plugin/FluidComparatorRegistryImpl/REIServerCompat of REIServerCompat [sophisticatedcore]/" done in 129.6 μs
[11:12:11] [main/TRACE] [REI] [REIPlugin START] Reloading Section: "reloadable-plugin/FluidComparatorRegistryImpl/REIServerCompat of REIServerCompat [sophisticatedbackpacks]/"
[11:12:11] [main/TRACE] [REI] [REIPlugin START] Reloading Section: "reloadable-plugin/FluidComparatorRegistryImpl/REIServerCompat of REIServerCompat [sophisticatedbackpacks]/" done in 85.46 μs
[11:12:11] [main/TRACE] [REI] [REIPlugin START] Reloading Section: "reloadable-plugin/FluidComparatorRegistryImpl/DefaultRuntimePlugin of DefaultRuntimePlugin [roughlyenoughitems]/"
[11:12:11] [main/TRACE] [REI] [REIPlugin START] Reloading Section: "reloadable-plugin/FluidComparatorRegistryImpl/DefaultRuntimePlugin of DefaultRuntimePlugin [roughlyenoughitems]/" done in 54.74 μs
[11:12:11] [main/TRACE] [REI] [REIPlugin START] Reloading Section: "reloadable-plugin/FluidComparatorRegistryImpl/" done in 841.8 μs
[11:12:11] [main/TRACE] [REI] [REIPlugin START] Reloading Section: "reloadable-plugin/DisplaySerializerRegistryImpl/"
[11:12:11] [main/TRACE] [REI] [REIPlugin START] Reloading Section: "reloadable-plugin/DisplaySerializerRegistryImpl/DefaultPlugin of DefaultPlugin [roughlyenoughitems]/"
[11:12:11] [main/TRACE] [REI] [REIPlugin START] Reloading Section: "reloadable-plugin/DisplaySerializerRegistryImpl/DefaultPlugin of DefaultPlugin [roughlyenoughitems]/" done in 109.1 μs
[11:12:11] [main/TRACE] [REI] [REIPlugin START] Reloading Section: "reloadable-plugin/DisplaySerializerRegistryImpl/FabricFluidAPISupportPlugin/"
[11:12:11] [main/TRACE] [REI] [REIPlugin START] Reloading Section: "reloadable-plugin/DisplaySerializerRegistryImpl/FabricFluidAPISupportPlugin/" done in 54.31 μs
[11:12:11] [main/TRACE] [REI] [REIPlugin START] Reloading Section: "reloadable-plugin/DisplaySerializerRegistryImpl/REIServerCompat of REIServerCompat [sophisticatedstorage]/"
[11:12:11] [main/TRACE] [REI] [REIPlugin START] Reloading Section: "reloadable-plugin/DisplaySerializerRegistryImpl/REIServerCompat of REIServerCompat [sophisticatedstorage]/" done in 80.68 μs
[11:12:11] [main/TRACE] [REI] [REIPlugin START] Reloading Section: "reloadable-plugin/DisplaySerializerRegistryImpl/REIServerCompat of REIServerCompat [sophisticatedcore]/"
[11:12:11] [main/TRACE] [REI] [REIPlugin START] Reloading Section: "reloadable-plugin/DisplaySerializerRegistryImpl/REIServerCompat of REIServerCompat [sophisticatedcore]/" done in 75.94 μs
[11:12:11] [main/TRACE] [REI] [REIPlugin START] Reloading Section: "reloadable-plugin/DisplaySerializerRegistryImpl/REIServerCompat of REIServerCompat [sophisticatedbackpacks]/"
[11:12:11] [main/TRACE] [REI] [REIPlugin START] Reloading Section: "reloadable-plugin/DisplaySerializerRegistryImpl/REIServerCompat of REIServerCompat [sophisticatedbackpacks]/" done in 48.37 μs
[11:12:11] [main/TRACE] [REI] [REIPlugin START] Reloading Section: "reloadable-plugin/DisplaySerializerRegistryImpl/DefaultRuntimePlugin of DefaultRuntimePlugin [roughlyenoughitems]/"
[11:12:11] [main/TRACE] [REI] [REIPlugin START] Reloading Section: "reloadable-plugin/DisplaySerializerRegistryImpl/DefaultRuntimePlugin of DefaultRuntimePlugin [roughlyenoughitems]/" done in 52.73 μs
[11:12:11] [main/TRACE] [REI] [REIPlugin START] Reloading Section: "reloadable-plugin/DisplaySerializerRegistryImpl/" done in 1.035 ms
[11:12:11] [main/TRACE] [REI] [REIPlugin START] Reloading Section: "reloadable-plugin/FluidSupportProviderImpl/"
[11:12:11] [main/TRACE] [REI] [REIPlugin START] Reloading Section: "reloadable-plugin/FluidSupportProviderImpl/DefaultPlugin of DefaultPlugin [roughlyenoughitems]/"
[11:12:11] [main/TRACE] [REI] [REIPlugin START] Reloading Section: "reloadable-plugin/FluidSupportProviderImpl/DefaultPlugin of DefaultPlugin [roughlyenoughitems]/" done in 573.1 μs
[11:12:11] [main/TRACE] [REI] [REIPlugin START] Reloading Section: "reloadable-plugin/FluidSupportProviderImpl/FabricFluidAPISupportPlugin/"
[11:12:11] [main/TRACE] [REI] [REIPlugin START] Reloading Section: "reloadable-plugin/FluidSupportProviderImpl/FabricFluidAPISupportPlugin/" done in 193.8 μs
[11:12:11] [main/TRACE] [REI] [REIPlugin START] Reloading Section: "reloadable-plugin/FluidSupportProviderImpl/REIServerCompat of REIServerCompat [sophisticatedstorage]/"
[11:12:11] [main/TRACE] [REI] [REIPlugin START] Reloading Section: "reloadable-plugin/FluidSupportProviderImpl/REIServerCompat of REIServerCompat [sophisticatedstorage]/" done in 67.45 μs
[11:12:11] [main/TRACE] [REI] [REIPlugin START] Reloading Section: "reloadable-plugin/FluidSupportProviderImpl/REIServerCompat of REIServerCompat [sophisticatedcore]/"
[11:12:11] [main/TRACE] [REI] [REIPlugin START] Reloading Section: "reloadable-plugin/FluidSupportProviderImpl/REIServerCompat of REIServerCompat [sophisticatedcore]/" done in 60.90 μs
[11:12:11] [main/TRACE] [REI] [REIPlugin START] Reloading Section: "reloadable-plugin/FluidSupportProviderImpl/REIServerCompat of REIServerCompat [sophisticatedbackpacks]/"
[11:12:11] [main/TRACE] [REI] [REIPlugin START] Reloading Section: "reloadable-plugin/FluidSupportProviderImpl/REIServerCompat of REIServerCompat [sophisticatedbackpacks]/" done in 57.32 μs
[11:12:11] [main/TRACE] [REI] [REIPlugin START] Reloading Section: "reloadable-plugin/FluidSupportProviderImpl/DefaultRuntimePlugin of DefaultRuntimePlugin [roughlyenoughitems]/"
[11:12:11] [main/TRACE] [REI] [REIPlugin START] Reloading Section: "reloadable-plugin/FluidSupportProviderImpl/DefaultRuntimePlugin of DefaultRuntimePlugin [roughlyenoughitems]/" done in 112.4 μs
[11:12:11] [main/TRACE] [REI] [REIPlugin START] Reloading Section: "reloadable-plugin/FluidSupportProviderImpl/" done in 1.774 ms
[11:12:11] [main/DEBUG] [REI] ========================================
[11:12:11] [main/DEBUG] [REI] REIPlugin ending main-reload for START.
[11:12:11] [main/DEBUG] [REI] ========================================
[11:12:11] [main/TRACE] [REI] [REIPlugin START] Reloading Section: "end-reload/"
[11:12:11] [main/TRACE] [REI] [REIPlugin START] Reloading Section: "end-reload/EntryTypeRegistryImpl/"
[11:12:11] [main/TRACE] [REI] [REIPlugin START] Reloading Section: "end-reload/EntryTypeRegistryImpl/" done in 136.3 μs
[11:12:11] [main/TRACE] [REI] [REIPlugin START] Reloading Section: "end-reload/EntrySettingsAdapterRegistryImpl/"
[11:12:11] [main/TRACE] [REI] [REIPlugin START] Reloading Section: "end-reload/EntrySettingsAdapterRegistryImpl/" done in 98.85 μs
[11:12:11] [main/TRACE] [REI] [REIPlugin START] Reloading Section: "end-reload/RecipeManagerContextImpl/"
[11:12:11] [main/TRACE] [REI] [REIPlugin START] Reloading Section: "end-reload/RecipeManagerContextImpl/" done in 88.09 μs
[11:12:11] [main/TRACE] [REI] [REIPlugin START] Reloading Section: "end-reload/ItemComparatorRegistryImpl/"
[11:12:11] [main/TRACE] [REI] [REIPlugin START] Reloading Section: "end-reload/ItemComparatorRegistryImpl/" done in 99.68 μs
[11:12:11] [main/TRACE] [REI] [REIPlugin START] Reloading Section: "end-reload/FluidComparatorRegistryImpl/"
[11:12:11] [main/TRACE] [REI] [REIPlugin START] Reloading Section: "end-reload/FluidComparatorRegistryImpl/" done in 95.66 μs
[11:12:11] [main/TRACE] [REI] [REIPlugin START] Reloading Section: "end-reload/DisplaySerializerRegistryImpl/"
[11:12:11] [main/TRACE] [REI] [REIPlugin START] Reloading Section: "end-reload/DisplaySerializerRegistryImpl/" done in 113.8 μs
[11:12:11] [main/TRACE] [REI] [REIPlugin START] Reloading Section: "end-reload/FluidSupportProviderImpl/"
[11:12:11] [main/TRACE] [REI] [REIPlugin START] Reloading Section: "end-reload/FluidSupportProviderImpl/" done in 53.18 μs
[11:12:11] [main/TRACE] [REI] [REIPlugin START] Reloading Section: "end-reload/" done in 1.841 ms
[11:12:11] [main/DEBUG] [REI] ========================================
[11:12:11] [main/DEBUG] [REI] REIPlugin ended main-reload for START in 24.09 ms.
[11:12:11] [main/DEBUG] [REI] ========================================
[11:12:11] [main/INFO] [REI] OOOOOOOOOOOOOOOOOOOOOOOOOOOOOOOOOOOOOOOO
[11:12:11] [main/INFO] [REI] REIServerPlugin starting main-reload for START.
[11:12:11] [main/DEBUG] [REI] Reloadables (2):
[11:12:11] [main/DEBUG] [REI]  - MenuInfoRegistryImpl
[11:12:11] [main/DEBUG] [REI]  - SlotAccessorRegistryImpl
[11:12:11] [main/INFO] [REI] Plugins (6):
[11:12:11] [main/INFO] [REI]  - (-100.00) DefaultPlugin of DefaultPlugin [roughlyenoughitems]
[11:12:11] [main/INFO] [REI]  - (0.00) FabricFluidAPISupportPlugin
[11:12:11] [main/INFO] [REI]  - (0.00) REIServerCompat of REIServerCompat [sophisticatedstorage]
[11:12:11] [main/INFO] [REI]  - (0.00) REIServerCompat of REIServerCompat [sophisticatedcore]
[11:12:11] [main/INFO] [REI]  - (0.00) REIServerCompat of REIServerCompat [sophisticatedbackpacks]
[11:12:11] [main/INFO] [REI]  - (0.00) DefaultRuntimePlugin of DefaultRuntimePlugin [roughlyenoughitems]
[11:12:11] [main/INFO] [REI] OOOOOOOOOOOOOOOOOOOOOOOOOOOOOOOOOOOOOOOO
[11:12:11] [main/TRACE] [REI] [REIServerPlugin START] Reloading Section: "start-reload/"
[11:12:11] [main/TRACE] [REI] [REIServerPlugin START] Reloading Section: "start-reload/MenuInfoRegistryImpl/"
[11:12:11] [main/TRACE] [REI] [REIServerPlugin START] Reloading Section: "start-reload/MenuInfoRegistryImpl/" done in 34.95 μs
[11:12:11] [main/TRACE] [REI] [REIServerPlugin START] Reloading Section: "start-reload/SlotAccessorRegistryImpl/"
[11:12:11] [main/TRACE] [REI] [REIServerPlugin START] Reloading Section: "start-reload/SlotAccessorRegistryImpl/" done in 22.71 μs
[11:12:11] [main/TRACE] [REI] [REIServerPlugin START] Reloading Section: "start-reload/" done in 225.4 μs
[11:12:11] [main/DEBUG] [REI] ========================================
[11:12:11] [main/DEBUG] [REI] REIServerPlugin started main-reload for START.
[11:12:11] [main/DEBUG] [REI] ========================================
[11:12:11] [main/TRACE] [REI] [REIServerPlugin START] Reloading Section: "reloadable-plugin/MenuInfoRegistryImpl/"
[11:12:11] [main/TRACE] [REI] [REIServerPlugin START] Reloading Section: "reloadable-plugin/MenuInfoRegistryImpl/DefaultPlugin of DefaultPlugin [roughlyenoughitems]/"
[11:12:11] [main/TRACE] [REI] [REIServerPlugin START] Reloading Section: "reloadable-plugin/MenuInfoRegistryImpl/DefaultPlugin of DefaultPlugin [roughlyenoughitems]/" done in 49.52 μs
[11:12:11] [main/TRACE] [REI] [REIServerPlugin START] Reloading Section: "reloadable-plugin/MenuInfoRegistryImpl/FabricFluidAPISupportPlugin/"
[11:12:11] [main/TRACE] [REI] [REIServerPlugin START] Reloading Section: "reloadable-plugin/MenuInfoRegistryImpl/FabricFluidAPISupportPlugin/" done in 43.47 μs
[11:12:11] [main/TRACE] [REI] [REIServerPlugin START] Reloading Section: "reloadable-plugin/MenuInfoRegistryImpl/REIServerCompat of REIServerCompat [sophisticatedstorage]/"
[11:12:11] [main/TRACE] [REI] [REIServerPlugin START] Reloading Section: "reloadable-plugin/MenuInfoRegistryImpl/REIServerCompat of REIServerCompat [sophisticatedstorage]/" done in 41.08 μs
[11:12:11] [main/TRACE] [REI] [REIServerPlugin START] Reloading Section: "reloadable-plugin/MenuInfoRegistryImpl/REIServerCompat of REIServerCompat [sophisticatedcore]/"
[11:12:11] [main/TRACE] [REI] [REIServerPlugin START] Reloading Section: "reloadable-plugin/MenuInfoRegistryImpl/REIServerCompat of REIServerCompat [sophisticatedcore]/" done in 40.43 μs
[11:12:11] [main/TRACE] [REI] [REIServerPlugin START] Reloading Section: "reloadable-plugin/MenuInfoRegistryImpl/REIServerCompat of REIServerCompat [sophisticatedbackpacks]/"
[11:12:11] [main/TRACE] [REI] [REIServerPlugin START] Reloading Section: "reloadable-plugin/MenuInfoRegistryImpl/REIServerCompat of REIServerCompat [sophisticatedbackpacks]/" done in 42.16 μs
[11:12:11] [main/TRACE] [REI] [REIServerPlugin START] Reloading Section: "reloadable-plugin/MenuInfoRegistryImpl/DefaultRuntimePlugin of DefaultRuntimePlugin [roughlyenoughitems]/"
[11:12:11] [main/TRACE] [REI] [REIServerPlugin START] Reloading Section: "reloadable-plugin/MenuInfoRegistryImpl/DefaultRuntimePlugin of DefaultRuntimePlugin [roughlyenoughitems]/" done in 46.24 μs
[11:12:11] [main/TRACE] [REI] [REIServerPlugin START] Reloading Section: "reloadable-plugin/MenuInfoRegistryImpl/" done in 719.4 μs
[11:12:11] [main/TRACE] [REI] [REIServerPlugin START] Reloading Section: "reloadable-plugin/SlotAccessorRegistryImpl/"
[11:12:11] [main/TRACE] [REI] [REIServerPlugin START] Reloading Section: "reloadable-plugin/SlotAccessorRegistryImpl/DefaultPlugin of DefaultPlugin [roughlyenoughitems]/"
[11:12:11] [main/TRACE] [REI] [REIServerPlugin START] Reloading Section: "reloadable-plugin/SlotAccessorRegistryImpl/DefaultPlugin of DefaultPlugin [roughlyenoughitems]/" done in 38.49 μs
[11:12:11] [main/TRACE] [REI] [REIServerPlugin START] Reloading Section: "reloadable-plugin/SlotAccessorRegistryImpl/FabricFluidAPISupportPlugin/"
[11:12:11] [main/TRACE] [REI] [REIServerPlugin START] Reloading Section: "reloadable-plugin/SlotAccessorRegistryImpl/FabricFluidAPISupportPlugin/" done in 43.72 μs
[11:12:11] [main/TRACE] [REI] [REIServerPlugin START] Reloading Section: "reloadable-plugin/SlotAccessorRegistryImpl/REIServerCompat of REIServerCompat [sophisticatedstorage]/"
[11:12:11] [main/TRACE] [REI] [REIServerPlugin START] Reloading Section: "reloadable-plugin/SlotAccessorRegistryImpl/REIServerCompat of REIServerCompat [sophisticatedstorage]/" done in 46.78 μs
[11:12:11] [main/TRACE] [REI] [REIServerPlugin START] Reloading Section: "reloadable-plugin/SlotAccessorRegistryImpl/REIServerCompat of REIServerCompat [sophisticatedcore]/"
[11:12:11] [main/TRACE] [REI] [REIServerPlugin START] Reloading Section: "reloadable-plugin/SlotAccessorRegistryImpl/REIServerCompat of REIServerCompat [sophisticatedcore]/" done in 44.53 μs
[11:12:11] [main/TRACE] [REI] [REIServerPlugin START] Reloading Section: "reloadable-plugin/SlotAccessorRegistryImpl/REIServerCompat of REIServerCompat [sophisticatedbackpacks]/"
[11:12:11] [main/TRACE] [REI] [REIServerPlugin START] Reloading Section: "reloadable-plugin/SlotAccessorRegistryImpl/REIServerCompat of REIServerCompat [sophisticatedbackpacks]/" done in 52.56 μs
[11:12:11] [main/TRACE] [REI] [REIServerPlugin START] Reloading Section: "reloadable-plugin/SlotAccessorRegistryImpl/DefaultRuntimePlugin of DefaultRuntimePlugin [roughlyenoughitems]/"
[11:12:11] [main/TRACE] [REI] [REIServerPlugin START] Reloading Section: "reloadable-plugin/SlotAccessorRegistryImpl/DefaultRuntimePlugin of DefaultRuntimePlugin [roughlyenoughitems]/" done in 41.86 μs
[11:12:11] [main/TRACE] [REI] [REIServerPlugin START] Reloading Section: "reloadable-plugin/SlotAccessorRegistryImpl/" done in 751.6 μs
[11:12:11] [main/DEBUG] [REI] ========================================
[11:12:11] [main/DEBUG] [REI] REIServerPlugin ending main-reload for START.
[11:12:11] [main/DEBUG] [REI] ========================================
[11:12:11] [main/TRACE] [REI] [REIServerPlugin START] Reloading Section: "end-reload/"
[11:12:11] [main/TRACE] [REI] [REIServerPlugin START] Reloading Section: "end-reload/MenuInfoRegistryImpl/"
[11:12:11] [main/TRACE] [REI] [REIServerPlugin START] Reloading Section: "end-reload/MenuInfoRegistryImpl/" done in 34.85 μs
[11:12:11] [main/TRACE] [REI] [REIServerPlugin START] Reloading Section: "end-reload/SlotAccessorRegistryImpl/"
[11:12:11] [main/TRACE] [REI] [REIServerPlugin START] Reloading Section: "end-reload/SlotAccessorRegistryImpl/" done in 40.95 μs
[11:12:11] [main/TRACE] [REI] [REIServerPlugin START] Reloading Section: "end-reload/" done in 280.2 μs
[11:12:11] [main/DEBUG] [REI] ========================================
[11:12:11] [main/DEBUG] [REI] REIServerPlugin ended main-reload for START in 4.256 ms.
[11:12:11] [main/DEBUG] [REI] ========================================
[11:12:11] [main/DEBUG] [REI] ========================================
[11:12:11] [main/DEBUG] [REI] REIPlugin starting post-reload for START.
[11:12:11] [main/DEBUG] [REI] Reloadables (7):
[11:12:11] [main/DEBUG] [REI]  - EntryTypeRegistryImpl
[11:12:11] [main/DEBUG] [REI]  - EntrySettingsAdapterRegistryImpl
[11:12:11] [main/DEBUG] [REI]  - RecipeManagerContextImpl
[11:12:11] [main/DEBUG] [REI]  - ItemComparatorRegistryImpl
[11:12:11] [main/DEBUG] [REI]  - FluidComparatorRegistryImpl
[11:12:11] [main/DEBUG] [REI]  - DisplaySerializerRegistryImpl
[11:12:11] [main/DEBUG] [REI]  - FluidSupportProviderImpl
[11:12:11] [main/DEBUG] [REI] Plugins (6):
[11:12:11] [main/DEBUG] [REI]  - (-100.00) DefaultPlugin of DefaultPlugin [roughlyenoughitems]
[11:12:11] [main/DEBUG] [REI]  - (0.00) FabricFluidAPISupportPlugin
[11:12:11] [main/DEBUG] [REI]  - (0.00) REIServerCompat of REIServerCompat [sophisticatedstorage]
[11:12:11] [main/DEBUG] [REI]  - (0.00) REIServerCompat of REIServerCompat [sophisticatedcore]
[11:12:11] [main/DEBUG] [REI]  - (0.00) REIServerCompat of REIServerCompat [sophisticatedbackpacks]
[11:12:11] [main/DEBUG] [REI]  - (0.00) DefaultRuntimePlugin of DefaultRuntimePlugin [roughlyenoughitems]
[11:12:11] [main/DEBUG] [REI] ========================================
[11:12:11] [main/TRACE] [REI] [REIPlugin START] Reloading Section: "post-register/"
[11:12:11] [main/TRACE] [REI] [REIPlugin START] Reloading Section: "post-register/DefaultPlugin of DefaultPlugin [roughlyenoughitems]/"
[11:12:11] [main/TRACE] [REI] [REIPlugin START] Reloading Section: "post-register/DefaultPlugin of DefaultPlugin [roughlyenoughitems]/" done in 205.5 μs
[11:12:11] [main/TRACE] [REI] [REIPlugin START] Reloading Section: "post-register/FabricFluidAPISupportPlugin/"
[11:12:11] [main/TRACE] [REI] [REIPlugin START] Reloading Section: "post-register/FabricFluidAPISupportPlugin/" done in 45.32 μs
[11:12:11] [main/TRACE] [REI] [REIPlugin START] Reloading Section: "post-register/REIServerCompat of REIServerCompat [sophisticatedstorage]/"
[11:12:11] [main/TRACE] [REI] [REIPlugin START] Reloading Section: "post-register/REIServerCompat of REIServerCompat [sophisticatedstorage]/" done in 41.69 μs
[11:12:11] [main/TRACE] [REI] [REIPlugin START] Reloading Section: "post-register/REIServerCompat of REIServerCompat [sophisticatedcore]/"
[11:12:11] [main/TRACE] [REI] [REIPlugin START] Reloading Section: "post-register/REIServerCompat of REIServerCompat [sophisticatedcore]/" done in 49.05 μs
[11:12:11] [main/TRACE] [REI] [REIPlugin START] Reloading Section: "post-register/REIServerCompat of REIServerCompat [sophisticatedbackpacks]/"
[11:12:11] [main/TRACE] [REI] [REIPlugin START] Reloading Section: "post-register/REIServerCompat of REIServerCompat [sophisticatedbackpacks]/" done in 49.88 μs
[11:12:11] [main/TRACE] [REI] [REIPlugin START] Reloading Section: "post-register/DefaultRuntimePlugin of DefaultRuntimePlugin [roughlyenoughitems]/"
[11:12:11] [main/TRACE] [REI] [REIPlugin START] Reloading Section: "post-register/DefaultRuntimePlugin of DefaultRuntimePlugin [roughlyenoughitems]/" done in 60.36 μs
[11:12:11] [main/TRACE] [REI] [REIPlugin START] Reloading Section: "post-register/" done in 1.184 ms
[11:12:11] [main/TRACE] [REI] [REIPlugin START] Reloading Section: "post-stage/"
[11:12:11] [main/TRACE] [REI] [REIPlugin START] Reloading Section: "post-stage/EntryTypeRegistryImpl/"
[11:12:11] [main/TRACE] [REI] [REIPlugin START] Reloading Section: "post-stage/EntryTypeRegistryImpl/" done in 58.53 μs
[11:12:11] [main/TRACE] [REI] [REIPlugin START] Reloading Section: "post-stage/EntrySettingsAdapterRegistryImpl/"
[11:12:11] [main/TRACE] [REI] [REIPlugin START] Reloading Section: "post-stage/EntrySettingsAdapterRegistryImpl/" done in 42.60 μs
[11:12:11] [main/TRACE] [REI] [REIPlugin START] Reloading Section: "post-stage/RecipeManagerContextImpl/"
[11:12:11] [main/TRACE] [REI] [REIPlugin START] Reloading Section: "post-stage/RecipeManagerContextImpl/" done in 39.11 μs
[11:12:11] [main/TRACE] [REI] [REIPlugin START] Reloading Section: "post-stage/ItemComparatorRegistryImpl/"
[11:12:11] [main/TRACE] [REI] [REIPlugin START] Reloading Section: "post-stage/ItemComparatorRegistryImpl/" done in 83.38 μs
[11:12:11] [main/TRACE] [REI] [REIPlugin START] Reloading Section: "post-stage/FluidComparatorRegistryImpl/"
[11:12:11] [main/TRACE] [REI] [REIPlugin START] Reloading Section: "post-stage/FluidComparatorRegistryImpl/" done in 110.9 μs
[11:12:11] [main/TRACE] [REI] [REIPlugin START] Reloading Section: "post-stage/DisplaySerializerRegistryImpl/"
[11:12:11] [main/TRACE] [REI] [REIPlugin START] Reloading Section: "post-stage/DisplaySerializerRegistryImpl/" done in 100.1 μs
[11:12:11] [main/TRACE] [REI] [REIPlugin START] Reloading Section: "post-stage/FluidSupportProviderImpl/"
[11:12:11] [main/TRACE] [REI] [REIPlugin START] Reloading Section: "post-stage/FluidSupportProviderImpl/" done in 131.1 μs
[11:12:11] [main/TRACE] [REI] [REIPlugin START] Reloading Section: "post-stage/" done in 1.482 ms
[11:12:11] [main/DEBUG] [REI] ========================================
[11:12:11] [main/INFO] [REI] REIPlugin finished post-reload for START in 2.914 ms, totaling 40.07 ms.
[11:12:11] [main/DEBUG] [REI] ========================================
[11:12:11] [main/DEBUG] [REI] ========================================
[11:12:11] [main/DEBUG] [REI] REIServerPlugin starting post-reload for START.
[11:12:11] [main/DEBUG] [REI] Reloadables (2):
[11:12:11] [main/DEBUG] [REI]  - MenuInfoRegistryImpl
[11:12:11] [main/DEBUG] [REI]  - SlotAccessorRegistryImpl
[11:12:11] [main/DEBUG] [REI] Plugins (6):
[11:12:11] [main/DEBUG] [REI]  - (-100.00) DefaultPlugin of DefaultPlugin [roughlyenoughitems]
[11:12:11] [main/DEBUG] [REI]  - (0.00) FabricFluidAPISupportPlugin
[11:12:11] [main/DEBUG] [REI]  - (0.00) REIServerCompat of REIServerCompat [sophisticatedstorage]
[11:12:11] [main/DEBUG] [REI]  - (0.00) REIServerCompat of REIServerCompat [sophisticatedcore]
[11:12:11] [main/DEBUG] [REI]  - (0.00) REIServerCompat of REIServerCompat [sophisticatedbackpacks]
[11:12:11] [main/DEBUG] [REI]  - (0.00) DefaultRuntimePlugin of DefaultRuntimePlugin [roughlyenoughitems]
[11:12:11] [main/DEBUG] [REI] ========================================
[11:12:11] [main/TRACE] [REI] [REIServerPlugin START] Reloading Section: "post-register/"
[11:12:11] [main/TRACE] [REI] [REIServerPlugin START] Reloading Section: "post-register/DefaultPlugin of DefaultPlugin [roughlyenoughitems]/"
[11:12:11] [main/TRACE] [REI] [REIServerPlugin START] Reloading Section: "post-register/DefaultPlugin of DefaultPlugin [roughlyenoughitems]/" done in 102.4 μs
[11:12:11] [main/TRACE] [REI] [REIServerPlugin START] Reloading Section: "post-register/FabricFluidAPISupportPlugin/"
[11:12:11] [main/TRACE] [REI] [REIServerPlugin START] Reloading Section: "post-register/FabricFluidAPISupportPlugin/" done in 106.0 μs
[11:12:11] [main/TRACE] [REI] [REIServerPlugin START] Reloading Section: "post-register/REIServerCompat of REIServerCompat [sophisticatedstorage]/"
[11:12:11] [main/TRACE] [REI] [REIServerPlugin START] Reloading Section: "post-register/REIServerCompat of REIServerCompat [sophisticatedstorage]/" done in 131.5 μs
[11:12:11] [main/TRACE] [REI] [REIServerPlugin START] Reloading Section: "post-register/REIServerCompat of REIServerCompat [sophisticatedcore]/"
[11:12:11] [main/TRACE] [REI] [REIServerPlugin START] Reloading Section: "post-register/REIServerCompat of REIServerCompat [sophisticatedcore]/" done in 101.8 μs
[11:12:11] [main/TRACE] [REI] [REIServerPlugin START] Reloading Section: "post-register/REIServerCompat of REIServerCompat [sophisticatedbackpacks]/"
[11:12:11] [main/TRACE] [REI] [REIServerPlugin START] Reloading Section: "post-register/REIServerCompat of REIServerCompat [sophisticatedbackpacks]/" done in 48.08 μs
[11:12:11] [main/TRACE] [REI] [REIServerPlugin START] Reloading Section: "post-register/DefaultRuntimePlugin of DefaultRuntimePlugin [roughlyenoughitems]/"
[11:12:11] [main/TRACE] [REI] [REIServerPlugin START] Reloading Section: "post-register/DefaultRuntimePlugin of DefaultRuntimePlugin [roughlyenoughitems]/" done in 116.8 μs
[11:12:11] [main/TRACE] [REI] [REIServerPlugin START] Reloading Section: "post-register/" done in 1.601 ms
[11:12:11] [main/TRACE] [REI] [REIServerPlugin START] Reloading Section: "post-stage/"
[11:12:11] [main/TRACE] [REI] [REIServerPlugin START] Reloading Section: "post-stage/MenuInfoRegistryImpl/"
[11:12:11] [main/TRACE] [REI] [REIServerPlugin START] Reloading Section: "post-stage/MenuInfoRegistryImpl/" done in 97.34 μs
[11:12:11] [main/TRACE] [REI] [REIServerPlugin START] Reloading Section: "post-stage/SlotAccessorRegistryImpl/"
[11:12:11] [main/TRACE] [REI] [REIServerPlugin START] Reloading Section: "post-stage/SlotAccessorRegistryImpl/" done in 91.87 μs
[11:12:11] [main/TRACE] [REI] [REIServerPlugin START] Reloading Section: "post-stage/" done in 547.8 μs
[11:12:11] [main/DEBUG] [REI] ========================================
[11:12:11] [main/INFO] [REI] REIServerPlugin finished post-reload for START in 2.464 ms, totaling 7.779 ms.
[11:12:11] [main/DEBUG] [REI] ========================================
[11:12:11] [main/DEBUG] [REI] ========================================
[11:12:11] [main/DEBUG] [REI] REIPlugin starting pre-reload for END.
[11:12:11] [main/DEBUG] [REI] Reloadables (7):
[11:12:11] [main/DEBUG] [REI]  - EntryTypeRegistryImpl
[11:12:11] [main/DEBUG] [REI]  - EntrySettingsAdapterRegistryImpl
[11:12:11] [main/DEBUG] [REI]  - RecipeManagerContextImpl
[11:12:11] [main/DEBUG] [REI]  - ItemComparatorRegistryImpl
[11:12:11] [main/DEBUG] [REI]  - FluidComparatorRegistryImpl
[11:12:11] [main/DEBUG] [REI]  - DisplaySerializerRegistryImpl
[11:12:11] [main/DEBUG] [REI]  - FluidSupportProviderImpl
[11:12:11] [main/DEBUG] [REI] Plugins (6):
[11:12:11] [main/DEBUG] [REI]  - (-100.00) DefaultPlugin of DefaultPlugin [roughlyenoughitems]
[11:12:11] [main/DEBUG] [REI]  - (0.00) FabricFluidAPISupportPlugin
[11:12:11] [main/DEBUG] [REI]  - (0.00) REIServerCompat of REIServerCompat [sophisticatedstorage]
[11:12:11] [main/DEBUG] [REI]  - (0.00) REIServerCompat of REIServerCompat [sophisticatedcore]
[11:12:11] [main/DEBUG] [REI]  - (0.00) REIServerCompat of REIServerCompat [sophisticatedbackpacks]
[11:12:11] [main/DEBUG] [REI]  - (0.00) DefaultRuntimePlugin of DefaultRuntimePlugin [roughlyenoughitems]
[11:12:11] [main/DEBUG] [REI] ========================================
[11:12:11] [main/TRACE] [REI] [REIPlugin END] Reloading Section: "pre-register/"
[11:12:11] [main/TRACE] [REI] [REIPlugin END] Reloading Section: "pre-register/DefaultPlugin of DefaultPlugin [roughlyenoughitems]/"
[11:12:11] [main/TRACE] [REI] [REIPlugin END] Reloading Section: "pre-register/DefaultPlugin of DefaultPlugin [roughlyenoughitems]/" done in 84.14 μs
[11:12:11] [main/TRACE] [REI] [REIPlugin END] Reloading Section: "pre-register/FabricFluidAPISupportPlugin/"
[11:12:11] [main/TRACE] [REI] [REIPlugin END] Reloading Section: "pre-register/FabricFluidAPISupportPlugin/" done in 103.2 μs
[11:12:11] [main/TRACE] [REI] [REIPlugin END] Reloading Section: "pre-register/REIServerCompat of REIServerCompat [sophisticatedstorage]/"
[11:12:11] [main/TRACE] [REI] [REIPlugin END] Reloading Section: "pre-register/REIServerCompat of REIServerCompat [sophisticatedstorage]/" done in 84.60 μs
[11:12:11] [main/TRACE] [REI] [REIPlugin END] Reloading Section: "pre-register/REIServerCompat of REIServerCompat [sophisticatedcore]/"
[11:12:11] [main/TRACE] [REI] [REIPlugin END] Reloading Section: "pre-register/REIServerCompat of REIServerCompat [sophisticatedcore]/" done in 123.0 μs
[11:12:11] [main/TRACE] [REI] [REIPlugin END] Reloading Section: "pre-register/REIServerCompat of REIServerCompat [sophisticatedbackpacks]/"
[11:12:11] [main/TRACE] [REI] [REIPlugin END] Reloading Section: "pre-register/REIServerCompat of REIServerCompat [sophisticatedbackpacks]/" done in 74.49 μs
[11:12:11] [main/TRACE] [REI] [REIPlugin END] Reloading Section: "pre-register/DefaultRuntimePlugin of DefaultRuntimePlugin [roughlyenoughitems]/"
[11:12:11] [main/TRACE] [REI] [REIPlugin END] Reloading Section: "pre-register/DefaultRuntimePlugin of DefaultRuntimePlugin [roughlyenoughitems]/" done in 91.59 μs
[11:12:11] [main/TRACE] [REI] [REIPlugin END] Reloading Section: "pre-register/" done in 1.449 ms
[11:12:11] [main/TRACE] [REI] [REIPlugin END] Reloading Section: "pre-stage/"
[11:12:11] [main/TRACE] [REI] [REIPlugin END] Reloading Section: "pre-stage/EntryTypeRegistryImpl/"
[11:12:11] [main/TRACE] [REI] [REIPlugin END] Reloading Section: "pre-stage/EntryTypeRegistryImpl/" done in 89.89 μs
[11:12:11] [main/TRACE] [REI] [REIPlugin END] Reloading Section: "pre-stage/EntrySettingsAdapterRegistryImpl/"
[11:12:11] [main/TRACE] [REI] [REIPlugin END] Reloading Section: "pre-stage/EntrySettingsAdapterRegistryImpl/" done in 65.39 μs
[11:12:11] [main/TRACE] [REI] [REIPlugin END] Reloading Section: "pre-stage/RecipeManagerContextImpl/"
[11:12:11] [main/TRACE] [REI] [REIPlugin END] Reloading Section: "pre-stage/RecipeManagerContextImpl/" done in 90.29 μs
[11:12:11] [main/TRACE] [REI] [REIPlugin END] Reloading Section: "pre-stage/ItemComparatorRegistryImpl/"
[11:12:11] [main/TRACE] [REI] [REIPlugin END] Reloading Section: "pre-stage/ItemComparatorRegistryImpl/" done in 93.59 μs
[11:12:11] [main/TRACE] [REI] [REIPlugin END] Reloading Section: "pre-stage/FluidComparatorRegistryImpl/"
[11:12:11] [main/TRACE] [REI] [REIPlugin END] Reloading Section: "pre-stage/FluidComparatorRegistryImpl/" done in 87.54 μs
[11:12:11] [main/TRACE] [REI] [REIPlugin END] Reloading Section: "pre-stage/DisplaySerializerRegistryImpl/"
[11:12:11] [main/TRACE] [REI] [REIPlugin END] Reloading Section: "pre-stage/DisplaySerializerRegistryImpl/" done in 86.90 μs
[11:12:11] [main/TRACE] [REI] [REIPlugin END] Reloading Section: "pre-stage/FluidSupportProviderImpl/"
[11:12:11] [main/TRACE] [REI] [REIPlugin END] Reloading Section: "pre-stage/FluidSupportProviderImpl/" done in 105.4 μs
[11:12:11] [main/TRACE] [REI] [REIPlugin END] Reloading Section: "pre-stage/" done in 1.602 ms
[11:12:11] [main/DEBUG] [REI] ========================================
[11:12:11] [main/DEBUG] [REI] REIPlugin finished pre-reload for END in 3.248 ms.
[11:12:11] [main/DEBUG] [REI] ========================================
[11:12:11] [main/DEBUG] [REI] ========================================
[11:12:11] [main/DEBUG] [REI] REIServerPlugin starting pre-reload for END.
[11:12:11] [main/DEBUG] [REI] Reloadables (2):
[11:12:11] [main/DEBUG] [REI]  - MenuInfoRegistryImpl
[11:12:11] [main/DEBUG] [REI]  - SlotAccessorRegistryImpl
[11:12:11] [main/DEBUG] [REI] Plugins (6):
[11:12:11] [main/DEBUG] [REI]  - (-100.00) DefaultPlugin of DefaultPlugin [roughlyenoughitems]
[11:12:11] [main/DEBUG] [REI]  - (0.00) FabricFluidAPISupportPlugin
[11:12:11] [main/DEBUG] [REI]  - (0.00) REIServerCompat of REIServerCompat [sophisticatedstorage]
[11:12:11] [main/DEBUG] [REI]  - (0.00) REIServerCompat of REIServerCompat [sophisticatedcore]
[11:12:11] [main/DEBUG] [REI]  - (0.00) REIServerCompat of REIServerCompat [sophisticatedbackpacks]
[11:12:11] [main/DEBUG] [REI]  - (0.00) DefaultRuntimePlugin of DefaultRuntimePlugin [roughlyenoughitems]
[11:12:11] [main/DEBUG] [REI] ========================================
[11:12:11] [main/TRACE] [REI] [REIServerPlugin END] Reloading Section: "pre-register/"
[11:12:11] [main/TRACE] [REI] [REIServerPlugin END] Reloading Section: "pre-register/DefaultPlugin of DefaultPlugin [roughlyenoughitems]/"
[11:12:11] [main/TRACE] [REI] [REIServerPlugin END] Reloading Section: "pre-register/DefaultPlugin of DefaultPlugin [roughlyenoughitems]/" done in 81.77 μs
[11:12:11] [main/TRACE] [REI] [REIServerPlugin END] Reloading Section: "pre-register/FabricFluidAPISupportPlugin/"
[11:12:11] [main/TRACE] [REI] [REIServerPlugin END] Reloading Section: "pre-register/FabricFluidAPISupportPlugin/" done in 101.0 μs
[11:12:11] [main/TRACE] [REI] [REIServerPlugin END] Reloading Section: "pre-register/REIServerCompat of REIServerCompat [sophisticatedstorage]/"
[11:12:11] [main/TRACE] [REI] [REIServerPlugin END] Reloading Section: "pre-register/REIServerCompat of REIServerCompat [sophisticatedstorage]/" done in 100.6 μs
[11:12:11] [main/TRACE] [REI] [REIServerPlugin END] Reloading Section: "pre-register/REIServerCompat of REIServerCompat [sophisticatedcore]/"
[11:12:11] [main/TRACE] [REI] [REIServerPlugin END] Reloading Section: "pre-register/REIServerCompat of REIServerCompat [sophisticatedcore]/" done in 44.62 μs
[11:12:11] [main/TRACE] [REI] [REIServerPlugin END] Reloading Section: "pre-register/REIServerCompat of REIServerCompat [sophisticatedbackpacks]/"
[11:12:11] [main/TRACE] [REI] [REIServerPlugin END] Reloading Section: "pre-register/REIServerCompat of REIServerCompat [sophisticatedbackpacks]/" done in 102.4 μs
[11:12:11] [main/TRACE] [REI] [REIServerPlugin END] Reloading Section: "pre-register/DefaultRuntimePlugin of DefaultRuntimePlugin [roughlyenoughitems]/"
[11:12:11] [main/TRACE] [REI] [REIServerPlugin END] Reloading Section: "pre-register/DefaultRuntimePlugin of DefaultRuntimePlugin [roughlyenoughitems]/" done in 116.2 μs
[11:12:11] [main/TRACE] [REI] [REIServerPlugin END] Reloading Section: "pre-register/" done in 1.508 ms
[11:12:11] [main/TRACE] [REI] [REIServerPlugin END] Reloading Section: "pre-stage/"
[11:12:11] [main/TRACE] [REI] [REIServerPlugin END] Reloading Section: "pre-stage/MenuInfoRegistryImpl/"
[11:12:11] [main/TRACE] [REI] [REIServerPlugin END] Reloading Section: "pre-stage/MenuInfoRegistryImpl/" done in 59.40 μs
[11:12:11] [main/TRACE] [REI] [REIServerPlugin END] Reloading Section: "pre-stage/SlotAccessorRegistryImpl/"
[11:12:11] [main/TRACE] [REI] [REIServerPlugin END] Reloading Section: "pre-stage/SlotAccessorRegistryImpl/" done in 120.8 μs
[11:12:11] [main/TRACE] [REI] [REIServerPlugin END] Reloading Section: "pre-stage/" done in 562.4 μs
[11:12:11] [main/DEBUG] [REI] ========================================
[11:12:11] [main/DEBUG] [REI] REIServerPlugin finished pre-reload for END in 2.312 ms.
[11:12:11] [main/DEBUG] [REI] ========================================
[11:12:11] [main/INFO] [REI] ----------------------------------------
[11:12:11] [main/INFO] [REI] REIPlugin starting main-reload for END.
[11:12:11] [main/DEBUG] [REI] Reloadables (7):
[11:12:11] [main/DEBUG] [REI]  - EntryTypeRegistryImpl
[11:12:11] [main/DEBUG] [REI]  - EntrySettingsAdapterRegistryImpl
[11:12:11] [main/DEBUG] [REI]  - RecipeManagerContextImpl
[11:12:11] [main/DEBUG] [REI]  - ItemComparatorRegistryImpl
[11:12:11] [main/DEBUG] [REI]  - FluidComparatorRegistryImpl
[11:12:11] [main/DEBUG] [REI]  - DisplaySerializerRegistryImpl
[11:12:11] [main/DEBUG] [REI]  - FluidSupportProviderImpl
[11:12:11] [main/INFO] [REI] Plugins (6):
[11:12:11] [main/INFO] [REI]  - (-100.00) DefaultPlugin of DefaultPlugin [roughlyenoughitems]
[11:12:11] [main/INFO] [REI]  - (0.00) FabricFluidAPISupportPlugin
[11:12:11] [main/INFO] [REI]  - (0.00) REIServerCompat of REIServerCompat [sophisticatedstorage]
[11:12:11] [main/INFO] [REI]  - (0.00) REIServerCompat of REIServerCompat [sophisticatedcore]
[11:12:11] [main/INFO] [REI]  - (0.00) REIServerCompat of REIServerCompat [sophisticatedbackpacks]
[11:12:11] [main/INFO] [REI]  - (0.00) DefaultRuntimePlugin of DefaultRuntimePlugin [roughlyenoughitems]
[11:12:11] [main/INFO] [REI] ----------------------------------------
[11:12:11] [main/TRACE] [REI] [REIPlugin END] Reloading Section: "start-reload/"
[11:12:11] [main/TRACE] [REI] [REIPlugin END] Reloading Section: "start-reload/EntryTypeRegistryImpl/"
[11:12:11] [main/TRACE] [REI] [REIPlugin END] Reloading Section: "start-reload/EntryTypeRegistryImpl/" done in 42.03 μs
[11:12:11] [main/TRACE] [REI] [REIPlugin END] Reloading Section: "start-reload/EntrySettingsAdapterRegistryImpl/"
[11:12:11] [main/TRACE] [REI] [REIPlugin END] Reloading Section: "start-reload/EntrySettingsAdapterRegistryImpl/" done in 48.15 μs
[11:12:11] [main/TRACE] [REI] [REIPlugin END] Reloading Section: "start-reload/RecipeManagerContextImpl/"
[11:12:11] [main/TRACE] [REI] [REIPlugin END] Reloading Section: "start-reload/RecipeManagerContextImpl/" done in 39.08 μs
[11:12:11] [main/TRACE] [REI] [REIPlugin END] Reloading Section: "start-reload/ItemComparatorRegistryImpl/"
[11:12:11] [main/TRACE] [REI] [REIPlugin END] Reloading Section: "start-reload/ItemComparatorRegistryImpl/" done in 41.04 μs
[11:12:11] [main/TRACE] [REI] [REIPlugin END] Reloading Section: "start-reload/FluidComparatorRegistryImpl/"
[11:12:11] [main/TRACE] [REI] [REIPlugin END] Reloading Section: "start-reload/FluidComparatorRegistryImpl/" done in 51.73 μs
[11:12:11] [main/TRACE] [REI] [REIPlugin END] Reloading Section: "start-reload/DisplaySerializerRegistryImpl/"
[11:12:11] [main/TRACE] [REI] [REIPlugin END] Reloading Section: "start-reload/DisplaySerializerRegistryImpl/" done in 42.02 μs
[11:12:11] [main/TRACE] [REI] [REIPlugin END] Reloading Section: "start-reload/FluidSupportProviderImpl/"
[11:12:11] [main/TRACE] [REI] [REIPlugin END] Reloading Section: "start-reload/FluidSupportProviderImpl/" done in 36.60 μs
[11:12:11] [main/TRACE] [REI] [REIPlugin END] Reloading Section: "start-reload/" done in 883.4 μs
[11:12:11] [main/DEBUG] [REI] ========================================
[11:12:11] [main/DEBUG] [REI] REIPlugin started main-reload for END.
[11:12:11] [main/DEBUG] [REI] ========================================
[11:12:11] [main/TRACE] [REI] [REIPlugin END] Reloading Section: "reloadable-plugin/EntryTypeRegistryImpl/"
[11:12:11] [main/TRACE] [REI] [REIPlugin END] Reloading Section: "reloadable-plugin/EntryTypeRegistryImpl/DefaultPlugin of DefaultPlugin [roughlyenoughitems]/"
[11:12:11] [main/TRACE] [REI] [REIPlugin END] Reloading Section: "reloadable-plugin/EntryTypeRegistryImpl/DefaultPlugin of DefaultPlugin [roughlyenoughitems]/" done in 44.21 μs
[11:12:11] [main/TRACE] [REI] [REIPlugin END] Reloading Section: "reloadable-plugin/EntryTypeRegistryImpl/FabricFluidAPISupportPlugin/"
[11:12:11] [main/TRACE] [REI] [REIPlugin END] Reloading Section: "reloadable-plugin/EntryTypeRegistryImpl/FabricFluidAPISupportPlugin/" done in 40.72 μs
[11:12:11] [main/TRACE] [REI] [REIPlugin END] Reloading Section: "reloadable-plugin/EntryTypeRegistryImpl/REIServerCompat of REIServerCompat [sophisticatedstorage]/"
[11:12:11] [main/TRACE] [REI] [REIPlugin END] Reloading Section: "reloadable-plugin/EntryTypeRegistryImpl/REIServerCompat of REIServerCompat [sophisticatedstorage]/" done in 43.09 μs
[11:12:11] [main/TRACE] [REI] [REIPlugin END] Reloading Section: "reloadable-plugin/EntryTypeRegistryImpl/REIServerCompat of REIServerCompat [sophisticatedcore]/"
[11:12:11] [main/TRACE] [REI] [REIPlugin END] Reloading Section: "reloadable-plugin/EntryTypeRegistryImpl/REIServerCompat of REIServerCompat [sophisticatedcore]/" done in 42.45 μs
[11:12:11] [main/TRACE] [REI] [REIPlugin END] Reloading Section: "reloadable-plugin/EntryTypeRegistryImpl/REIServerCompat of REIServerCompat [sophisticatedbackpacks]/"
[11:12:11] [main/TRACE] [REI] [REIPlugin END] Reloading Section: "reloadable-plugin/EntryTypeRegistryImpl/REIServerCompat of REIServerCompat [sophisticatedbackpacks]/" done in 42.76 μs
[11:12:11] [main/TRACE] [REI] [REIPlugin END] Reloading Section: "reloadable-plugin/EntryTypeRegistryImpl/DefaultRuntimePlugin of DefaultRuntimePlugin [roughlyenoughitems]/"
[11:12:11] [main/TRACE] [REI] [REIPlugin END] Reloading Section: "reloadable-plugin/EntryTypeRegistryImpl/DefaultRuntimePlugin of DefaultRuntimePlugin [roughlyenoughitems]/" done in 44.23 μs
[11:12:11] [main/TRACE] [REI] [REIPlugin END] Reloading Section: "reloadable-plugin/EntryTypeRegistryImpl/" done in 732.1 μs
[11:12:11] [main/TRACE] [REI] [REIPlugin END] Reloading Section: "reloadable-plugin/EntrySettingsAdapterRegistryImpl/"
[11:12:11] [main/TRACE] [REI] [REIPlugin END] Reloading Section: "reloadable-plugin/EntrySettingsAdapterRegistryImpl/DefaultPlugin of DefaultPlugin [roughlyenoughitems]/"
[11:12:11] [main/TRACE] [REI] [REIPlugin END] Reloading Section: "reloadable-plugin/EntrySettingsAdapterRegistryImpl/DefaultPlugin of DefaultPlugin [roughlyenoughitems]/" done in 62.08 μs
[11:12:11] [main/TRACE] [REI] [REIPlugin END] Reloading Section: "reloadable-plugin/EntrySettingsAdapterRegistryImpl/FabricFluidAPISupportPlugin/"
[11:12:11] [main/TRACE] [REI] [REIPlugin END] Reloading Section: "reloadable-plugin/EntrySettingsAdapterRegistryImpl/FabricFluidAPISupportPlugin/" done in 45.15 μs
[11:12:11] [main/TRACE] [REI] [REIPlugin END] Reloading Section: "reloadable-plugin/EntrySettingsAdapterRegistryImpl/REIServerCompat of REIServerCompat [sophisticatedstorage]/"
[11:12:11] [main/TRACE] [REI] [REIPlugin END] Reloading Section: "reloadable-plugin/EntrySettingsAdapterRegistryImpl/REIServerCompat of REIServerCompat [sophisticatedstorage]/" done in 57.83 μs
[11:12:11] [main/TRACE] [REI] [REIPlugin END] Reloading Section: "reloadable-plugin/EntrySettingsAdapterRegistryImpl/REIServerCompat of REIServerCompat [sophisticatedcore]/"
[11:12:11] [main/TRACE] [REI] [REIPlugin END] Reloading Section: "reloadable-plugin/EntrySettingsAdapterRegistryImpl/REIServerCompat of REIServerCompat [sophisticatedcore]/" done in 41.46 μs
[11:12:11] [main/TRACE] [REI] [REIPlugin END] Reloading Section: "reloadable-plugin/EntrySettingsAdapterRegistryImpl/REIServerCompat of REIServerCompat [sophisticatedbackpacks]/"
[11:12:11] [main/TRACE] [REI] [REIPlugin END] Reloading Section: "reloadable-plugin/EntrySettingsAdapterRegistryImpl/REIServerCompat of REIServerCompat [sophisticatedbackpacks]/" done in 40.17 μs
[11:12:11] [main/TRACE] [REI] [REIPlugin END] Reloading Section: "reloadable-plugin/EntrySettingsAdapterRegistryImpl/DefaultRuntimePlugin of DefaultRuntimePlugin [roughlyenoughitems]/"
[11:12:11] [main/TRACE] [REI] [REIPlugin END] Reloading Section: "reloadable-plugin/EntrySettingsAdapterRegistryImpl/DefaultRuntimePlugin of DefaultRuntimePlugin [roughlyenoughitems]/" done in 43.95 μs
[11:12:11] [main/TRACE] [REI] [REIPlugin END] Reloading Section: "reloadable-plugin/EntrySettingsAdapterRegistryImpl/" done in 817.8 μs
[11:12:11] [main/TRACE] [REI] [REIPlugin END] Reloading Section: "reloadable-plugin/RecipeManagerContextImpl/"
[11:12:11] [main/TRACE] [REI] [REIPlugin END] Reloading Section: "reloadable-plugin/RecipeManagerContextImpl/DefaultPlugin of DefaultPlugin [roughlyenoughitems]/"
[11:12:11] [main/TRACE] [REI] [REIPlugin END] Reloading Section: "reloadable-plugin/RecipeManagerContextImpl/DefaultPlugin of DefaultPlugin [roughlyenoughitems]/" done in 66.57 μs
[11:12:11] [main/TRACE] [REI] [REIPlugin END] Reloading Section: "reloadable-plugin/RecipeManagerContextImpl/FabricFluidAPISupportPlugin/"
[11:12:11] [main/TRACE] [REI] [REIPlugin END] Reloading Section: "reloadable-plugin/RecipeManagerContextImpl/FabricFluidAPISupportPlugin/" done in 44.51 μs
[11:12:11] [main/TRACE] [REI] [REIPlugin END] Reloading Section: "reloadable-plugin/RecipeManagerContextImpl/REIServerCompat of REIServerCompat [sophisticatedstorage]/"
[11:12:11] [main/TRACE] [REI] [REIPlugin END] Reloading Section: "reloadable-plugin/RecipeManagerContextImpl/REIServerCompat of REIServerCompat [sophisticatedstorage]/" done in 48.49 μs
[11:12:11] [main/TRACE] [REI] [REIPlugin END] Reloading Section: "reloadable-plugin/RecipeManagerContextImpl/REIServerCompat of REIServerCompat [sophisticatedcore]/"
[11:12:11] [main/TRACE] [REI] [REIPlugin END] Reloading Section: "reloadable-plugin/RecipeManagerContextImpl/REIServerCompat of REIServerCompat [sophisticatedcore]/" done in 45.49 μs
[11:12:11] [main/TRACE] [REI] [REIPlugin END] Reloading Section: "reloadable-plugin/RecipeManagerContextImpl/REIServerCompat of REIServerCompat [sophisticatedbackpacks]/"
[11:12:11] [main/TRACE] [REI] [REIPlugin END] Reloading Section: "reloadable-plugin/RecipeManagerContextImpl/REIServerCompat of REIServerCompat [sophisticatedbackpacks]/" done in 27.38 μs
[11:12:11] [main/TRACE] [REI] [REIPlugin END] Reloading Section: "reloadable-plugin/RecipeManagerContextImpl/DefaultRuntimePlugin of DefaultRuntimePlugin [roughlyenoughitems]/"
[11:12:11] [main/TRACE] [REI] [REIPlugin END] Reloading Section: "reloadable-plugin/RecipeManagerContextImpl/DefaultRuntimePlugin of DefaultRuntimePlugin [roughlyenoughitems]/" done in 23.45 μs
[11:12:11] [main/TRACE] [REI] [REIPlugin END] Reloading Section: "reloadable-plugin/RecipeManagerContextImpl/" done in 666.8 μs
[11:12:11] [main/TRACE] [REI] [REIPlugin END] Reloading Section: "reloadable-plugin/ItemComparatorRegistryImpl/"
[11:12:11] [main/TRACE] [REI] [REIPlugin END] Reloading Section: "reloadable-plugin/ItemComparatorRegistryImpl/DefaultPlugin of DefaultPlugin [roughlyenoughitems]/"
[11:12:11] [main/TRACE] [REI] [REIPlugin END] Reloading Section: "reloadable-plugin/ItemComparatorRegistryImpl/DefaultPlugin of DefaultPlugin [roughlyenoughitems]/" done in 31.64 μs
[11:12:11] [main/TRACE] [REI] [REIPlugin END] Reloading Section: "reloadable-plugin/ItemComparatorRegistryImpl/FabricFluidAPISupportPlugin/"
[11:12:11] [main/TRACE] [REI] [REIPlugin END] Reloading Section: "reloadable-plugin/ItemComparatorRegistryImpl/FabricFluidAPISupportPlugin/" done in 24.00 μs
[11:12:11] [main/TRACE] [REI] [REIPlugin END] Reloading Section: "reloadable-plugin/ItemComparatorRegistryImpl/REIServerCompat of REIServerCompat [sophisticatedstorage]/"
[11:12:11] [main/TRACE] [REI] [REIPlugin END] Reloading Section: "reloadable-plugin/ItemComparatorRegistryImpl/REIServerCompat of REIServerCompat [sophisticatedstorage]/" done in 25.34 μs
[11:12:11] [main/TRACE] [REI] [REIPlugin END] Reloading Section: "reloadable-plugin/ItemComparatorRegistryImpl/REIServerCompat of REIServerCompat [sophisticatedcore]/"
[11:12:11] [main/TRACE] [REI] [REIPlugin END] Reloading Section: "reloadable-plugin/ItemComparatorRegistryImpl/REIServerCompat of REIServerCompat [sophisticatedcore]/" done in 26.41 μs
[11:12:11] [main/TRACE] [REI] [REIPlugin END] Reloading Section: "reloadable-plugin/ItemComparatorRegistryImpl/REIServerCompat of REIServerCompat [sophisticatedbackpacks]/"
[11:12:11] [main/TRACE] [REI] [REIPlugin END] Reloading Section: "reloadable-plugin/ItemComparatorRegistryImpl/REIServerCompat of REIServerCompat [sophisticatedbackpacks]/" done in 25.38 μs
[11:12:11] [main/TRACE] [REI] [REIPlugin END] Reloading Section: "reloadable-plugin/ItemComparatorRegistryImpl/DefaultRuntimePlugin of DefaultRuntimePlugin [roughlyenoughitems]/"
[11:12:11] [main/TRACE] [REI] [REIPlugin END] Reloading Section: "reloadable-plugin/ItemComparatorRegistryImpl/DefaultRuntimePlugin of DefaultRuntimePlugin [roughlyenoughitems]/" done in 31.78 μs
[11:12:11] [main/TRACE] [REI] [REIPlugin END] Reloading Section: "reloadable-plugin/ItemComparatorRegistryImpl/" done in 466.3 μs
[11:12:11] [main/TRACE] [REI] [REIPlugin END] Reloading Section: "reloadable-plugin/FluidComparatorRegistryImpl/"
[11:12:11] [main/TRACE] [REI] [REIPlugin END] Reloading Section: "reloadable-plugin/FluidComparatorRegistryImpl/DefaultPlugin of DefaultPlugin [roughlyenoughitems]/"
[11:12:11] [main/TRACE] [REI] [REIPlugin END] Reloading Section: "reloadable-plugin/FluidComparatorRegistryImpl/DefaultPlugin of DefaultPlugin [roughlyenoughitems]/" done in 54.65 μs
[11:12:11] [main/TRACE] [REI] [REIPlugin END] Reloading Section: "reloadable-plugin/FluidComparatorRegistryImpl/FabricFluidAPISupportPlugin/"
[11:12:11] [main/TRACE] [REI] [REIPlugin END] Reloading Section: "reloadable-plugin/FluidComparatorRegistryImpl/FabricFluidAPISupportPlugin/" done in 45.16 μs
[11:12:11] [main/TRACE] [REI] [REIPlugin END] Reloading Section: "reloadable-plugin/FluidComparatorRegistryImpl/REIServerCompat of REIServerCompat [sophisticatedstorage]/"
[11:12:11] [main/TRACE] [REI] [REIPlugin END] Reloading Section: "reloadable-plugin/FluidComparatorRegistryImpl/REIServerCompat of REIServerCompat [sophisticatedstorage]/" done in 47.46 μs
[11:12:11] [main/TRACE] [REI] [REIPlugin END] Reloading Section: "reloadable-plugin/FluidComparatorRegistryImpl/REIServerCompat of REIServerCompat [sophisticatedcore]/"
[11:12:11] [main/TRACE] [REI] [REIPlugin END] Reloading Section: "reloadable-plugin/FluidComparatorRegistryImpl/REIServerCompat of REIServerCompat [sophisticatedcore]/" done in 47.56 μs
[11:12:11] [main/TRACE] [REI] [REIPlugin END] Reloading Section: "reloadable-plugin/FluidComparatorRegistryImpl/REIServerCompat of REIServerCompat [sophisticatedbackpacks]/"
[11:12:11] [main/TRACE] [REI] [REIPlugin END] Reloading Section: "reloadable-plugin/FluidComparatorRegistryImpl/REIServerCompat of REIServerCompat [sophisticatedbackpacks]/" done in 39.43 μs
[11:12:11] [main/TRACE] [REI] [REIPlugin END] Reloading Section: "reloadable-plugin/FluidComparatorRegistryImpl/DefaultRuntimePlugin of DefaultRuntimePlugin [roughlyenoughitems]/"
[11:12:11] [main/TRACE] [REI] [REIPlugin END] Reloading Section: "reloadable-plugin/FluidComparatorRegistryImpl/DefaultRuntimePlugin of DefaultRuntimePlugin [roughlyenoughitems]/" done in 53.59 μs
[11:12:11] [main/TRACE] [REI] [REIPlugin END] Reloading Section: "reloadable-plugin/FluidComparatorRegistryImpl/" done in 739.2 μs
[11:12:11] [main/TRACE] [REI] [REIPlugin END] Reloading Section: "reloadable-plugin/DisplaySerializerRegistryImpl/"
[11:12:11] [main/TRACE] [REI] [REIPlugin END] Reloading Section: "reloadable-plugin/DisplaySerializerRegistryImpl/DefaultPlugin of DefaultPlugin [roughlyenoughitems]/"
[11:12:11] [main/TRACE] [REI] [REIPlugin END] Reloading Section: "reloadable-plugin/DisplaySerializerRegistryImpl/DefaultPlugin of DefaultPlugin [roughlyenoughitems]/" done in 27.14 ms
[11:12:11] [main/TRACE] [REI] [REIPlugin END] Reloading Section: "reloadable-plugin/DisplaySerializerRegistryImpl/FabricFluidAPISupportPlugin/"
[11:12:11] [main/TRACE] [REI] [REIPlugin END] Reloading Section: "reloadable-plugin/DisplaySerializerRegistryImpl/FabricFluidAPISupportPlugin/" done in 61.10 μs
[11:12:11] [main/TRACE] [REI] [REIPlugin END] Reloading Section: "reloadable-plugin/DisplaySerializerRegistryImpl/REIServerCompat of REIServerCompat [sophisticatedstorage]/"
[11:12:11] [main/TRACE] [REI] [REIPlugin END] Reloading Section: "reloadable-plugin/DisplaySerializerRegistryImpl/REIServerCompat of REIServerCompat [sophisticatedstorage]/" done in 44.39 μs
[11:12:11] [main/TRACE] [REI] [REIPlugin END] Reloading Section: "reloadable-plugin/DisplaySerializerRegistryImpl/REIServerCompat of REIServerCompat [sophisticatedcore]/"
[11:12:11] [main/TRACE] [REI] [REIPlugin END] Reloading Section: "reloadable-plugin/DisplaySerializerRegistryImpl/REIServerCompat of REIServerCompat [sophisticatedcore]/" done in 42.65 μs
[11:12:11] [main/TRACE] [REI] [REIPlugin END] Reloading Section: "reloadable-plugin/DisplaySerializerRegistryImpl/REIServerCompat of REIServerCompat [sophisticatedbackpacks]/"
[11:12:11] [main/TRACE] [REI] [REIPlugin END] Reloading Section: "reloadable-plugin/DisplaySerializerRegistryImpl/REIServerCompat of REIServerCompat [sophisticatedbackpacks]/" done in 41.13 μs
[11:12:11] [main/TRACE] [REI] [REIPlugin END] Reloading Section: "reloadable-plugin/DisplaySerializerRegistryImpl/DefaultRuntimePlugin of DefaultRuntimePlugin [roughlyenoughitems]/"
[11:12:11] [main/TRACE] [REI] [REIPlugin END] Reloading Section: "reloadable-plugin/DisplaySerializerRegistryImpl/DefaultRuntimePlugin of DefaultRuntimePlugin [roughlyenoughitems]/" done in 39.82 μs
[11:12:11] [main/TRACE] [REI] [REIPlugin END] Reloading Section: "reloadable-plugin/DisplaySerializerRegistryImpl/" done in 27.99 ms
[11:12:11] [main/TRACE] [REI] [REIPlugin END] Reloading Section: "reloadable-plugin/FluidSupportProviderImpl/"
[11:12:11] [main/TRACE] [REI] [REIPlugin END] Reloading Section: "reloadable-plugin/FluidSupportProviderImpl/DefaultPlugin of DefaultPlugin [roughlyenoughitems]/"
[11:12:11] [main/TRACE] [REI] [REIPlugin END] Reloading Section: "reloadable-plugin/FluidSupportProviderImpl/DefaultPlugin of DefaultPlugin [roughlyenoughitems]/" done in 46.90 μs
[11:12:11] [main/TRACE] [REI] [REIPlugin END] Reloading Section: "reloadable-plugin/FluidSupportProviderImpl/FabricFluidAPISupportPlugin/"
[11:12:11] [main/TRACE] [REI] [REIPlugin END] Reloading Section: "reloadable-plugin/FluidSupportProviderImpl/FabricFluidAPISupportPlugin/" done in 48.09 μs
[11:12:11] [main/TRACE] [REI] [REIPlugin END] Reloading Section: "reloadable-plugin/FluidSupportProviderImpl/REIServerCompat of REIServerCompat [sophisticatedstorage]/"
[11:12:11] [main/TRACE] [REI] [REIPlugin END] Reloading Section: "reloadable-plugin/FluidSupportProviderImpl/REIServerCompat of REIServerCompat [sophisticatedstorage]/" done in 40.72 μs
[11:12:11] [main/TRACE] [REI] [REIPlugin END] Reloading Section: "reloadable-plugin/FluidSupportProviderImpl/REIServerCompat of REIServerCompat [sophisticatedcore]/"
[11:12:11] [main/TRACE] [REI] [REIPlugin END] Reloading Section: "reloadable-plugin/FluidSupportProviderImpl/REIServerCompat of REIServerCompat [sophisticatedcore]/" done in 40.96 μs
[11:12:11] [main/TRACE] [REI] [REIPlugin END] Reloading Section: "reloadable-plugin/FluidSupportProviderImpl/REIServerCompat of REIServerCompat [sophisticatedbackpacks]/"
[11:12:11] [main/TRACE] [REI] [REIPlugin END] Reloading Section: "reloadable-plugin/FluidSupportProviderImpl/REIServerCompat of REIServerCompat [sophisticatedbackpacks]/" done in 41.70 μs
[11:12:11] [main/TRACE] [REI] [REIPlugin END] Reloading Section: "reloadable-plugin/FluidSupportProviderImpl/DefaultRuntimePlugin of DefaultRuntimePlugin [roughlyenoughitems]/"
[11:12:11] [main/TRACE] [REI] [REIPlugin END] Reloading Section: "reloadable-plugin/FluidSupportProviderImpl/DefaultRuntimePlugin of DefaultRuntimePlugin [roughlyenoughitems]/" done in 73.66 μs
[11:12:11] [main/TRACE] [REI] [REIPlugin END] Reloading Section: "reloadable-plugin/FluidSupportProviderImpl/" done in 761.3 μs
[11:12:11] [main/DEBUG] [REI] ========================================
[11:12:11] [main/DEBUG] [REI] REIPlugin ending main-reload for END.
[11:12:11] [main/DEBUG] [REI] ========================================
[11:12:11] [main/TRACE] [REI] [REIPlugin END] Reloading Section: "end-reload/"
[11:12:11] [main/TRACE] [REI] [REIPlugin END] Reloading Section: "end-reload/EntryTypeRegistryImpl/"
[11:12:11] [main/TRACE] [REI] [REIPlugin END] Reloading Section: "end-reload/EntryTypeRegistryImpl/" done in 50.26 μs
[11:12:11] [main/TRACE] [REI] [REIPlugin END] Reloading Section: "end-reload/EntrySettingsAdapterRegistryImpl/"
[11:12:11] [main/TRACE] [REI] [REIPlugin END] Reloading Section: "end-reload/EntrySettingsAdapterRegistryImpl/" done in 36.49 μs
[11:12:11] [main/TRACE] [REI] [REIPlugin END] Reloading Section: "end-reload/RecipeManagerContextImpl/"
[11:12:11] [main/TRACE] [REI] [REIPlugin END] Reloading Section: "end-reload/RecipeManagerContextImpl/" done in 38.20 μs
[11:12:11] [main/TRACE] [REI] [REIPlugin END] Reloading Section: "end-reload/ItemComparatorRegistryImpl/"
[11:12:11] [main/TRACE] [REI] [REIPlugin END] Reloading Section: "end-reload/ItemComparatorRegistryImpl/" done in 36.94 μs
[11:12:11] [main/TRACE] [REI] [REIPlugin END] Reloading Section: "end-reload/FluidComparatorRegistryImpl/"
[11:12:11] [main/TRACE] [REI] [REIPlugin END] Reloading Section: "end-reload/FluidComparatorRegistryImpl/" done in 37.72 μs
[11:12:11] [main/TRACE] [REI] [REIPlugin END] Reloading Section: "end-reload/DisplaySerializerRegistryImpl/"
[11:12:11] [main/TRACE] [REI] [REIPlugin END] Reloading Section: "end-reload/DisplaySerializerRegistryImpl/" done in 33.52 μs
[11:12:11] [main/TRACE] [REI] [REIPlugin END] Reloading Section: "end-reload/FluidSupportProviderImpl/"
[11:12:11] [main/TRACE] [REI] [REIPlugin END] Reloading Section: "end-reload/FluidSupportProviderImpl/" done in 38.14 μs
[11:12:11] [main/TRACE] [REI] [REIPlugin END] Reloading Section: "end-reload/" done in 770.2 μs
[11:12:11] [main/DEBUG] [REI] ========================================
[11:12:11] [main/DEBUG] [REI] REIPlugin ended main-reload for END in 37.44 ms.
[11:12:11] [main/DEBUG] [REI] ========================================
[11:12:11] [main/INFO] [REI] OOOOOOOOOOOOOOOOOOOOOOOOOOOOOOOOOOOOOOOO
[11:12:11] [main/INFO] [REI] REIServerPlugin starting main-reload for END.
[11:12:11] [main/DEBUG] [REI] Reloadables (2):
[11:12:11] [main/DEBUG] [REI]  - MenuInfoRegistryImpl
[11:12:11] [main/DEBUG] [REI]  - SlotAccessorRegistryImpl
[11:12:11] [main/INFO] [REI] Plugins (6):
[11:12:11] [main/INFO] [REI]  - (-100.00) DefaultPlugin of DefaultPlugin [roughlyenoughitems]
[11:12:11] [main/INFO] [REI]  - (0.00) FabricFluidAPISupportPlugin
[11:12:11] [main/INFO] [REI]  - (0.00) REIServerCompat of REIServerCompat [sophisticatedstorage]
[11:12:11] [main/INFO] [REI]  - (0.00) REIServerCompat of REIServerCompat [sophisticatedcore]
[11:12:11] [main/INFO] [REI]  - (0.00) REIServerCompat of REIServerCompat [sophisticatedbackpacks]
[11:12:11] [main/INFO] [REI]  - (0.00) DefaultRuntimePlugin of DefaultRuntimePlugin [roughlyenoughitems]
[11:12:11] [main/INFO] [REI] OOOOOOOOOOOOOOOOOOOOOOOOOOOOOOOOOOOOOOOO
[11:12:11] [main/TRACE] [REI] [REIServerPlugin END] Reloading Section: "start-reload/"
[11:12:11] [main/TRACE] [REI] [REIServerPlugin END] Reloading Section: "start-reload/MenuInfoRegistryImpl/"
[11:12:11] [main/TRACE] [REI] [REIServerPlugin END] Reloading Section: "start-reload/MenuInfoRegistryImpl/" done in 50.30 μs
[11:12:11] [main/TRACE] [REI] [REIServerPlugin END] Reloading Section: "start-reload/SlotAccessorRegistryImpl/"
[11:12:11] [main/TRACE] [REI] [REIServerPlugin END] Reloading Section: "start-reload/SlotAccessorRegistryImpl/" done in 43.06 μs
[11:12:11] [main/TRACE] [REI] [REIServerPlugin END] Reloading Section: "start-reload/" done in 343.7 μs
[11:12:11] [main/DEBUG] [REI] ========================================
[11:12:11] [main/DEBUG] [REI] REIServerPlugin started main-reload for END.
[11:12:11] [main/DEBUG] [REI] ========================================
[11:12:11] [main/TRACE] [REI] [REIServerPlugin END] Reloading Section: "reloadable-plugin/MenuInfoRegistryImpl/"
[11:12:11] [main/TRACE] [REI] [REIServerPlugin END] Reloading Section: "reloadable-plugin/MenuInfoRegistryImpl/DefaultPlugin of DefaultPlugin [roughlyenoughitems]/"
[11:12:11] [main/TRACE] [REI] [REIServerPlugin END] Reloading Section: "reloadable-plugin/MenuInfoRegistryImpl/DefaultPlugin of DefaultPlugin [roughlyenoughitems]/" done in 51.14 μs
[11:12:11] [main/TRACE] [REI] [REIServerPlugin END] Reloading Section: "reloadable-plugin/MenuInfoRegistryImpl/FabricFluidAPISupportPlugin/"
[11:12:11] [main/TRACE] [REI] [REIServerPlugin END] Reloading Section: "reloadable-plugin/MenuInfoRegistryImpl/FabricFluidAPISupportPlugin/" done in 37.57 μs
[11:12:11] [main/TRACE] [REI] [REIServerPlugin END] Reloading Section: "reloadable-plugin/MenuInfoRegistryImpl/REIServerCompat of REIServerCompat [sophisticatedstorage]/"
[11:12:11] [main/TRACE] [REI] [REIServerPlugin END] Reloading Section: "reloadable-plugin/MenuInfoRegistryImpl/REIServerCompat of REIServerCompat [sophisticatedstorage]/" done in 41.05 μs
[11:12:11] [main/TRACE] [REI] [REIServerPlugin END] Reloading Section: "reloadable-plugin/MenuInfoRegistryImpl/REIServerCompat of REIServerCompat [sophisticatedcore]/"
[11:12:11] [main/TRACE] [REI] [REIServerPlugin END] Reloading Section: "reloadable-plugin/MenuInfoRegistryImpl/REIServerCompat of REIServerCompat [sophisticatedcore]/" done in 49.94 μs
[11:12:11] [main/TRACE] [REI] [REIServerPlugin END] Reloading Section: "reloadable-plugin/MenuInfoRegistryImpl/REIServerCompat of REIServerCompat [sophisticatedbackpacks]/"
[11:12:11] [main/TRACE] [REI] [REIServerPlugin END] Reloading Section: "reloadable-plugin/MenuInfoRegistryImpl/REIServerCompat of REIServerCompat [sophisticatedbackpacks]/" done in 39.67 μs
[11:12:11] [main/TRACE] [REI] [REIServerPlugin END] Reloading Section: "reloadable-plugin/MenuInfoRegistryImpl/DefaultRuntimePlugin of DefaultRuntimePlugin [roughlyenoughitems]/"
[11:12:11] [main/TRACE] [REI] [REIServerPlugin END] Reloading Section: "reloadable-plugin/MenuInfoRegistryImpl/DefaultRuntimePlugin of DefaultRuntimePlugin [roughlyenoughitems]/" done in 39.81 μs
[11:12:11] [main/TRACE] [REI] [REIServerPlugin END] Reloading Section: "reloadable-plugin/MenuInfoRegistryImpl/" done in 727.4 μs
[11:12:11] [main/TRACE] [REI] [REIServerPlugin END] Reloading Section: "reloadable-plugin/SlotAccessorRegistryImpl/"
[11:12:11] [main/TRACE] [REI] [REIServerPlugin END] Reloading Section: "reloadable-plugin/SlotAccessorRegistryImpl/DefaultPlugin of DefaultPlugin [roughlyenoughitems]/"
[11:12:11] [main/TRACE] [REI] [REIServerPlugin END] Reloading Section: "reloadable-plugin/SlotAccessorRegistryImpl/DefaultPlugin of DefaultPlugin [roughlyenoughitems]/" done in 47.40 μs
[11:12:11] [main/TRACE] [REI] [REIServerPlugin END] Reloading Section: "reloadable-plugin/SlotAccessorRegistryImpl/FabricFluidAPISupportPlugin/"
[11:12:11] [main/TRACE] [REI] [REIServerPlugin END] Reloading Section: "reloadable-plugin/SlotAccessorRegistryImpl/FabricFluidAPISupportPlugin/" done in 38.25 μs
[11:12:11] [main/TRACE] [REI] [REIServerPlugin END] Reloading Section: "reloadable-plugin/SlotAccessorRegistryImpl/REIServerCompat of REIServerCompat [sophisticatedstorage]/"
[11:12:11] [main/TRACE] [REI] [REIServerPlugin END] Reloading Section: "reloadable-plugin/SlotAccessorRegistryImpl/REIServerCompat of REIServerCompat [sophisticatedstorage]/" done in 47.05 μs
[11:12:11] [main/TRACE] [REI] [REIServerPlugin END] Reloading Section: "reloadable-plugin/SlotAccessorRegistryImpl/REIServerCompat of REIServerCompat [sophisticatedcore]/"
[11:12:11] [main/DEBUG] [REI] Added slot accessor serializer: net.p3pp3rf1y.sophisticatedcore.compat.rei.REIServerCompat$1@2d95c616 [sophisticatedcore:storage]
[11:12:11] [main/TRACE] [REI] [REIServerPlugin END] Reloading Section: "reloadable-plugin/SlotAccessorRegistryImpl/REIServerCompat of REIServerCompat [sophisticatedcore]/" done in 1.575 ms
[11:12:11] [main/TRACE] [REI] [REIServerPlugin END] Reloading Section: "reloadable-plugin/SlotAccessorRegistryImpl/REIServerCompat of REIServerCompat [sophisticatedbackpacks]/"
[11:12:11] [main/TRACE] [REI] [REIServerPlugin END] Reloading Section: "reloadable-plugin/SlotAccessorRegistryImpl/REIServerCompat of REIServerCompat [sophisticatedbackpacks]/" done in 48.74 μs
[11:12:11] [main/TRACE] [REI] [REIServerPlugin END] Reloading Section: "reloadable-plugin/SlotAccessorRegistryImpl/DefaultRuntimePlugin of DefaultRuntimePlugin [roughlyenoughitems]/"
[11:12:11] [main/DEBUG] [REI] Added slot accessor serializer: me.shedaniel.rei.plugin.common.runtime.DefaultRuntimePlugin$1@2ad4ebf2 [roughlyenoughitems:vanilla]
[11:12:11] [main/DEBUG] [REI] Added slot accessor serializer: me.shedaniel.rei.plugin.common.runtime.DefaultRuntimePlugin$2@5859314b [roughlyenoughitems:player]
[11:12:11] [main/TRACE] [REI] [REIServerPlugin END] Reloading Section: "reloadable-plugin/SlotAccessorRegistryImpl/DefaultRuntimePlugin of DefaultRuntimePlugin [roughlyenoughitems]/" done in 1.172 ms
[11:12:11] [main/TRACE] [REI] [REIServerPlugin END] Reloading Section: "reloadable-plugin/SlotAccessorRegistryImpl/" done in 3.361 ms
[11:12:11] [main/DEBUG] [REI] ========================================
[11:12:11] [main/DEBUG] [REI] REIServerPlugin ending main-reload for END.
[11:12:11] [main/DEBUG] [REI] ========================================
[11:12:11] [main/TRACE] [REI] [REIServerPlugin END] Reloading Section: "end-reload/"
[11:12:11] [main/TRACE] [REI] [REIServerPlugin END] Reloading Section: "end-reload/MenuInfoRegistryImpl/"
[11:12:11] [main/DEBUG] [REI] Registered 0 menu infos
[11:12:11] [main/TRACE] [REI] [REIServerPlugin END] Reloading Section: "end-reload/MenuInfoRegistryImpl/" done in 77.61 μs
[11:12:11] [main/TRACE] [REI] [REIServerPlugin END] Reloading Section: "end-reload/SlotAccessorRegistryImpl/"
[11:12:11] [main/DEBUG] [REI] Registered 3 slot accessor serializers
[11:12:11] [main/TRACE] [REI] [REIServerPlugin END] Reloading Section: "end-reload/SlotAccessorRegistryImpl/" done in 63.59 μs
[11:12:11] [main/TRACE] [REI] [REIServerPlugin END] Reloading Section: "end-reload/" done in 302.0 μs
[11:12:11] [main/DEBUG] [REI] ========================================
[11:12:11] [main/DEBUG] [REI] REIServerPlugin ended main-reload for END in 6.939 ms.
[11:12:11] [main/DEBUG] [REI] ========================================
[11:12:11] [main/DEBUG] [REI] ========================================
[11:12:11] [main/DEBUG] [REI] REIPlugin starting post-reload for END.
[11:12:11] [main/DEBUG] [REI] Reloadables (7):
[11:12:11] [main/DEBUG] [REI]  - EntryTypeRegistryImpl
[11:12:11] [main/DEBUG] [REI]  - EntrySettingsAdapterRegistryImpl
[11:12:11] [main/DEBUG] [REI]  - RecipeManagerContextImpl
[11:12:11] [main/DEBUG] [REI]  - ItemComparatorRegistryImpl
[11:12:11] [main/DEBUG] [REI]  - FluidComparatorRegistryImpl
[11:12:11] [main/DEBUG] [REI]  - DisplaySerializerRegistryImpl
[11:12:11] [main/DEBUG] [REI]  - FluidSupportProviderImpl
[11:12:11] [main/DEBUG] [REI] Plugins (6):
[11:12:11] [main/DEBUG] [REI]  - (-100.00) DefaultPlugin of DefaultPlugin [roughlyenoughitems]
[11:12:11] [main/DEBUG] [REI]  - (0.00) FabricFluidAPISupportPlugin
[11:12:11] [main/DEBUG] [REI]  - (0.00) REIServerCompat of REIServerCompat [sophisticatedstorage]
[11:12:11] [main/DEBUG] [REI]  - (0.00) REIServerCompat of REIServerCompat [sophisticatedcore]
[11:12:11] [main/DEBUG] [REI]  - (0.00) REIServerCompat of REIServerCompat [sophisticatedbackpacks]
[11:12:11] [main/DEBUG] [REI]  - (0.00) DefaultRuntimePlugin of DefaultRuntimePlugin [roughlyenoughitems]
[11:12:11] [main/DEBUG] [REI] ========================================
[11:12:11] [main/TRACE] [REI] [REIPlugin END] Reloading Section: "post-register/"
[11:12:11] [main/TRACE] [REI] [REIPlugin END] Reloading Section: "post-register/DefaultPlugin of DefaultPlugin [roughlyenoughitems]/"
[11:12:11] [main/TRACE] [REI] [REIPlugin END] Reloading Section: "post-register/DefaultPlugin of DefaultPlugin [roughlyenoughitems]/" done in 41.54 μs
[11:12:11] [main/TRACE] [REI] [REIPlugin END] Reloading Section: "post-register/FabricFluidAPISupportPlugin/"
[11:12:11] [main/TRACE] [REI] [REIPlugin END] Reloading Section: "post-register/FabricFluidAPISupportPlugin/" done in 45.78 μs
[11:12:11] [main/TRACE] [REI] [REIPlugin END] Reloading Section: "post-register/REIServerCompat of REIServerCompat [sophisticatedstorage]/"
[11:12:11] [main/TRACE] [REI] [REIPlugin END] Reloading Section: "post-register/REIServerCompat of REIServerCompat [sophisticatedstorage]/" done in 48.68 μs
[11:12:11] [main/TRACE] [REI] [REIPlugin END] Reloading Section: "post-register/REIServerCompat of REIServerCompat [sophisticatedcore]/"
[11:12:11] [main/TRACE] [REI] [REIPlugin END] Reloading Section: "post-register/REIServerCompat of REIServerCompat [sophisticatedcore]/" done in 69.84 μs
[11:12:11] [main/TRACE] [REI] [REIPlugin END] Reloading Section: "post-register/REIServerCompat of REIServerCompat [sophisticatedbackpacks]/"
[11:12:11] [main/TRACE] [REI] [REIPlugin END] Reloading Section: "post-register/REIServerCompat of REIServerCompat [sophisticatedbackpacks]/" done in 42.56 μs
[11:12:11] [main/TRACE] [REI] [REIPlugin END] Reloading Section: "post-register/DefaultRuntimePlugin of DefaultRuntimePlugin [roughlyenoughitems]/"
[11:12:11] [main/TRACE] [REI] [REIPlugin END] Reloading Section: "post-register/DefaultRuntimePlugin of DefaultRuntimePlugin [roughlyenoughitems]/" done in 66.91 μs
[11:12:11] [main/TRACE] [REI] [REIPlugin END] Reloading Section: "post-register/" done in 1.055 ms
[11:12:11] [main/TRACE] [REI] [REIPlugin END] Reloading Section: "post-stage/"
[11:12:11] [main/TRACE] [REI] [REIPlugin END] Reloading Section: "post-stage/EntryTypeRegistryImpl/"
[11:12:11] [main/TRACE] [REI] [REIPlugin END] Reloading Section: "post-stage/EntryTypeRegistryImpl/" done in 79.12 μs
[11:12:11] [main/TRACE] [REI] [REIPlugin END] Reloading Section: "post-stage/EntrySettingsAdapterRegistryImpl/"
[11:12:11] [main/TRACE] [REI] [REIPlugin END] Reloading Section: "post-stage/EntrySettingsAdapterRegistryImpl/" done in 43.17 μs
[11:12:11] [main/TRACE] [REI] [REIPlugin END] Reloading Section: "post-stage/RecipeManagerContextImpl/"
[11:12:11] [main/TRACE] [REI] [REIPlugin END] Reloading Section: "post-stage/RecipeManagerContextImpl/" done in 78.28 μs
[11:12:11] [main/TRACE] [REI] [REIPlugin END] Reloading Section: "post-stage/ItemComparatorRegistryImpl/"
[11:12:11] [main/TRACE] [REI] [REIPlugin END] Reloading Section: "post-stage/ItemComparatorRegistryImpl/" done in 43.95 μs
[11:12:11] [main/TRACE] [REI] [REIPlugin END] Reloading Section: "post-stage/FluidComparatorRegistryImpl/"
[11:12:11] [main/TRACE] [REI] [REIPlugin END] Reloading Section: "post-stage/FluidComparatorRegistryImpl/" done in 67.72 μs
[11:12:11] [main/TRACE] [REI] [REIPlugin END] Reloading Section: "post-stage/DisplaySerializerRegistryImpl/"
[11:12:11] [main/TRACE] [REI] [REIPlugin END] Reloading Section: "post-stage/DisplaySerializerRegistryImpl/" done in 74.91 μs
[11:12:11] [main/TRACE] [REI] [REIPlugin END] Reloading Section: "post-stage/FluidSupportProviderImpl/"
[11:12:11] [main/TRACE] [REI] [REIPlugin END] Reloading Section: "post-stage/FluidSupportProviderImpl/" done in 50.73 μs
[11:12:11] [main/TRACE] [REI] [REIPlugin END] Reloading Section: "post-stage/" done in 1.406 ms
[11:12:11] [main/DEBUG] [REI] ========================================
[11:12:11] [main/INFO] [REI] REIPlugin finished post-reload for END in 2.599 ms, totaling 43.26 ms.
[11:12:11] [main/DEBUG] [REI] ========================================
[11:12:11] [main/DEBUG] [REI] ========================================
[11:12:11] [main/DEBUG] [REI] REIServerPlugin starting post-reload for END.
[11:12:11] [main/DEBUG] [REI] Reloadables (2):
[11:12:11] [main/DEBUG] [REI]  - MenuInfoRegistryImpl
[11:12:11] [main/DEBUG] [REI]  - SlotAccessorRegistryImpl
[11:12:11] [main/DEBUG] [REI] Plugins (6):
[11:12:11] [main/DEBUG] [REI]  - (-100.00) DefaultPlugin of DefaultPlugin [roughlyenoughitems]
[11:12:11] [main/DEBUG] [REI]  - (0.00) FabricFluidAPISupportPlugin
[11:12:11] [main/DEBUG] [REI]  - (0.00) REIServerCompat of REIServerCompat [sophisticatedstorage]
[11:12:11] [main/DEBUG] [REI]  - (0.00) REIServerCompat of REIServerCompat [sophisticatedcore]
[11:12:11] [main/DEBUG] [REI]  - (0.00) REIServerCompat of REIServerCompat [sophisticatedbackpacks]
[11:12:11] [main/DEBUG] [REI]  - (0.00) DefaultRuntimePlugin of DefaultRuntimePlugin [roughlyenoughitems]
[11:12:11] [main/DEBUG] [REI] ========================================
[11:12:11] [main/TRACE] [REI] [REIServerPlugin END] Reloading Section: "post-register/"
[11:12:11] [main/TRACE] [REI] [REIServerPlugin END] Reloading Section: "post-register/DefaultPlugin of DefaultPlugin [roughlyenoughitems]/"
[11:12:11] [main/TRACE] [REI] [REIServerPlugin END] Reloading Section: "post-register/DefaultPlugin of DefaultPlugin [roughlyenoughitems]/" done in 59.20 μs
[11:12:11] [main/TRACE] [REI] [REIServerPlugin END] Reloading Section: "post-register/FabricFluidAPISupportPlugin/"
[11:12:11] [main/TRACE] [REI] [REIServerPlugin END] Reloading Section: "post-register/FabricFluidAPISupportPlugin/" done in 40.64 μs
[11:12:11] [main/TRACE] [REI] [REIServerPlugin END] Reloading Section: "post-register/REIServerCompat of REIServerCompat [sophisticatedstorage]/"
[11:12:11] [main/TRACE] [REI] [REIServerPlugin END] Reloading Section: "post-register/REIServerCompat of REIServerCompat [sophisticatedstorage]/" done in 46.71 μs
[11:12:11] [main/TRACE] [REI] [REIServerPlugin END] Reloading Section: "post-register/REIServerCompat of REIServerCompat [sophisticatedcore]/"
[11:12:11] [main/TRACE] [REI] [REIServerPlugin END] Reloading Section: "post-register/REIServerCompat of REIServerCompat [sophisticatedcore]/" done in 42.49 μs
[11:12:11] [main/TRACE] [REI] [REIServerPlugin END] Reloading Section: "post-register/REIServerCompat of REIServerCompat [sophisticatedbackpacks]/"
[11:12:11] [main/TRACE] [REI] [REIServerPlugin END] Reloading Section: "post-register/REIServerCompat of REIServerCompat [sophisticatedbackpacks]/" done in 72.01 μs
[11:12:11] [main/TRACE] [REI] [REIServerPlugin END] Reloading Section: "post-register/DefaultRuntimePlugin of DefaultRuntimePlugin [roughlyenoughitems]/"
[11:12:11] [main/TRACE] [REI] [REIServerPlugin END] Reloading Section: "post-register/DefaultRuntimePlugin of DefaultRuntimePlugin [roughlyenoughitems]/" done in 47.96 μs
[11:12:11] [main/TRACE] [REI] [REIServerPlugin END] Reloading Section: "post-register/" done in 1.121 ms
[11:12:11] [main/TRACE] [REI] [REIServerPlugin END] Reloading Section: "post-stage/"
[11:12:11] [main/TRACE] [REI] [REIServerPlugin END] Reloading Section: "post-stage/MenuInfoRegistryImpl/"
[11:12:11] [main/TRACE] [REI] [REIServerPlugin END] Reloading Section: "post-stage/MenuInfoRegistryImpl/" done in 90.15 μs
[11:12:11] [main/TRACE] [REI] [REIServerPlugin END] Reloading Section: "post-stage/SlotAccessorRegistryImpl/"
[11:12:11] [main/TRACE] [REI] [REIServerPlugin END] Reloading Section: "post-stage/SlotAccessorRegistryImpl/" done in 76.02 μs
[11:12:11] [main/TRACE] [REI] [REIServerPlugin END] Reloading Section: "post-stage/" done in 529.9 μs
[11:12:11] [main/DEBUG] [REI] ========================================
[11:12:11] [main/INFO] [REI] REIServerPlugin finished post-reload for END in 1.794 ms, totaling 11.03 ms.
[11:12:11] [main/DEBUG] [REI] ========================================
