{"textures":{"0":"modelengine:entity/egyptian_boss"},"elements":[{"from":[-1.4222206,2.5600402,4.0243297],"to":[3.5555594,6.5378203,10.00211],"faces":{"east":{"uv":[13.5625,2.0,13.9375,2.25],"tintindex":0,"rotation":0,"texture":"#0"},"south":{"uv":[14.625,2.0,14.9375,2.25],"tintindex":0,"rotation":0,"texture":"#0"},"north":{"uv":[13.9375,2.0,14.25,2.25],"tintindex":0,"rotation":0,"texture":"#0"},"west":{"uv":[14.25,2.0,14.625,2.25],"tintindex":0,"rotation":0,"texture":"#0"},"up":{"uv":[14.25,2.0,13.9375,1.625],"tintindex":0,"rotation":0,"texture":"#0"},"down":{"uv":[14.5625,1.625,14.25,2.0],"tintindex":0,"rotation":0,"texture":"#0"}}},{"from":[5.3777804,2.5600402,4.0243297],"to":[10.555559,6.5378203,10.00211],"faces":{"east":{"uv":[0.0,13.875,0.375,14.125],"tintindex":0,"rotation":0,"texture":"#0"},"south":{"uv":[1.0625,13.875,1.375,14.125],"tintindex":0,"rotation":0,"texture":"#0"},"north":{"uv":[0.375,13.875,0.6875,14.125],"tintindex":0,"rotation":0,"texture":"#0"},"west":{"uv":[0.6875,13.875,1.0625,14.125],"tintindex":0,"rotation":0,"texture":"#0"},"up":{"uv":[0.6875,13.875,0.375,13.5],"tintindex":0,"rotation":0,"texture":"#0"},"down":{"uv":[1.0,13.5,0.6875,13.875],"tintindex":0,"rotation":0,"texture":"#0"}}},{"from":[12.377781,2.5600402,4.0243297],"to":[17.555561,6.5378203,10.00211],"faces":{"east":{"uv":[13.25,12.625,13.625,12.875],"tintindex":0,"rotation":0,"texture":"#0"},"south":{"uv":[14.3125,12.625,14.625,12.875],"tintindex":0,"rotation":0,"texture":"#0"},"north":{"uv":[13.625,12.625,13.9375,12.875],"tintindex":0,"rotation":0,"texture":"#0"},"west":{"uv":[13.9375,12.625,14.3125,12.875],"tintindex":0,"rotation":0,"texture":"#0"},"up":{"uv":[13.9375,12.625,13.625,12.25],"tintindex":0,"rotation":0,"texture":"#0"},"down":{"uv":[14.25,12.25,13.9375,12.625],"tintindex":0,"rotation":0,"texture":"#0"}}}],"display":{"gui":{"rotation":[30,225,0]}}}