{"textures":{"0":"modelengine:entity/egyptian_boss"},"elements":[{"from":[2.956285,-0.93579483,29.440025],"to":[9.456285,2.0642052,30.940025],"faces":{"east":{"uv":[3.75,6.3125,3.9375,6.6875],"tintindex":0,"rotation":0,"texture":"#0"},"south":{"uv":[4.9375,6.3125,5.75,6.6875],"tintindex":0,"rotation":0,"texture":"#0"},"north":{"uv":[3.9375,6.3125,4.75,6.6875],"tintindex":0,"rotation":0,"texture":"#0"},"west":{"uv":[4.75,6.3125,4.9375,6.6875],"tintindex":0,"rotation":0,"texture":"#0"},"up":{"uv":[4.75,6.3125,3.9375,6.125],"tintindex":0,"rotation":0,"texture":"#0"},"down":{"uv":[5.5625,6.125,4.75,6.3125],"tintindex":0,"rotation":0,"texture":"#0"}}},{"from":[7.956285,2.0642052,29.440025],"to":[9.456285,5.064205,30.940025],"faces":{"east":{"uv":[0.0,0.1875,0.1875,0.5625],"tintindex":0,"rotation":0,"texture":"#0"},"south":{"uv":[0.5625,0.1875,0.75,0.5625],"tintindex":0,"rotation":0,"texture":"#0"},"north":{"uv":[0.1875,0.1875,0.375,0.5625],"tintindex":0,"rotation":0,"texture":"#0"},"west":{"uv":[0.375,0.1875,0.5625,0.5625],"tintindex":0,"rotation":0,"texture":"#0"},"up":{"uv":[0.375,0.1875,0.1875,0.0],"tintindex":0,"rotation":0,"texture":"#0"},"down":{"uv":[0.5625,0.0,0.375,0.1875],"tintindex":0,"rotation":0,"texture":"#0"}}},{"from":[6.4562855,4.3642054,29.440025],"to":[7.956285,5.064205,30.940025],"faces":{"east":{"uv":[0.0,0.75,0.1875,0.8125],"tintindex":0,"rotation":0,"texture":"#0"},"south":{"uv":[0.5625,0.75,0.75,0.8125],"tintindex":0,"rotation":0,"texture":"#0"},"north":{"uv":[0.1875,0.75,0.375,0.8125],"tintindex":0,"rotation":0,"texture":"#0"},"west":{"uv":[0.375,0.75,0.5625,0.8125],"tintindex":0,"rotation":0,"texture":"#0"},"up":{"uv":[0.375,0.75,0.1875,0.5625],"tintindex":0,"rotation":0,"texture":"#0"},"down":{"uv":[0.5625,0.5625,0.375,0.75],"tintindex":0,"rotation":0,"texture":"#0"}}}],"display":{"gui":{"rotation":[30,225,0]}}}