{"textures":{"0":"modelengine:entity/egyptian_boss"},"elements":[{"from":[2.875,-6.5,2.5],"to":[13.875,5.5,13.5],"faces":{"east":{"uv":[10.8125,1.6875,11.5,2.4375],"tintindex":0,"rotation":0,"texture":"#0"},"south":{"uv":[12.875,1.6875,13.5625,2.4375],"tintindex":0,"rotation":0,"texture":"#0"},"north":{"uv":[11.5,1.6875,12.1875,2.4375],"tintindex":0,"rotation":0,"texture":"#0"},"west":{"uv":[12.1875,1.6875,12.875,2.4375],"tintindex":0,"rotation":0,"texture":"#0"},"up":{"uv":[12.1875,1.6875,11.5,1.0],"tintindex":0,"rotation":0,"texture":"#0"},"down":{"uv":[12.875,1.0,12.1875,1.6875],"tintindex":0,"rotation":0,"texture":"#0"}}},{"from":[4.875,5.5,4.5],"to":[10.875,8.5,11.5],"faces":{"east":{"uv":[12.75,10.5,13.1875,10.6875],"tintindex":0,"rotation":0,"texture":"#0"},"south":{"uv":[14.0,10.5,14.375,10.6875],"tintindex":0,"rotation":0,"texture":"#0"},"north":{"uv":[13.1875,10.5,13.5625,10.6875],"tintindex":0,"rotation":0,"texture":"#0"},"west":{"uv":[13.5625,10.5,14.0,10.6875],"tintindex":0,"rotation":0,"texture":"#0"},"up":{"uv":[13.5625,10.5,13.1875,10.0625],"tintindex":0,"rotation":0,"texture":"#0"},"down":{"uv":[13.9375,10.0625,13.5625,10.5],"tintindex":0,"rotation":0,"texture":"#0"}}},{"from":[2.45278,-3.92222,2.07778],"to":[14.29722,0.92222,13.92222],"faces":{"east":{"uv":[2.0625,12.8125,2.75,13.0625],"tintindex":0,"rotation":0,"texture":"#0"},"south":{"uv":[4.125,12.8125,4.8125,13.0625],"tintindex":0,"rotation":0,"texture":"#0"},"north":{"uv":[2.75,12.8125,3.4375,13.0625],"tintindex":0,"rotation":0,"texture":"#0"},"west":{"uv":[3.4375,12.8125,4.125,13.0625],"tintindex":0,"rotation":0,"texture":"#0"},"up":{"uv":[3.4375,12.8125,2.75,12.125],"tintindex":0,"rotation":0,"texture":"#0"},"down":{"uv":[4.125,12.125,3.4375,12.8125],"tintindex":0,"rotation":0,"texture":"#0"}}}],"display":{"gui":{"rotation":[30,225,0]}}}