{"textures":{"0":"modelengine:entity/egyptian_boss"},"elements":[{"from":[-0.043714523,7.064205,29.440025],"to":[9.956285,10.064205,30.940025],"faces":{"east":{"uv":[6.375,12.5625,6.5625,12.9375],"tintindex":0,"rotation":0,"texture":"#0"},"south":{"uv":[8.0,12.5625,9.25,12.9375],"tintindex":0,"rotation":0,"texture":"#0"},"north":{"uv":[6.5625,12.5625,7.8125,12.9375],"tintindex":0,"rotation":0,"texture":"#0"},"west":{"uv":[7.8125,12.5625,8.0,12.9375],"tintindex":0,"rotation":0,"texture":"#0"},"up":{"uv":[7.8125,12.5625,6.5625,12.375],"tintindex":0,"rotation":0,"texture":"#0"},"down":{"uv":[9.0625,12.375,7.8125,12.5625],"tintindex":0,"rotation":0,"texture":"#0"}}}],"display":{"gui":{"rotation":[30,225,0]}}}