{"textures":{"0":"modelengine:entity/egyptian_boss"},"elements":[{"from":[2.125,-6.5,2.5],"to":[13.125,5.5,13.5],"faces":{"east":{"uv":[10.6875,10.8125,11.375,11.5625],"tintindex":0,"rotation":0,"texture":"#0"},"south":{"uv":[12.75,10.8125,13.4375,11.5625],"tintindex":0,"rotation":0,"texture":"#0"},"north":{"uv":[11.375,10.8125,12.0625,11.5625],"tintindex":0,"rotation":0,"texture":"#0"},"west":{"uv":[12.0625,10.8125,12.75,11.5625],"tintindex":0,"rotation":0,"texture":"#0"},"up":{"uv":[12.0625,10.8125,11.375,10.125],"tintindex":0,"rotation":0,"texture":"#0"},"down":{"uv":[12.75,10.125,12.0625,10.8125],"tintindex":0,"rotation":0,"texture":"#0"}}},{"from":[1.70278,-3.92222,2.07778],"to":[13.54722,0.92222,13.92222],"faces":{"east":{"uv":[11.625,8.0625,12.3125,8.3125],"tintindex":0,"rotation":0,"texture":"#0"},"south":{"uv":[13.6875,8.0625,14.375,8.3125],"tintindex":0,"rotation":0,"texture":"#0"},"north":{"uv":[12.3125,8.0625,13.0,8.3125],"tintindex":0,"rotation":0,"texture":"#0"},"west":{"uv":[13.0,8.0625,13.6875,8.3125],"tintindex":0,"rotation":0,"texture":"#0"},"up":{"uv":[13.0,8.0625,12.3125,7.375],"tintindex":0,"rotation":0,"texture":"#0"},"down":{"uv":[13.6875,7.375,13.0,8.0625],"tintindex":0,"rotation":0,"texture":"#0"}}},{"from":[5.125,5.5,4.5],"to":[11.125,8.5,11.5],"faces":{"east":{"uv":[10.4375,9.1875,10.875,9.375],"tintindex":0,"rotation":0,"texture":"#0"},"south":{"uv":[11.6875,9.1875,12.0625,9.375],"tintindex":0,"rotation":0,"texture":"#0"},"north":{"uv":[10.875,9.1875,11.25,9.375],"tintindex":0,"rotation":0,"texture":"#0"},"west":{"uv":[11.25,9.1875,11.6875,9.375],"tintindex":0,"rotation":0,"texture":"#0"},"up":{"uv":[11.25,9.1875,10.875,8.75],"tintindex":0,"rotation":0,"texture":"#0"},"down":{"uv":[11.625,8.75,11.25,9.1875],"tintindex":0,"rotation":0,"texture":"#0"}}}],"display":{"gui":{"rotation":[30,225,0]}}}