{"textures":{"0":"modelengine:entity/egyptian_boss"},"elements":[{"from":[-1.5555614,2.5600398,4.0243306],"to":[3.6222193,6.53782,10.0021105],"faces":{"east":{"uv":[10.75,0.375,11.125,0.625],"tintindex":0,"rotation":0,"texture":"#0"},"south":{"uv":[11.8125,0.375,12.125,0.625],"tintindex":0,"rotation":0,"texture":"#0"},"north":{"uv":[11.125,0.375,11.4375,0.625],"tintindex":0,"rotation":0,"texture":"#0"},"west":{"uv":[11.4375,0.375,11.8125,0.625],"tintindex":0,"rotation":0,"texture":"#0"},"up":{"uv":[11.4375,0.375,11.125,0.0],"tintindex":0,"rotation":0,"texture":"#0"},"down":{"uv":[11.75,0.0,11.4375,0.375],"tintindex":0,"rotation":0,"texture":"#0"}}},{"from":[5.4444404,2.5600398,4.0243306],"to":[10.622219,6.53782,10.0021105],"faces":{"east":{"uv":[4.125,12.5,4.5,12.75],"tintindex":0,"rotation":0,"texture":"#0"},"south":{"uv":[5.1875,12.5,5.5,12.75],"tintindex":0,"rotation":0,"texture":"#0"},"north":{"uv":[4.5,12.5,4.8125,12.75],"tintindex":0,"rotation":0,"texture":"#0"},"west":{"uv":[4.8125,12.5,5.1875,12.75],"tintindex":0,"rotation":0,"texture":"#0"},"up":{"uv":[4.8125,12.5,4.5,12.125],"tintindex":0,"rotation":0,"texture":"#0"},"down":{"uv":[5.125,12.125,4.8125,12.5],"tintindex":0,"rotation":0,"texture":"#0"}}},{"from":[12.444441,2.5600398,4.0243306],"to":[17.42222,6.53782,10.0021105],"faces":{"east":{"uv":[13.0625,9.4375,13.4375,9.6875],"tintindex":0,"rotation":0,"texture":"#0"},"south":{"uv":[14.125,9.4375,14.4375,9.6875],"tintindex":0,"rotation":0,"texture":"#0"},"north":{"uv":[13.4375,9.4375,13.75,9.6875],"tintindex":0,"rotation":0,"texture":"#0"},"west":{"uv":[13.75,9.4375,14.125,9.6875],"tintindex":0,"rotation":0,"texture":"#0"},"up":{"uv":[13.75,9.4375,13.4375,9.0625],"tintindex":0,"rotation":0,"texture":"#0"},"down":{"uv":[14.0625,9.0625,13.75,9.4375],"tintindex":0,"rotation":0,"texture":"#0"}}}],"display":{"gui":{"rotation":[30,225,0]}}}