{"textures":{"0":"modelengine:entity/egyptian_boss"},"elements":[{"from":[0.0,8.07222,-3.8166704],"to":[16.0,24.07222,2.1833305],"faces":{"east":{"uv":[0.0,11.5625,0.375,12.5625],"tintindex":0,"rotation":0,"texture":"#0"},"south":{"uv":[1.75,11.5625,2.75,12.5625],"tintindex":0,"rotation":0,"texture":"#0"},"north":{"uv":[0.375,11.5625,1.375,12.5625],"tintindex":0,"rotation":0,"texture":"#0"},"west":{"uv":[1.375,11.5625,1.75,12.5625],"tintindex":0,"rotation":0,"texture":"#0"},"up":{"uv":[1.375,11.5625,0.375,11.1875],"tintindex":0,"rotation":0,"texture":"#0"},"down":{"uv":[2.375,11.1875,1.375,11.5625],"tintindex":0,"rotation":0,"texture":"#0"}}},{"from":[13.3009405,7.5442405,-3.8055604],"to":[19.278719,23.52202,8.17222],"faces":{"east":{"uv":[11.4375,6.375,12.1875,7.375],"tintindex":0,"rotation":0,"texture":"#0"},"south":{"uv":[13.3125,6.375,13.6875,7.375],"tintindex":0,"rotation":0,"texture":"#0"},"north":{"uv":[12.1875,6.375,12.5625,7.375],"tintindex":0,"rotation":0,"texture":"#0"},"west":{"uv":[12.5625,6.375,13.3125,7.375],"tintindex":0,"rotation":0,"texture":"#0"},"up":{"uv":[12.5625,6.375,12.1875,5.625],"tintindex":0,"rotation":0,"texture":"#0"},"down":{"uv":[12.9375,5.625,12.5625,6.375],"tintindex":0,"rotation":0,"texture":"#0"}}},{"from":[-3.2787201,7.5442405,-3.8055604],"to":[2.6990597,23.52202,8.17222],"faces":{"east":{"uv":[11.0,12.3125,11.75,13.3125],"tintindex":0,"rotation":0,"texture":"#0"},"south":{"uv":[12.875,12.3125,13.25,13.3125],"tintindex":0,"rotation":0,"texture":"#0"},"north":{"uv":[11.75,12.3125,12.125,13.3125],"tintindex":0,"rotation":0,"texture":"#0"},"west":{"uv":[12.125,12.3125,12.875,13.3125],"tintindex":0,"rotation":0,"texture":"#0"},"up":{"uv":[12.125,12.3125,11.75,11.5625],"tintindex":0,"rotation":0,"texture":"#0"},"down":{"uv":[12.5,11.5625,12.125,12.3125],"tintindex":0,"rotation":0,"texture":"#0"}}},{"from":[0.01111,9.840342,-0.9724496],"to":[15.98889,25.818121,7.00533],"faces":{"east":{"uv":[0.0,10.1875,0.5,11.1875],"tintindex":0,"rotation":0,"texture":"#0"},"south":{"uv":[2.0,10.1875,3.0,11.1875],"tintindex":0,"rotation":0,"texture":"#0"},"north":{"uv":[0.5,10.1875,1.5,11.1875],"tintindex":0,"rotation":0,"texture":"#0"},"west":{"uv":[1.5,10.1875,2.0,11.1875],"tintindex":0,"rotation":0,"texture":"#0"},"up":{"uv":[1.5,10.1875,0.5,9.6875],"tintindex":0,"rotation":0,"texture":"#0"},"down":{"uv":[2.5,9.6875,1.5,10.1875],"tintindex":0,"rotation":0,"texture":"#0"}},"rotation":{"origin":[8.0,17.829231,2.0164404],"angle":-22.5,"axis":"x"}},{"from":[-6.12262,-5.24886,-7.6182494],"to":[-0.14483994,7.7289186,-4.640469],"faces":{"east":{"uv":[2.0,13.25,2.1875,14.0625],"tintindex":0,"rotation":0,"texture":"#0"},"south":{"uv":[2.75,13.25,3.125,14.0625],"tintindex":0,"rotation":0,"texture":"#0"},"north":{"uv":[2.1875,13.25,2.5625,14.0625],"tintindex":0,"rotation":0,"texture":"#0"},"west":{"uv":[2.5625,13.25,2.75,14.0625],"tintindex":0,"rotation":0,"texture":"#0"},"up":{"uv":[2.5625,13.25,2.1875,13.0625],"tintindex":0,"rotation":0,"texture":"#0"},"down":{"uv":[2.9375,13.0625,2.5625,13.25],"tintindex":0,"rotation":0,"texture":"#0"}}},{"from":[0.0,19.07222,-5.8166704],"to":[16.0,24.07222,2.1833305],"faces":{"east":{"uv":[11.375,2.9375,11.875,3.25],"tintindex":0,"rotation":0,"texture":"#0"},"south":{"uv":[13.375,2.9375,14.375,3.25],"tintindex":0,"rotation":0,"texture":"#0"},"north":{"uv":[11.875,2.9375,12.875,3.25],"tintindex":0,"rotation":0,"texture":"#0"},"west":{"uv":[12.875,2.9375,13.375,3.25],"tintindex":0,"rotation":0,"texture":"#0"},"up":{"uv":[12.875,2.9375,11.875,2.4375],"tintindex":0,"rotation":0,"texture":"#0"},"down":{"uv":[13.875,2.4375,12.875,2.9375],"tintindex":0,"rotation":0,"texture":"#0"}}},{"from":[16.12809,6.7458687,-10.618568],"to":[22.12809,12.745869,4.3814297],"faces":{"east":{"uv":[11.375,9.6875,12.3125,10.0625],"tintindex":0,"rotation":0,"texture":"#0"},"south":{"uv":[13.625,9.6875,14.0,10.0625],"tintindex":0,"rotation":0,"texture":"#0"},"north":{"uv":[12.3125,9.6875,12.6875,10.0625],"tintindex":0,"rotation":0,"texture":"#0"},"west":{"uv":[12.6875,9.6875,13.625,10.0625],"tintindex":0,"rotation":0,"texture":"#0"},"up":{"uv":[12.6875,9.6875,12.3125,8.75],"tintindex":0,"rotation":0,"texture":"#0"},"down":{"uv":[13.0625,8.75,12.6875,9.6875],"tintindex":0,"rotation":0,"texture":"#0"}},"rotation":{"origin":[10.12809,17.779202,3.4925404],"angle":-22.5,"axis":"x"}},{"from":[0.0,8.07222,2.1833305],"to":[16.0,24.07222,8.183331],"faces":{"east":{"uv":[5.75,11.1875,6.125,12.1875],"tintindex":0,"rotation":0,"texture":"#0"},"south":{"uv":[7.5,11.1875,8.5,12.1875],"tintindex":0,"rotation":0,"texture":"#0"},"north":{"uv":[6.125,11.1875,7.125,12.1875],"tintindex":0,"rotation":0,"texture":"#0"},"west":{"uv":[7.125,11.1875,7.5,12.1875],"tintindex":0,"rotation":0,"texture":"#0"},"up":{"uv":[7.125,11.1875,6.125,10.8125],"tintindex":0,"rotation":0,"texture":"#0"},"down":{"uv":[8.125,10.8125,7.125,11.1875],"tintindex":0,"rotation":0,"texture":"#0"}}},{"from":[5.0,19.07222,-7.8166704],"to":[11.0,29.07222,-5.8166704],"faces":{"east":{"uv":[0.0,1.875,0.125,2.5],"tintindex":0,"rotation":0,"texture":"#0"},"south":{"uv":[0.625,1.875,1.0,2.5],"tintindex":0,"rotation":0,"texture":"#0"},"north":{"uv":[0.125,1.875,0.5,2.5],"tintindex":0,"rotation":0,"texture":"#0"},"west":{"uv":[0.5,1.875,0.625,2.5],"tintindex":0,"rotation":0,"texture":"#0"},"up":{"uv":[0.5,1.875,0.125,1.75],"tintindex":0,"rotation":0,"texture":"#0"},"down":{"uv":[0.875,1.75,0.5,1.875],"tintindex":0,"rotation":0,"texture":"#0"}}},{"from":[16.14484,-5.24886,-7.6182494],"to":[22.12262,7.7289186,-4.640469],"faces":{"east":{"uv":[3.6875,1.9375,3.875,2.75],"tintindex":0,"rotation":0,"texture":"#0"},"south":{"uv":[4.4375,1.9375,4.8125,2.75],"tintindex":0,"rotation":0,"texture":"#0"},"north":{"uv":[3.875,1.9375,4.25,2.75],"tintindex":0,"rotation":0,"texture":"#0"},"west":{"uv":[4.25,1.9375,4.4375,2.75],"tintindex":0,"rotation":0,"texture":"#0"},"up":{"uv":[4.25,1.9375,3.875,1.75],"tintindex":0,"rotation":0,"texture":"#0"},"down":{"uv":[4.625,1.75,4.25,1.9375],"tintindex":0,"rotation":0,"texture":"#0"}}},{"from":[-6.12809,6.7458687,-10.618568],"to":[-0.1280899,12.745869,2.3814297],"faces":{"east":{"uv":[4.8125,13.0,5.625,13.375],"tintindex":0,"rotation":0,"texture":"#0"},"south":{"uv":[6.8125,13.0,7.1875,13.375],"tintindex":0,"rotation":0,"texture":"#0"},"north":{"uv":[5.625,13.0,6.0,13.375],"tintindex":0,"rotation":0,"texture":"#0"},"west":{"uv":[6.0,13.0,6.8125,13.375],"tintindex":0,"rotation":0,"texture":"#0"},"up":{"uv":[6.0,13.0,5.625,12.1875],"tintindex":0,"rotation":0,"texture":"#0"},"down":{"uv":[6.375,12.1875,6.0,13.0],"tintindex":0,"rotation":0,"texture":"#0"}},"rotation":{"origin":[5.87191,17.779202,3.4925404],"angle":-22.5,"axis":"x"}}],"display":{"gui":{"rotation":[30,225,0]}}}