{"textures":{"0":"modelengine:entity/egyptian_boss"},"elements":[{"from":[9.544439,-5.0,3.5],"to":[21.54444,-3.0,12.5],"faces":{"east":{"uv":[12.5,12.125,13.0625,12.25],"tintindex":0,"rotation":0,"texture":"#0"},"south":{"uv":[14.375,12.125,15.125,12.25],"tintindex":0,"rotation":0,"texture":"#0"},"north":{"uv":[13.0625,12.125,13.8125,12.25],"tintindex":0,"rotation":0,"texture":"#0"},"west":{"uv":[13.8125,12.125,14.375,12.25],"tintindex":0,"rotation":0,"texture":"#0"},"up":{"uv":[13.8125,12.125,13.0625,11.5625],"tintindex":0,"rotation":0,"texture":"#0"},"down":{"uv":[14.5625,11.5625,13.8125,12.125],"tintindex":0,"rotation":0,"texture":"#0"}}},{"from":[8.544439,-3.0,0.5],"to":[22.54444,15.000004,15.5],"faces":{"east":{"uv":[7.75,9.6875,8.6875,10.8125],"tintindex":0,"rotation":0,"texture":"#0"},"south":{"uv":[10.5,9.6875,11.375,10.8125],"tintindex":0,"rotation":0,"texture":"#0"},"north":{"uv":[8.6875,9.6875,9.5625,10.8125],"tintindex":0,"rotation":0,"texture":"#0"},"west":{"uv":[9.5625,9.6875,10.5,10.8125],"tintindex":0,"rotation":0,"texture":"#0"},"up":{"uv":[9.5625,9.6875,8.6875,8.75],"tintindex":0,"rotation":0,"texture":"#0"},"down":{"uv":[10.4375,8.75,9.5625,9.6875],"tintindex":0,"rotation":0,"texture":"#0"}}}],"display":{"gui":{"rotation":[30,225,0]}}}