{"textures":{"0":"modelengine:entity/egyptian_boss"},"elements":[{"from":[-6.5444393,-3.0,0.5000005],"to":[7.4555607,15.0,15.5],"faces":{"east":{"uv":[4.125,9.25,5.0625,10.375],"tintindex":0,"rotation":0,"texture":"#0"},"south":{"uv":[6.875,9.25,7.75,10.375],"tintindex":0,"rotation":0,"texture":"#0"},"north":{"uv":[5.0625,9.25,5.9375,10.375],"tintindex":0,"rotation":0,"texture":"#0"},"west":{"uv":[5.9375,9.25,6.875,10.375],"tintindex":0,"rotation":0,"texture":"#0"},"up":{"uv":[5.9375,9.25,5.0625,8.3125],"tintindex":0,"rotation":0,"texture":"#0"},"down":{"uv":[6.8125,8.3125,5.9375,9.25],"tintindex":0,"rotation":0,"texture":"#0"}}},{"from":[-5.5444393,-5.0,3.5000005],"to":[6.4555607,-3.0,12.5],"faces":{"east":{"uv":[12.4375,3.8125,13.0,3.9375],"tintindex":0,"rotation":0,"texture":"#0"},"south":{"uv":[14.3125,3.8125,15.0625,3.9375],"tintindex":0,"rotation":0,"texture":"#0"},"north":{"uv":[13.0,3.8125,13.75,3.9375],"tintindex":0,"rotation":0,"texture":"#0"},"west":{"uv":[13.75,3.8125,14.3125,3.9375],"tintindex":0,"rotation":0,"texture":"#0"},"up":{"uv":[13.75,3.8125,13.0,3.25],"tintindex":0,"rotation":0,"texture":"#0"},"down":{"uv":[14.5,3.25,13.75,3.8125],"tintindex":0,"rotation":0,"texture":"#0"}}}],"display":{"gui":{"rotation":[30,225,0]}}}