{"textures":{"0":"modelengine:entity/egyptian_boss"},"elements":[{"from":[2.0,-13.0,2.5000005],"to":[14.0,-10.0,13.5],"faces":{"east":{"uv":[11.5,0.6875,12.1875,0.875],"tintindex":0,"rotation":0,"texture":"#0"},"south":{"uv":[13.625,0.6875,14.375,0.875],"tintindex":0,"rotation":0,"texture":"#0"},"north":{"uv":[12.1875,0.6875,12.9375,0.875],"tintindex":0,"rotation":0,"texture":"#0"},"west":{"uv":[12.9375,0.6875,13.625,0.875],"tintindex":0,"rotation":0,"texture":"#0"},"up":{"uv":[12.9375,0.6875,12.1875,0.0],"tintindex":0,"rotation":0,"texture":"#0"},"down":{"uv":[13.6875,0.0,12.9375,0.6875],"tintindex":0,"rotation":0,"texture":"#0"}}},{"from":[0.0,-10.0,-0.5],"to":[16.0,8.0,16.5],"faces":{"east":{"uv":[4.75,7.1875,5.8125,8.3125],"tintindex":0,"rotation":0,"texture":"#0"},"south":{"uv":[7.875,7.1875,8.875,8.3125],"tintindex":0,"rotation":0,"texture":"#0"},"north":{"uv":[5.8125,7.1875,6.8125,8.3125],"tintindex":0,"rotation":0,"texture":"#0"},"west":{"uv":[6.8125,7.1875,7.875,8.3125],"tintindex":0,"rotation":0,"texture":"#0"},"up":{"uv":[6.8125,7.1875,5.8125,6.125],"tintindex":0,"rotation":0,"texture":"#0"},"down":{"uv":[7.8125,6.125,6.8125,7.1875],"tintindex":0,"rotation":0,"texture":"#0"}}},{"from":[-0.46667,-5.46667,-0.96667004],"to":[16.46667,3.46667,16.96667],"faces":{"east":{"uv":[8.3125,3.5625,9.375,4.0625],"tintindex":0,"rotation":0,"texture":"#0"},"south":{"uv":[11.4375,3.5625,12.4375,4.0625],"tintindex":0,"rotation":0,"texture":"#0"},"north":{"uv":[9.375,3.5625,10.375,4.0625],"tintindex":0,"rotation":0,"texture":"#0"},"west":{"uv":[10.375,3.5625,11.4375,4.0625],"tintindex":0,"rotation":0,"texture":"#0"},"up":{"uv":[10.375,3.5625,9.375,2.5],"tintindex":0,"rotation":0,"texture":"#0"},"down":{"uv":[11.375,2.5,10.375,3.5625],"tintindex":0,"rotation":0,"texture":"#0"}}}],"display":{"gui":{"rotation":[30,225,0]}}}