{"textures":{"0":"modelengine:entity/egyptian_boss"},"elements":[{"from":[-0.46667,-6.6555624,-0.8000002],"to":[16.46667,2.2777777,17.133339],"faces":{"east":{"uv":[8.5625,5.125,9.625,5.625],"tintindex":0,"rotation":0,"texture":"#0"},"south":{"uv":[11.6875,5.125,12.6875,5.625],"tintindex":0,"rotation":0,"texture":"#0"},"north":{"uv":[9.625,5.125,10.625,5.625],"tintindex":0,"rotation":0,"texture":"#0"},"west":{"uv":[10.625,5.125,11.6875,5.625],"tintindex":0,"rotation":0,"texture":"#0"},"up":{"uv":[10.625,5.125,9.625,4.0625],"tintindex":0,"rotation":0,"texture":"#0"},"down":{"uv":[11.625,4.0625,10.625,5.125],"tintindex":0,"rotation":0,"texture":"#0"}}},{"from":[2.0,-13.000002,2.5],"to":[14.0,-10.000002,13.5],"faces":{"east":{"uv":[11.625,4.75,12.3125,4.9375],"tintindex":0,"rotation":0,"texture":"#0"},"south":{"uv":[13.75,4.75,14.5,4.9375],"tintindex":0,"rotation":0,"texture":"#0"},"north":{"uv":[12.3125,4.75,13.0625,4.9375],"tintindex":0,"rotation":0,"texture":"#0"},"west":{"uv":[13.0625,4.75,13.75,4.9375],"tintindex":0,"rotation":0,"texture":"#0"},"up":{"uv":[13.0625,4.75,12.3125,4.0625],"tintindex":0,"rotation":0,"texture":"#0"},"down":{"uv":[13.8125,4.0625,13.0625,4.75],"tintindex":0,"rotation":0,"texture":"#0"}}},{"from":[0.0,-10.000002,-0.5],"to":[16.0,8.0,16.5],"faces":{"east":{"uv":[0.0,8.5625,1.0625,9.6875],"tintindex":0,"rotation":0,"texture":"#0"},"south":{"uv":[3.125,8.5625,4.125,9.6875],"tintindex":0,"rotation":0,"texture":"#0"},"north":{"uv":[1.0625,8.5625,2.0625,9.6875],"tintindex":0,"rotation":0,"texture":"#0"},"west":{"uv":[2.0625,8.5625,3.125,9.6875],"tintindex":0,"rotation":0,"texture":"#0"},"up":{"uv":[2.0625,8.5625,1.0625,7.5],"tintindex":0,"rotation":0,"texture":"#0"},"down":{"uv":[3.0625,7.5,2.0625,8.5625],"tintindex":0,"rotation":0,"texture":"#0"}}}],"display":{"gui":{"rotation":[30,225,0]}}}