{"textures":{"0":"modelengine:entity/miner_wrath_texture"},"elements":[{"from":[4.128,5.8880005,4.832],"to":[6.944,10.1119995,11.168],"faces":{"east":{"uv":[5.0625,8.125,5.625,8.5],"tintindex":0,"rotation":0,"texture":"#0"},"south":{"uv":[6.4375,8.125,6.6875,8.5],"tintindex":0,"rotation":0,"texture":"#0"},"north":{"uv":[5.625,8.125,5.875,8.5],"tintindex":0,"rotation":0,"texture":"#0"},"west":{"uv":[5.875,8.125,6.4375,8.5],"tintindex":0,"rotation":0,"texture":"#0"},"up":{"uv":[5.875,8.125,5.625,7.5625],"tintindex":0,"rotation":0,"texture":"#0"},"down":{"uv":[6.125,7.5625,5.875,8.125],"tintindex":0,"rotation":0,"texture":"#0"}}},{"from":[4.832,3.776001,5.5360003],"to":[10.464,9.408001,10.464],"faces":{"east":{"uv":[2.0,7.25,2.4375,7.75],"tintindex":0,"rotation":0,"texture":"#0"},"south":{"uv":[3.375,7.25,3.875,7.75],"tintindex":0,"rotation":0,"texture":"#0"},"north":{"uv":[2.4375,7.25,2.9375,7.75],"tintindex":0,"rotation":0,"texture":"#0"},"west":{"uv":[2.9375,7.25,3.375,7.75],"tintindex":0,"rotation":0,"texture":"#0"},"up":{"uv":[2.9375,7.25,2.4375,6.8125],"tintindex":0,"rotation":0,"texture":"#0"},"down":{"uv":[3.4375,6.8125,2.9375,7.25],"tintindex":0,"rotation":0,"texture":"#0"}}},{"from":[4.128,3.776001,4.832],"to":[11.168,5.8880005,11.168],"faces":{"east":{"uv":[6.25,6.6875,6.8125,6.875],"tintindex":0,"rotation":0,"texture":"#0"},"south":{"uv":[8.0,6.6875,8.625,6.875],"tintindex":0,"rotation":0,"texture":"#0"},"north":{"uv":[6.8125,6.6875,7.4375,6.875],"tintindex":0,"rotation":0,"texture":"#0"},"west":{"uv":[7.4375,6.6875,8.0,6.875],"tintindex":0,"rotation":0,"texture":"#0"},"up":{"uv":[7.4375,6.6875,6.8125,6.125],"tintindex":0,"rotation":0,"texture":"#0"},"down":{"uv":[8.0625,6.125,7.4375,6.6875],"tintindex":0,"rotation":0,"texture":"#0"}}},{"from":[6.24,-0.44799805,6.24],"to":[9.76,8.0,9.76],"faces":{"east":{"uv":[6.6875,8.125,7.0,8.875],"tintindex":0,"rotation":0,"texture":"#0"},"south":{"uv":[7.625,8.125,7.9375,8.875],"tintindex":0,"rotation":0,"texture":"#0"},"north":{"uv":[7.0,8.125,7.3125,8.875],"tintindex":0,"rotation":0,"texture":"#0"},"west":{"uv":[7.3125,8.125,7.625,8.875],"tintindex":0,"rotation":0,"texture":"#0"},"up":{"uv":[7.3125,8.125,7.0,7.8125],"tintindex":0,"rotation":0,"texture":"#0"},"down":{"uv":[7.625,7.8125,7.3125,8.125],"tintindex":0,"rotation":0,"texture":"#0"}}}],"display":{"gui":{"rotation":[30,225,0]}}}