{"textures":{"0":"modelengine:entity/miner_wrath_texture"},"elements":[{"from":[2.7199998,6.592001,4.48],"to":[13.280001,9.408001,13.632],"faces":{"east":{"uv":[2.75,0.8125,3.5625,1.0625],"tintindex":0,"rotation":0,"texture":"#0"},"south":{"uv":[5.3125,0.8125,6.25,1.0625],"tintindex":0,"rotation":0,"texture":"#0"},"north":{"uv":[3.5625,0.8125,4.5,1.0625],"tintindex":0,"rotation":0,"texture":"#0"},"west":{"uv":[4.5,0.8125,5.3125,1.0625],"tintindex":0,"rotation":0,"texture":"#0"},"up":{"uv":[4.5,0.8125,3.5625,0.0],"tintindex":0,"rotation":0,"texture":"#0"},"down":{"uv":[5.4375,0.0,4.5,0.8125],"tintindex":0,"rotation":0,"texture":"#0"}}},{"from":[6.24,6.2400017,4.1280003],"to":[9.76,9.76,6.24],"faces":{"east":{"uv":[7.6875,9.125,7.875,9.4375],"tintindex":0,"rotation":0,"texture":"#0"},"south":{"uv":[8.375,9.125,8.6875,9.4375],"tintindex":0,"rotation":0,"texture":"#0"},"north":{"uv":[7.875,9.125,8.1875,9.4375],"tintindex":0,"rotation":0,"texture":"#0"},"west":{"uv":[8.1875,9.125,8.375,9.4375],"tintindex":0,"rotation":0,"texture":"#0"},"up":{"uv":[8.1875,9.125,7.875,8.9375],"tintindex":0,"rotation":0,"texture":"#0"},"down":{"uv":[8.5,8.9375,8.1875,9.125],"tintindex":0,"rotation":0,"texture":"#0"}}},{"from":[3.4239998,1.6640015,5.5360003],"to":[12.576,10.816,12.576],"faces":{"east":{"uv":[2.75,1.6875,3.375,2.5],"tintindex":0,"rotation":0,"texture":"#0"},"south":{"uv":[4.8125,1.6875,5.625,2.5],"tintindex":0,"rotation":0,"texture":"#0"},"north":{"uv":[3.375,1.6875,4.1875,2.5],"tintindex":0,"rotation":0,"texture":"#0"},"west":{"uv":[4.1875,1.6875,4.8125,2.5],"tintindex":0,"rotation":0,"texture":"#0"},"up":{"uv":[4.1875,1.6875,3.375,1.0625],"tintindex":0,"rotation":0,"texture":"#0"},"down":{"uv":[5.0,1.0625,4.1875,1.6875],"tintindex":0,"rotation":0,"texture":"#0"}}},{"from":[2.0159998,7.2960014,12.752],"to":[3.4239998,8.704,13.456],"faces":{"east":{"uv":[3.1875,0.5625,3.25,0.6875],"tintindex":0,"rotation":0,"texture":"#0"},"south":{"uv":[3.4375,0.5625,3.5625,0.6875],"tintindex":0,"rotation":0,"texture":"#0"},"north":{"uv":[3.25,0.5625,3.375,0.6875],"tintindex":0,"rotation":0,"texture":"#0"},"west":{"uv":[3.375,0.5625,3.4375,0.6875],"tintindex":0,"rotation":0,"texture":"#0"},"up":{"uv":[3.375,0.5625,3.25,0.5],"tintindex":0,"rotation":0,"texture":"#0"},"down":{"uv":[3.5,0.5,3.375,0.5625],"tintindex":0,"rotation":0,"texture":"#0"}},"rotation":{"origin":[3.4239998,8.0,13.632],"angle":45.0,"axis":"y"}}],"display":{"gui":{"rotation":[30,225,0]}}}