{"textures":{"0":"modelengine:entity/miner_wrath_texture"},"elements":[{"from":[7.2959995,4.656,7.296],"to":[10.816,6.063999,8.704],"faces":{"east":{"uv":[8.875,8.1875,9.0,8.3125],"tintindex":0,"rotation":0,"texture":"#0"},"south":{"uv":[9.4375,8.1875,9.75,8.3125],"tintindex":0,"rotation":0,"texture":"#0"},"north":{"uv":[9.0,8.1875,9.3125,8.3125],"tintindex":0,"rotation":0,"texture":"#0"},"west":{"uv":[9.3125,8.1875,9.4375,8.3125],"tintindex":0,"rotation":0,"texture":"#0"},"up":{"uv":[9.3125,8.1875,9.0,8.0625],"tintindex":0,"rotation":0,"texture":"#0"},"down":{"uv":[9.625,8.0625,9.3125,8.1875],"tintindex":0,"rotation":0,"texture":"#0"}}},{"from":[7.2959995,6.063999,7.296],"to":[8.7039995,8.176001,8.704],"faces":{"east":{"uv":[0.0,5.6875,0.125,5.875],"tintindex":0,"rotation":0,"texture":"#0"},"south":{"uv":[0.375,5.6875,0.5,5.875],"tintindex":0,"rotation":0,"texture":"#0"},"north":{"uv":[0.125,5.6875,0.25,5.875],"tintindex":0,"rotation":0,"texture":"#0"},"west":{"uv":[0.25,5.6875,0.375,5.875],"tintindex":0,"rotation":0,"texture":"#0"},"up":{"uv":[0.25,5.6875,0.125,5.5625],"tintindex":0,"rotation":0,"texture":"#0"},"down":{"uv":[0.375,5.5625,0.25,5.6875],"tintindex":0,"rotation":0,"texture":"#0"}}}],"display":{"gui":{"rotation":[30,225,0]}}}