{"textures":{"0":"modelengine:entity/miner_wrath_texture"},"elements":[{"from":[7.2959995,5.8879986,7.296],"to":[8.7039995,8.0,8.704],"faces":{"east":{"uv":[5.0,1.1875,5.125,1.375],"tintindex":0,"rotation":0,"texture":"#0"},"south":{"uv":[5.375,1.1875,5.5,1.375],"tintindex":0,"rotation":0,"texture":"#0"},"north":{"uv":[5.125,1.1875,5.25,1.375],"tintindex":0,"rotation":0,"texture":"#0"},"west":{"uv":[5.25,1.1875,5.375,1.375],"tintindex":0,"rotation":0,"texture":"#0"},"up":{"uv":[5.25,1.1875,5.125,1.0625],"tintindex":0,"rotation":0,"texture":"#0"},"down":{"uv":[5.375,1.0625,5.25,1.1875],"tintindex":0,"rotation":0,"texture":"#0"}}},{"from":[7.2959995,4.4799995,7.296],"to":[10.816,5.8879986,8.704],"faces":{"east":{"uv":[8.0625,6.0625,8.1875,6.1875],"tintindex":0,"rotation":0,"texture":"#0"},"south":{"uv":[8.625,6.0625,8.9375,6.1875],"tintindex":0,"rotation":0,"texture":"#0"},"north":{"uv":[8.1875,6.0625,8.5,6.1875],"tintindex":0,"rotation":0,"texture":"#0"},"west":{"uv":[8.5,6.0625,8.625,6.1875],"tintindex":0,"rotation":0,"texture":"#0"},"up":{"uv":[8.5,6.0625,8.1875,5.9375],"tintindex":0,"rotation":0,"texture":"#0"},"down":{"uv":[8.8125,5.9375,8.5,6.0625],"tintindex":0,"rotation":0,"texture":"#0"}}}],"display":{"gui":{"rotation":[30,225,0]}}}