{"textures":{"0":"modelengine:entity/miner_wrath_texture"},"elements":[{"from":[5.184,5.5359993,2.5439997],"to":[8.0,8.352001,8.176001],"faces":{"east":{"uv":[7.75,5.6875,8.25,5.9375],"tintindex":0,"rotation":0,"texture":"#0"},"south":{"uv":[9.0,5.6875,9.25,5.9375],"tintindex":0,"rotation":0,"texture":"#0"},"north":{"uv":[8.25,5.6875,8.5,5.9375],"tintindex":0,"rotation":0,"texture":"#0"},"west":{"uv":[8.5,5.6875,9.0,5.9375],"tintindex":0,"rotation":0,"texture":"#0"},"up":{"uv":[8.5,5.6875,8.25,5.1875],"tintindex":0,"rotation":0,"texture":"#0"},"down":{"uv":[8.75,5.1875,8.5,5.6875],"tintindex":0,"rotation":0,"texture":"#0"}},"rotation":{"origin":[8.0,5.184002,2.5439997],"angle":22.5,"axis":"y"}},{"from":[3.776,8.352001,2.5439997],"to":[8.0,13.279999,8.176001],"faces":{"east":{"uv":[7.0,3.9375,7.5,4.375],"tintindex":0,"rotation":0,"texture":"#0"},"south":{"uv":[8.375,3.9375,8.75,4.375],"tintindex":0,"rotation":0,"texture":"#0"},"north":{"uv":[7.5,3.9375,7.875,4.375],"tintindex":0,"rotation":0,"texture":"#0"},"west":{"uv":[7.875,3.9375,8.375,4.375],"tintindex":0,"rotation":0,"texture":"#0"},"up":{"uv":[7.875,3.9375,7.5,3.4375],"tintindex":0,"rotation":0,"texture":"#0"},"down":{"uv":[8.25,3.4375,7.875,3.9375],"tintindex":0,"rotation":0,"texture":"#0"}},"rotation":{"origin":[8.0,11.52,2.5439997],"angle":22.5,"axis":"y"}},{"from":[4.832,9.056,4.832],"to":[6.24,11.872002,6.9440002],"faces":{"east":{"uv":[1.8125,0.1875,2.0,0.4375],"tintindex":0,"rotation":0,"texture":"#0"},"south":{"uv":[2.3125,0.1875,2.4375,0.4375],"tintindex":0,"rotation":0,"texture":"#0"},"north":{"uv":[2.0,0.1875,2.125,0.4375],"tintindex":0,"rotation":0,"texture":"#0"},"west":{"uv":[2.125,0.1875,2.3125,0.4375],"tintindex":0,"rotation":0,"texture":"#0"},"up":{"uv":[2.125,0.1875,2.0,0.0],"tintindex":0,"rotation":0,"texture":"#0"},"down":{"uv":[2.25,0.0,2.125,0.1875],"tintindex":0,"rotation":0,"texture":"#0"}},"rotation":{"origin":[4.832,10.816002,4.832],"angle":-45.0,"axis":"y"}},{"from":[6.24,6.9440002,4.1280003],"to":[9.76,10.464001,8.352],"faces":{"east":{"uv":[7.8125,4.75,8.1875,5.0625],"tintindex":0,"rotation":0,"texture":"#0"},"south":{"uv":[8.875,4.75,9.1875,5.0625],"tintindex":0,"rotation":0,"texture":"#0"},"north":{"uv":[8.1875,4.75,8.5,5.0625],"tintindex":0,"rotation":0,"texture":"#0"},"west":{"uv":[8.5,4.75,8.875,5.0625],"tintindex":0,"rotation":0,"texture":"#0"},"up":{"uv":[8.5,4.75,8.1875,4.375],"tintindex":0,"rotation":0,"texture":"#0"},"down":{"uv":[8.8125,4.375,8.5,4.75],"tintindex":0,"rotation":0,"texture":"#0"}}},{"from":[8.0,8.352001,2.5439997],"to":[12.224,13.279999,8.176001],"faces":{"east":{"uv":[6.5,7.375,7.0,7.8125],"tintindex":0,"rotation":0,"texture":"#0"},"south":{"uv":[7.875,7.375,8.25,7.8125],"tintindex":0,"rotation":0,"texture":"#0"},"north":{"uv":[7.0,7.375,7.375,7.8125],"tintindex":0,"rotation":0,"texture":"#0"},"west":{"uv":[7.375,7.375,7.875,7.8125],"tintindex":0,"rotation":0,"texture":"#0"},"up":{"uv":[7.375,7.375,7.0,6.875],"tintindex":0,"rotation":0,"texture":"#0"},"down":{"uv":[7.75,6.875,7.375,7.375],"tintindex":0,"rotation":0,"texture":"#0"}},"rotation":{"origin":[8.0,11.52,2.5439997],"angle":-22.5,"axis":"y"}},{"from":[4.47,4.118002,5.174],"to":[11.530001,11.882002,11.530001],"faces":{"east":{"uv":[0.0,0.5625,0.5625,1.25],"tintindex":0,"rotation":0,"texture":"#0"},"south":{"uv":[1.75,0.5625,2.375,1.25],"tintindex":0,"rotation":0,"texture":"#0"},"north":{"uv":[0.5625,0.5625,1.1875,1.25],"tintindex":0,"rotation":0,"texture":"#0"},"west":{"uv":[1.1875,0.5625,1.75,1.25],"tintindex":0,"rotation":0,"texture":"#0"},"up":{"uv":[1.1875,0.5625,0.5625,0.0],"tintindex":0,"rotation":0,"texture":"#0"},"down":{"uv":[1.8125,0.0,1.1875,0.5625],"tintindex":0,"rotation":0,"texture":"#0"}}},{"from":[8.0,5.5359993,2.5439997],"to":[10.816,8.352001,8.176001],"faces":{"east":{"uv":[7.75,7.8125,8.25,8.0625],"tintindex":0,"rotation":0,"texture":"#0"},"south":{"uv":[9.0,7.8125,9.25,8.0625],"tintindex":0,"rotation":0,"texture":"#0"},"north":{"uv":[8.25,7.8125,8.5,8.0625],"tintindex":0,"rotation":0,"texture":"#0"},"west":{"uv":[8.5,7.8125,9.0,8.0625],"tintindex":0,"rotation":0,"texture":"#0"},"up":{"uv":[8.5,7.8125,8.25,7.3125],"tintindex":0,"rotation":0,"texture":"#0"},"down":{"uv":[8.75,7.3125,8.5,7.8125],"tintindex":0,"rotation":0,"texture":"#0"}},"rotation":{"origin":[8.0,5.184002,2.5439997],"angle":-22.5,"axis":"y"}},{"from":[9.76,9.056,4.832],"to":[11.168,11.872002,6.9440002],"faces":{"east":{"uv":[0.0,2.8125,0.1875,3.0625],"tintindex":0,"rotation":0,"texture":"#0"},"south":{"uv":[0.5,2.8125,0.625,3.0625],"tintindex":0,"rotation":0,"texture":"#0"},"north":{"uv":[0.1875,2.8125,0.3125,3.0625],"tintindex":0,"rotation":0,"texture":"#0"},"west":{"uv":[0.3125,2.8125,0.5,3.0625],"tintindex":0,"rotation":0,"texture":"#0"},"up":{"uv":[0.3125,2.8125,0.1875,2.625],"tintindex":0,"rotation":0,"texture":"#0"},"down":{"uv":[0.4375,2.625,0.3125,2.8125],"tintindex":0,"rotation":0,"texture":"#0"}},"rotation":{"origin":[11.168,10.816002,4.832],"angle":45.0,"axis":"y"}}],"display":{"gui":{"rotation":[30,225,0]}}}