{"textures":{"0":"modelengine:entity/miner_wrath_texture"},"elements":[{"from":[7.296,7.208,7.648],"to":[8.704,8.615999,8.351999],"faces":{"east":{"uv":[2.6875,3.1875,2.75,3.3125],"tintindex":0,"rotation":0,"texture":"#0"},"south":{"uv":[2.9375,3.1875,3.0625,3.3125],"tintindex":0,"rotation":0,"texture":"#0"},"north":{"uv":[2.75,3.1875,2.875,3.3125],"tintindex":0,"rotation":0,"texture":"#0"},"west":{"uv":[2.875,3.1875,2.9375,3.3125],"tintindex":0,"rotation":0,"texture":"#0"},"up":{"uv":[2.875,3.1875,2.75,3.125],"tintindex":0,"rotation":0,"texture":"#0"},"down":{"uv":[3.0,3.125,2.875,3.1875],"tintindex":0,"rotation":0,"texture":"#0"}}},{"from":[5.888,-0.53600025,5.8879995],"to":[10.1119995,0.87199974,10.1119995],"faces":{"east":{"uv":[8.25,3.625,8.625,3.75],"tintindex":0,"rotation":0,"texture":"#0"},"south":{"uv":[9.375,3.625,9.75,3.75],"tintindex":0,"rotation":0,"texture":"#0"},"north":{"uv":[8.625,3.625,9.0,3.75],"tintindex":0,"rotation":0,"texture":"#0"},"west":{"uv":[9.0,3.625,9.375,3.75],"tintindex":0,"rotation":0,"texture":"#0"},"up":{"uv":[9.0,3.625,8.625,3.25],"tintindex":0,"rotation":0,"texture":"#0"},"down":{"uv":[9.375,3.25,9.0,3.625],"tintindex":0,"rotation":0,"texture":"#0"}}},{"from":[5.888,5.0960007,5.8879995],"to":[10.1119995,6.5039997,10.1119995],"faces":{"east":{"uv":[8.25,2.125,8.625,2.25],"tintindex":0,"rotation":0,"texture":"#0"},"south":{"uv":[9.375,2.125,9.75,2.25],"tintindex":0,"rotation":0,"texture":"#0"},"north":{"uv":[8.625,2.125,9.0,2.25],"tintindex":0,"rotation":0,"texture":"#0"},"west":{"uv":[9.0,2.125,9.375,2.25],"tintindex":0,"rotation":0,"texture":"#0"},"up":{"uv":[9.0,2.125,8.625,1.75],"tintindex":0,"rotation":0,"texture":"#0"},"down":{"uv":[9.375,1.75,9.0,2.125],"tintindex":0,"rotation":0,"texture":"#0"}}},{"from":[6.24,0.87199974,6.24],"to":[9.76,7.208,9.76],"faces":{"east":{"uv":[7.9375,8.375,8.25,8.9375],"tintindex":0,"rotation":0,"texture":"#0"},"south":{"uv":[8.875,8.375,9.1875,8.9375],"tintindex":0,"rotation":0,"texture":"#0"},"north":{"uv":[8.25,8.375,8.5625,8.9375],"tintindex":0,"rotation":0,"texture":"#0"},"west":{"uv":[8.5625,8.375,8.875,8.9375],"tintindex":0,"rotation":0,"texture":"#0"},"up":{"uv":[8.5625,8.375,8.25,8.0625],"tintindex":0,"rotation":0,"texture":"#0"},"down":{"uv":[8.875,8.0625,8.5625,8.375],"tintindex":0,"rotation":0,"texture":"#0"}}}],"display":{"gui":{"rotation":[30,225,0]}}}