{"textures":{"0":"modelengine:entity/miner_wrath_texture"},"elements":[{"from":[5.8879995,-0.8000002,4.1280003],"to":[12.9279995,7.6480007,11.872],"faces":{"east":{"uv":[2.625,4.9375,3.3125,5.6875],"tintindex":0,"rotation":0,"texture":"#0"},"south":{"uv":[4.625,4.9375,5.25,5.6875],"tintindex":0,"rotation":0,"texture":"#0"},"north":{"uv":[3.3125,4.9375,3.9375,5.6875],"tintindex":0,"rotation":0,"texture":"#0"},"west":{"uv":[3.9375,4.9375,4.625,5.6875],"tintindex":0,"rotation":0,"texture":"#0"},"up":{"uv":[3.9375,4.9375,3.3125,4.25],"tintindex":0,"rotation":0,"texture":"#0"},"down":{"uv":[4.5625,4.25,3.9375,4.9375],"tintindex":0,"rotation":0,"texture":"#0"}},"rotation":{"origin":[9.408,6.9440002,8.0],"angle":-22.5,"axis":"z"}},{"from":[5.184,3.4239998,3.776],"to":[11.52,8.351999,12.224],"faces":{"east":{"uv":[4.5,5.6875,5.25,6.125],"tintindex":0,"rotation":0,"texture":"#0"},"south":{"uv":[6.5625,5.6875,7.125,6.125],"tintindex":0,"rotation":0,"texture":"#0"},"north":{"uv":[5.25,5.6875,5.8125,6.125],"tintindex":0,"rotation":0,"texture":"#0"},"west":{"uv":[5.8125,5.6875,6.5625,6.125],"tintindex":0,"rotation":0,"texture":"#0"},"up":{"uv":[5.8125,5.6875,5.25,4.9375],"tintindex":0,"rotation":0,"texture":"#0"},"down":{"uv":[6.375,4.9375,5.8125,5.6875],"tintindex":0,"rotation":0,"texture":"#0"}},"rotation":{"origin":[9.408,6.9440002,8.0],"angle":-22.5,"axis":"z"}},{"from":[4.832,-2.9119997,4.832],"to":[11.168,4.8320007,11.168],"faces":{"east":{"uv":[0.0,1.8125,0.5625,2.5],"tintindex":0,"rotation":0,"texture":"#0"},"south":{"uv":[1.6875,1.8125,2.25,2.5],"tintindex":0,"rotation":0,"texture":"#0"},"north":{"uv":[0.5625,1.8125,1.125,2.5],"tintindex":0,"rotation":0,"texture":"#0"},"west":{"uv":[1.125,1.8125,1.6875,2.5],"tintindex":0,"rotation":0,"texture":"#0"},"up":{"uv":[1.125,1.8125,0.5625,1.25],"tintindex":0,"rotation":0,"texture":"#0"},"down":{"uv":[1.6875,1.25,1.125,1.8125],"tintindex":0,"rotation":0,"texture":"#0"}}}],"display":{"gui":{"rotation":[30,225,0]}}}