{"textures":{"0":"modelengine:entity/miner_wrath_texture"},"elements":[{"from":[2.368,8.352001,4.1280003],"to":[13.632,16.8,11.872],"faces":{"east":{"uv":[0.0,3.3125,0.6875,4.0625],"tintindex":0,"rotation":0,"texture":"#0"},"south":{"uv":[2.375,3.3125,3.375,4.0625],"tintindex":0,"rotation":0,"texture":"#0"},"north":{"uv":[0.6875,3.3125,1.6875,4.0625],"tintindex":0,"rotation":0,"texture":"#0"},"west":{"uv":[1.6875,3.3125,2.375,4.0625],"tintindex":0,"rotation":0,"texture":"#0"},"up":{"uv":[1.6875,3.3125,0.6875,2.625],"tintindex":0,"rotation":0,"texture":"#0"},"down":{"uv":[2.6875,2.625,1.6875,3.3125],"tintindex":0,"rotation":0,"texture":"#0"}}},{"from":[10.464,16.448002,3.2480001],"to":[11.168,18.560001,4.656],"faces":{"east":{"uv":[5.8125,0.5625,5.9375,0.75],"tintindex":0,"rotation":0,"texture":"#0"},"south":{"uv":[6.125,0.5625,6.1875,0.75],"tintindex":0,"rotation":0,"texture":"#0"},"north":{"uv":[5.9375,0.5625,6.0,0.75],"tintindex":0,"rotation":0,"texture":"#0"},"west":{"uv":[6.0,0.5625,6.125,0.75],"tintindex":0,"rotation":0,"texture":"#0"},"up":{"uv":[6.0,0.5625,5.9375,0.4375],"tintindex":0,"rotation":0,"texture":"#0"},"down":{"uv":[6.0625,0.4375,6.0,0.5625],"tintindex":0,"rotation":0,"texture":"#0"}}},{"from":[5.184,12.223999,2.7200003],"to":[5.888,14.335999,4.1280003],"faces":{"east":{"uv":[2.9375,4.375,3.0625,4.5625],"tintindex":0,"rotation":0,"texture":"#0"},"south":{"uv":[3.25,4.375,3.3125,4.5625],"tintindex":0,"rotation":0,"texture":"#0"},"north":{"uv":[3.0625,4.375,3.125,4.5625],"tintindex":0,"rotation":0,"texture":"#0"},"west":{"uv":[3.125,4.375,3.25,4.5625],"tintindex":0,"rotation":0,"texture":"#0"},"up":{"uv":[3.125,4.375,3.0625,4.25],"tintindex":0,"rotation":0,"texture":"#0"},"down":{"uv":[3.1875,4.25,3.125,4.375],"tintindex":0,"rotation":0,"texture":"#0"}},"rotation":{"origin":[5.5360003,13.984001,3.6],"angle":45.0,"axis":"z"}},{"from":[6.24,9.76,2.7200003],"to":[9.76,13.279999,4.1280003],"faces":{"east":{"uv":[8.6875,0.125,8.8125,0.4375],"tintindex":0,"rotation":0,"texture":"#0"},"south":{"uv":[9.25,0.125,9.5625,0.4375],"tintindex":0,"rotation":0,"texture":"#0"},"north":{"uv":[8.8125,0.125,9.125,0.4375],"tintindex":0,"rotation":0,"texture":"#0"},"west":{"uv":[9.125,0.125,9.25,0.4375],"tintindex":0,"rotation":0,"texture":"#0"},"up":{"uv":[9.125,0.125,8.8125,0.0],"tintindex":0,"rotation":0,"texture":"#0"},"down":{"uv":[9.4375,0.0,9.125,0.125],"tintindex":0,"rotation":0,"texture":"#0"}},"rotation":{"origin":[8.0,11.52,3.4239998],"angle":45.0,"axis":"z"}},{"from":[10.464,14.863998,2.368],"to":[11.168,16.976002,3.776],"faces":{"east":{"uv":[5.625,2.0625,5.75,2.25],"tintindex":0,"rotation":0,"texture":"#0"},"south":{"uv":[5.9375,2.0625,6.0,2.25],"tintindex":0,"rotation":0,"texture":"#0"},"north":{"uv":[5.75,2.0625,5.8125,2.25],"tintindex":0,"rotation":0,"texture":"#0"},"west":{"uv":[5.8125,2.0625,5.9375,2.25],"tintindex":0,"rotation":0,"texture":"#0"},"up":{"uv":[5.8125,2.0625,5.75,1.9375],"tintindex":0,"rotation":0,"texture":"#0"},"down":{"uv":[5.875,1.9375,5.8125,2.0625],"tintindex":0,"rotation":0,"texture":"#0"}}},{"from":[4.832,14.863998,2.368],"to":[5.5360003,16.976002,3.776],"faces":{"east":{"uv":[1.9375,4.1875,2.0625,4.375],"tintindex":0,"rotation":0,"texture":"#0"},"south":{"uv":[2.25,4.1875,2.3125,4.375],"tintindex":0,"rotation":0,"texture":"#0"},"north":{"uv":[2.0625,4.1875,2.125,4.375],"tintindex":0,"rotation":0,"texture":"#0"},"west":{"uv":[2.125,4.1875,2.25,4.375],"tintindex":0,"rotation":0,"texture":"#0"},"up":{"uv":[2.125,4.1875,2.0625,4.0625],"tintindex":0,"rotation":0,"texture":"#0"},"down":{"uv":[2.1875,4.0625,2.125,4.1875],"tintindex":0,"rotation":0,"texture":"#0"}}},{"from":[4.48,17.152,2.192],"to":[5.888,17.855999,4.304],"faces":{"east":{"uv":[2.75,0.6875,2.9375,0.75],"tintindex":0,"rotation":0,"texture":"#0"},"south":{"uv":[3.25,0.6875,3.375,0.75],"tintindex":0,"rotation":0,"texture":"#0"},"north":{"uv":[2.9375,0.6875,3.0625,0.75],"tintindex":0,"rotation":0,"texture":"#0"},"west":{"uv":[3.0625,0.6875,3.25,0.75],"tintindex":0,"rotation":0,"texture":"#0"},"up":{"uv":[3.0625,0.6875,2.9375,0.5],"tintindex":0,"rotation":0,"texture":"#0"},"down":{"uv":[3.1875,0.5,3.0625,0.6875],"tintindex":0,"rotation":0,"texture":"#0"}},"rotation":{"origin":[5.184,17.504002,3.9519997],"angle":-45.0,"axis":"x"}},{"from":[10.1119995,17.152,2.192],"to":[11.52,17.855999,4.304],"faces":{"east":{"uv":[2.75,1.25,2.9375,1.3125],"tintindex":0,"rotation":0,"texture":"#0"},"south":{"uv":[3.25,1.25,3.375,1.3125],"tintindex":0,"rotation":0,"texture":"#0"},"north":{"uv":[2.9375,1.25,3.0625,1.3125],"tintindex":0,"rotation":0,"texture":"#0"},"west":{"uv":[3.0625,1.25,3.25,1.3125],"tintindex":0,"rotation":0,"texture":"#0"},"up":{"uv":[3.0625,1.25,2.9375,1.0625],"tintindex":0,"rotation":0,"texture":"#0"},"down":{"uv":[3.1875,1.0625,3.0625,1.25],"tintindex":0,"rotation":0,"texture":"#0"}},"rotation":{"origin":[10.816,17.504002,3.9519997],"angle":-45.0,"axis":"x"}},{"from":[10.1119995,12.223999,2.7200003],"to":[10.816,14.335999,4.1280003],"faces":{"east":{"uv":[4.5625,4.6875,4.6875,4.875],"tintindex":0,"rotation":0,"texture":"#0"},"south":{"uv":[4.875,4.6875,4.9375,4.875],"tintindex":0,"rotation":0,"texture":"#0"},"north":{"uv":[4.6875,4.6875,4.75,4.875],"tintindex":0,"rotation":0,"texture":"#0"},"west":{"uv":[4.75,4.6875,4.875,4.875],"tintindex":0,"rotation":0,"texture":"#0"},"up":{"uv":[4.75,4.6875,4.6875,4.5625],"tintindex":0,"rotation":0,"texture":"#0"},"down":{"uv":[4.8125,4.5625,4.75,4.6875],"tintindex":0,"rotation":0,"texture":"#0"}},"rotation":{"origin":[10.464,13.984001,3.6],"angle":-45.0,"axis":"z"}},{"from":[4.656,13.456001,2.896],"to":[6.064,15.568001,3.6],"faces":{"east":{"uv":[1.9375,4.4375,2.0,4.625],"tintindex":0,"rotation":0,"texture":"#0"},"south":{"uv":[2.1875,4.4375,2.3125,4.625],"tintindex":0,"rotation":0,"texture":"#0"},"north":{"uv":[2.0,4.4375,2.125,4.625],"tintindex":0,"rotation":0,"texture":"#0"},"west":{"uv":[2.125,4.4375,2.1875,4.625],"tintindex":0,"rotation":0,"texture":"#0"},"up":{"uv":[2.125,4.4375,2.0,4.375],"tintindex":0,"rotation":0,"texture":"#0"},"down":{"uv":[2.25,4.375,2.125,4.4375],"tintindex":0,"rotation":0,"texture":"#0"}}},{"from":[9.936,13.456001,2.896],"to":[11.344,15.568001,3.6],"faces":{"east":{"uv":[5.4375,0.625,5.5,0.8125],"tintindex":0,"rotation":0,"texture":"#0"},"south":{"uv":[5.6875,0.625,5.8125,0.8125],"tintindex":0,"rotation":0,"texture":"#0"},"north":{"uv":[5.5,0.625,5.625,0.8125],"tintindex":0,"rotation":0,"texture":"#0"},"west":{"uv":[5.625,0.625,5.6875,0.8125],"tintindex":0,"rotation":0,"texture":"#0"},"up":{"uv":[5.625,0.625,5.5,0.5625],"tintindex":0,"rotation":0,"texture":"#0"},"down":{"uv":[5.75,0.5625,5.625,0.625],"tintindex":0,"rotation":0,"texture":"#0"}}},{"from":[4.1280003,16.8,4.48],"to":[11.872,20.32,11.52],"faces":{"east":{"uv":[5.0,4.5625,5.625,4.875],"tintindex":0,"rotation":0,"texture":"#0"},"south":{"uv":[6.9375,4.5625,7.625,4.875],"tintindex":0,"rotation":0,"texture":"#0"},"north":{"uv":[5.625,4.5625,6.3125,4.875],"tintindex":0,"rotation":0,"texture":"#0"},"west":{"uv":[6.3125,4.5625,6.9375,4.875],"tintindex":0,"rotation":0,"texture":"#0"},"up":{"uv":[6.3125,4.5625,5.625,3.9375],"tintindex":0,"rotation":0,"texture":"#0"},"down":{"uv":[7.0,3.9375,6.3125,4.5625],"tintindex":0,"rotation":0,"texture":"#0"}},"rotation":{"origin":[8.0,17.152,10.816],"angle":-22.5,"axis":"x"}},{"from":[4.832,16.448002,3.2480001],"to":[5.5360003,18.560001,4.656],"faces":{"east":{"uv":[2.6875,2.75,2.8125,2.9375],"tintindex":0,"rotation":0,"texture":"#0"},"south":{"uv":[3.0,2.75,3.0625,2.9375],"tintindex":0,"rotation":0,"texture":"#0"},"north":{"uv":[2.8125,2.75,2.875,2.9375],"tintindex":0,"rotation":0,"texture":"#0"},"west":{"uv":[2.875,2.75,3.0,2.9375],"tintindex":0,"rotation":0,"texture":"#0"},"up":{"uv":[2.875,2.75,2.8125,2.625],"tintindex":0,"rotation":0,"texture":"#0"},"down":{"uv":[2.9375,2.625,2.875,2.75],"tintindex":0,"rotation":0,"texture":"#0"}}}],"display":{"gui":{"rotation":[30,225,0]}}}