{"textures":{"0":"modelengine:entity/vampire"},"elements":[{"from":[8.2,3.7,4.7],"to":[15.8,9.3,12.3],"faces":{"east":{"uv":[1.3125,1.4375,1.75,1.75],"tintindex":0,"rotation":0,"texture":"#0"},"south":{"uv":[0.875,1.75,1.3125,2.0625],"tintindex":0,"rotation":0,"texture":"#0"},"north":{"uv":[0.875,1.4375,1.3125,1.75],"tintindex":0,"rotation":0,"texture":"#0"},"west":{"uv":[1.3125,1.75,1.75,2.0625],"tintindex":0,"rotation":0,"texture":"#0"},"up":{"uv":[1.4375,0.9375,1.0,0.5],"tintindex":0,"rotation":0,"texture":"#0"},"down":{"uv":[1.875,0.375,1.4375,0.8125],"tintindex":0,"rotation":0,"texture":"#0"}}},{"from":[8.910848,0.06567687,5.7],"to":[14.510848,5.665677,11.3],"faces":{"east":{"uv":[1.625,1.125,1.9375,1.4375],"tintindex":0,"rotation":0,"texture":"#0"},"south":{"uv":[1.75,1.5,2.0625,1.8125],"tintindex":0,"rotation":0,"texture":"#0"},"north":{"uv":[1.625,0.8125,1.9375,1.125],"tintindex":0,"rotation":0,"texture":"#0"},"west":{"uv":[1.75,1.8125,2.0625,2.125],"tintindex":0,"rotation":0,"texture":"#0"},"up":{"uv":[1.1875,2.375,0.875,2.0625],"tintindex":0,"rotation":0,"texture":"#0"},"down":{"uv":[1.5,2.0625,1.1875,2.375],"tintindex":0,"rotation":0,"texture":"#0"}}},{"from":[9.110847,-7.234323,6.4],"to":[13.310848,6.965677,10.6],"faces":{"east":{"uv":[4.8125,3.8125,5.0625,4.6875],"tintindex":0,"rotation":0,"texture":"#0"},"south":{"uv":[4.8125,4.6875,5.0625,5.5625],"tintindex":0,"rotation":0,"texture":"#0"},"north":{"uv":[2.9375,4.8125,3.1875,5.6875],"tintindex":0,"rotation":0,"texture":"#0"},"west":{"uv":[4.875,2.8125,5.125,3.6875],"tintindex":0,"rotation":0,"texture":"#0"},"up":{"uv":[5.875,3.625,5.625,3.375],"tintindex":0,"rotation":0,"texture":"#0"},"down":{"uv":[5.25,6.375,5.0,6.625],"tintindex":0,"rotation":0,"texture":"#0"}}}],"display":{"gui":{"rotation":[30,225,0]}}}